mile,elevation_ft,lat,lon
0.0,6231.95558,39.195617048,-120.236340983
0.02616599764161294,6235.633401640001,39.1952271,-120.2362525
0.046862614856612486,6242.18195828,39.1949216,-120.2363383
0.07620829033569629,6262.713455,39.1946617,-120.2367889
0.12101954135945199,6295.101907480001,39.1943,-120.2375265
0.17292059205494392,6327.72986128,39.1942397,-120.2384948
0.22543968641838283,6368.67146364,39.1936182,-120.2391305
0.254107911273346,6383.50086044,39.1933105,-120.2394872
0.27526556577218364,6392.20492896,39.1930923,-120.2392163
0.33927128244332394,6417.90046784,39.1932253,-120.2379798
0.3569490753260498,6435.77448416,39.1930569,-120.2377518
0.3967127749503981,6472.23117824,39.1926121,-120.2382695
0.4579044541480072,6525.80073376,39.1919219,-120.239058
0.5272864960434508,6574.64259884,39.1912962,-120.240139
0.6023535375763222,6621.817797199999,39.1910592,-120.2415793
0.655284654245321,6653.64522604,39.190766915,-120.242546567
0.8163397533423565,6761.702972280001,39.1894668,-120.245211
0.8971747237763359,6828.638669960001,39.1891467,-120.2467372
0.9729786862964527,6857.9070436,39.1882195,-120.2475955
1.03472414876983,6881.059931480001,39.187444,-120.2482714
1.121428762890408,6949.5080964,39.1863048,-120.2491244
1.196521921906413,7042.621616439999,39.1853796,-120.2499773
1.2349236091509053,7084.15377,39.185101,-120.2506157
1.2843429717706965,7135.45954592,39.1853214,-120.2515223
1.3854605499975674,7223.63212092,39.1865376,-120.2527319
1.4213763701003606,7280.31191276,39.1866623,-120.2533891
1.5102150740796532,7390.413622319999,39.1860989,-120.2549609
1.5328999422803329,7394.586850799999,39.1862902,-120.2553203
1.5792019441902858,7411.7128356,39.1864191,-120.2562027
1.6203175308153517,7435.37097284,39.1869326,-120.2566453
1.6352354293977593,7446.98842728,39.186864,-120.2569001
1.6585159810931922,7465.351288759999,39.1865147,-120.2568921
1.6698943859554194,7477.126223519999,39.1864752,-120.2570771
1.6970096441032698,7499.55404576,39.1868494,-120.2572917
1.718865914114926,7502.874255840001,39.1871571,-120.2573212
1.7304195994622489,7513.169531760001,39.187312736,-120.257217763
1.766589030245301,7529.5212383200005,39.187787,-120.256876
1.79326228734275,7550.2266195600005,39.1879554,-120.2564066
1.8126114943364418,7569.882132000001,39.1882028,-120.2565005
1.852178291190034,7604.73121448,39.1884253,-120.2571898
1.8934417950710336,7641.72268548,39.1880448,-120.2578281
1.9438680473404066,7683.94709628,39.1879658,-120.2587911
1.9915810667668352,7723.47793744,39.1879596,-120.2597272
2.0765314459461446,7798.92085324,39.1886935,-120.2610361
2.1290754340068654,7850.9845032,39.1892153,-120.2618112
2.16696381169353,7885.210226079999,39.1897828,-120.2618568
2.2144836514826385,7910.321775439999,39.1904813,-120.2620473
2.2809215677208905,7941.473351240001,39.1909262,-120.2632006
2.305977901954901,7965.92545176,39.1907744,-120.2636485
2.3305073854683225,7989.34736852,39.1910031,-120.263898
2.4080504505743945,8031.689889560001,39.1918533,-120.2628573
2.4650630046015016,8037.6839842399995,39.1927118,-120.2629565
2.5117064430007336,8044.271910959999,39.1933417,-120.2633642
2.549500930938886,8052.729916480001,39.1938676,-120.2636378
2.5870214670359295,8074.55078332,39.194036,-120.2643245
2.63899354309519,8110.81390784,39.1942564,-120.2653008
2.686371977493211,8141.96876448,39.1943166,-120.2662235
2.739740577554225,8168.97007768,39.1942584,-120.2672615
2.790676876041388,8185.24960576,39.1942584,-120.2682593
2.81978038844501,8212.985827120001,39.1942356,-120.2688145
2.839721163377182,8227.1656176,39.1941046,-120.2691658
2.865109498829851,8240.777822760001,39.1939487,-120.2695843
2.923586459602466,8279.32441192,39.1934103,-120.2704694
2.995114399871625,8324.308009159999,39.1928033,-120.2716147
3.033339185480568,8351.70958484,39.1924624,-120.2722209
3.0551242827478915,8372.20499232,39.1924769,-120.2726339
3.0735821569168227,8413.10066292,39.192360734,-120.272955874
3.082464685135932,8431.33557164,39.1923314,-120.2731167
3.09834853595476,8465.147908680001,39.1922649,-120.273385
3.113954360597716,8497.93006196,39.1923231,-120.2736746
3.1255281048889265,8518.41234608,39.1922316,-120.2738517
3.1402926343219666,8528.47140152,39.1923169,-120.2740582
3.1563383063272905,8545.86969604,39.192319,-120.2743291
3.1874687581726158,8578.81917216,39.1921048,-120.2748441
3.266241935342984,8632.3985702,39.1913336,-120.2759921
3.337019549757075,8693.64857216,39.1904813,-120.2768182
3.3735941997919943,8677.848046719999,39.1904875,-120.2773788
3.401326955693896,8662.2870226,39.1908867,-120.2775021
3.4610883494970035,8643.392665039999,39.1917909,-120.2774861
3.4940611705987727,8626.525866599999,39.1922878,-120.2774136
3.54278237449878,8589.9445006,39.1930133,-120.2775719
3.564010077005851,8579.71156064,39.1933209,-120.2776658
3.611928349776132,8533.49436756,39.1939716,-120.2780842
3.636471111602076,8506.49305436,39.1942834,-120.278339
3.6708137815653603,8471.335572920001,39.1945141,-120.2789398
3.6968757936562864,8445.42677944,39.1944996,-120.2794307
3.7226901924835665,8427.74305184,39.1945515,-120.2799242
3.7839727515583244,8416.93268404,39.194643,-120.2811124
3.8316392644907538,8407.47402232,39.1945328,-120.2820002
3.8509249851695166,8394.03242084,39.1943208,-120.2822443
3.8631001138290126,8394.8165416,39.1942751,-120.2824535
3.8726399962032687,8403.32047888,39.1942584,-120.2826359
3.9034786065407547,8410.023235,39.1939924,-120.2830811
3.9525752472102718,8394.18990116,39.1938531,-120.2840226
3.994228235530183,8381.78504512,39.1939071,-120.2848299
4.011686602224224,8364.882157439999,39.1938136,-120.2851384
4.034584037454799,8352.857878840001,39.1938967,-120.2855434
4.060754001654292,8343.57310164,39.1939778,-120.2860423
4.083532883660696,8336.73911192,39.1940568,-120.2864741
4.107728673585358,8325.52848164,39.1942044,-120.2868845
4.128291881128333,8313.30735264,39.1942501,-120.2872815
4.1712858082003,8307.21483276,39.1944746,-120.288062
4.198652752328769,8312.72336312,39.1946638,-120.2885287
4.22415007047936,8322.67087,39.1949174,-120.2888881
4.259190046479203,8305.3152264,39.1950005,-120.2895211
4.298293584398765,8284.85590816,39.1950484,-120.2902802
4.331565600104063,8278.04160348,39.1951565,-120.2909078
4.352588221161905,8275.35787636,39.1951731,-120.2913102
4.380535504714787,8231.36181196,39.1948821,-120.2917044
4.410121241857478,8197.6380576,39.1946368,-120.2921872
4.4399676588390715,8184.3342514,39.1944829,-120.2927291
4.458716053118335,8175.2660096399995,39.1944143,-120.2930804
4.480548036433175,8165.456298040001,39.1943478,-120.2934854
4.5090102506978,8146.9162712,39.194248,-120.2940058
4.539987161604129,8127.1492102,39.1943977,-120.2945288
4.573654320090962,8110.820469519999,39.1945765,-120.2951028
4.597761710745589,8102.191860319999,39.1945578,-120.2955695
4.634118315895507,8109.531099399999,39.1949174,-120.2960872
4.647374559663754,8126.6669267199995,39.1950588,-120.2960845
4.658902019577701,8138.47466988,39.1951814,-120.2961998
4.70115218660657,8139.403147599999,39.1954745,-120.2969133
4.7228236611200005,8167.21810912,39.1957156,-120.2971145
4.7382385925812045,8185.0265086399995,39.1958778,-120.2973129
4.753830612554422,8211.2371394,39.1960981,-120.2972995
4.772116091016225,8227.00485644,39.1963247,-120.2974766
4.7928387021885746,8236.18464676,39.1965263,-120.2977796
4.82437974273696,8226.88018452,39.1965492,-120.2983858
4.878371610035816,8222.250919279999,39.1968132,-120.2993756
4.95873403005908,8195.2266402,39.1969753,-120.3009312
4.978902746566386,8162.62493312,39.196755,-120.3011968
5.0066527518377235,8145.653147800001,39.1966697,-120.3017091
5.029767714307501,8138.02191396,39.1966344,-120.3021436
5.050444108410152,8114.74435416,39.1965471,-120.3025245
5.076104983133194,8097.02125648,39.1965138,-120.3030153
5.0921948436579445,8080.479261199999,39.1964619,-120.3032943
5.1078867063442175,8053.330310200001,39.1962893,-120.3034337
5.1292127161463705,8019.849337999999,39.1961916,-120.3038173
5.147561759385126,8005.21351076,39.1962207,-120.304166
5.18480239789038,7960.71547784,39.1960669,-120.3048392
5.212238306629806,7961.5160028,39.1962207,-120.3053274
5.23010937210835,7975.2463182,39.1963933,-120.3055473
5.2518972651735565,7943.77978176,39.1962852,-120.3059041
5.263937759086772,7930.095398119999,39.1962602,-120.3061347
5.279574479398363,7909.55077804,39.1961833,-120.306403
5.2974296917415575,7895.403795959999,39.1960815,-120.3067168
5.323995706833284,7903.848678119999,39.1961896,-120.3072022
5.355710478645499,7898.648546719999,39.1962083,-120.3078218
5.377143389934944,7880.7121944400005,39.1962311,-120.3082322
5.4063143504766975,7855.58424088,39.1962166,-120.3087928
5.423160730144038,7844.05864996,39.1962852,-120.3091066
5.446822389647406,7844.682009560001,39.1964203,-120.3095277
5.482118009848957,7798.75681124,39.1963891,-120.3102117
5.51182173591899,7811.6636358,39.1966344,-120.3106623
5.5315509195499475,7801.78502656,39.1966947,-120.3110351
5.566086660236349,7798.874921480001,39.1968173,-120.3116413
5.598499117635062,7786.171509,39.1968028,-120.3122689
5.6301265825272555,7766.325707839999,39.1966801,-120.3128295
5.654188538845697,7736.19447328,39.1963953,-120.3131112
5.672790253744228,7723.74696632,39.196308,-120.3134545
5.685091513424356,7717.359170840001,39.1962727,-120.3136798
5.696415218415746,7711.4241312799995,39.1962769,-120.3138729
5.714816699714148,7716.899853239999,39.1964411,-120.3141223
5.73790028402393,7720.6432916799995,39.196676,-120.3144281
5.749004578591005,7714.022556559999,39.1967217,-120.3146266
5.762179139301458,7702.8709814,39.1966157,-120.3148331
5.78081393570013,7686.3388286399995,39.1965388,-120.3151443
5.800437376134125,7665.817174440001,39.1963891,-120.3154688
5.814616508294382,7653.061268519999,39.1964182,-120.3157317
5.839847051311393,7637.42478508,39.1961542,-120.3160267
5.857549358582663,7628.8289842799995,39.1960981,-120.3163405
5.873017016937966,7620.49565068,39.1960752,-120.3166409
5.888818388621544,7610.30536164,39.1962291,-120.3168233
5.908866362983098,7590.13803816,39.1963205,-120.3171908
5.930559528273169,7569.993680559999,39.1965284,-120.317518
5.956565774384141,7545.61703936,39.1968028,-120.3178399
5.9813770324957405,7536.42084484,39.1971748,-120.3178748
6.00960705915104,7513.64197272,39.197537855,-120.318157027
6.032987578028726,7514.783705039999,39.1978483,-120.3183737
6.0537173353730624,7489.570449639999,39.1977693,-120.3186848
6.078622384300373,7450.51533028,39.1976363,-120.3191354
6.093232174506551,7436.32569728,39.19768,-120.3194036
6.108001941023113,7441.1026003199995,39.1978255,-120.3196101
6.129218181317224,7428.20233744,39.197867,-120.3200125
6.160543466980869,7412.250893359999,39.1979107,-120.3206213
6.182014450396051,7401.93921324,39.1979481,-120.321029
6.19912623738872,7391.033701079999,39.1979814,-120.3213563
6.234899444951794,7381.23055116,39.19821,-120.3219893
6.257701185948341,7401.56847832,39.1985426,-120.3220939
6.275056347130151,7411.532389399999,39.1987608,-120.3222736
6.301617218840171,7432.483833639999,39.1990893,-120.3225445
6.331502976942347,7452.549451079999,39.1994177,-120.3229468
6.346004214638971,7473.0153310000005,39.1995756,-120.323089
6.35420216903794,7485.40378284,39.1996567,-120.3231426
6.367374234483995,7497.28042364,39.1997066,-120.3229119
6.377465287302312,7509.27517468,39.1998001,-120.3230246
6.403150349104495,7532.7627082399995,39.200087,-120.3233626
6.425060038762575,7532.805359159999,39.2001535,-120.3237756
6.4357864750988165,7548.09079272,39.2002824,-120.3238883
6.448550613001404,7559.301422999999,39.2003406,-120.3240868
6.4649910394487815,7577.52977004,39.2004923,-120.3243308
6.505395221207937,7572.060609759999,39.20059,-120.3251114
6.529316961363392,7578.6091664000005,39.2006274,-120.3255647
6.567055112085708,7576.60129232,39.2007105,-120.3262862
6.600333936981999,7576.073077079999,39.2007833,-120.3269299
6.666050337440573,7589.02255256,39.2010202,-120.3281476
6.69980719311226,7579.1341008,39.2010618,-120.328794
6.7297158895040265,7576.1879064800005,39.2010597,-120.3293653
6.767614734987384,7569.501554560001,39.2008727,-120.330052
6.79975671016954,7553.57307636,39.2007188,-120.3306367
6.839056029822827,7543.881475,39.2006399,-120.3313877
6.886361922690377,7554.18659344,39.2008976,-120.3322487
6.921702185277983,7561.6603469599995,39.2011533,-120.3328361
6.978569671542973,7575.315203040001,39.2016147,-120.3337695
7.026082921114262,7573.11047856,39.2018122,-120.3346547
7.073586136493405,7563.4648089600005,39.2017955,-120.3355854
7.110190237259859,7573.4844943200005,39.2020013,-120.3362479
7.132416350324505,7577.9628409199995,39.2020491,-120.3366341
7.147326711311737,7577.26074116,39.2021406,-120.3368863
7.181813002852675,7571.112447,39.2026373,-120.3367629
7.2192663418723075,7562.63803728,39.2032006,-120.3366797
7.246003391437968,7557.81848332,39.2029366,-120.3370177
7.258262468400962,7552.657722000001,39.2030655,-120.3371008
7.296367821083257,7546.141973759999,39.203635,-120.3369775
7.337580215273719,7537.155752999999,39.2042502,-120.3368889
7.3917201547308,7529.357196319999,39.2050691,-120.336905
7.440029037072972,7517.874256319999,39.2057674,-120.3371733
7.4833106078554685,7510.078980480001,39.206418,-120.3372618
7.518416812394858,7497.28370448,39.2068066,-120.3377204
7.568078843082524,7482.00811344,39.2074863,-120.3380879
7.58765222116639,7476.20102664,39.2077751,-120.3381308
7.598694778734983,7471.9654622,39.2076338,-120.3382435
7.619320896280798,7464.52451708,39.2073449,-120.3383883
7.637348750326266,7459.0389526,39.2070831,-120.3384527
7.660036730223352,7449.78370296,39.2073948,-120.3386297
7.698288898703765,7436.6636238,39.2079684,-120.3386082
7.7334231019242505,7424.74105124,39.2075237,-120.3389623
7.768596044646228,7413.93724512,39.2070477,-120.339252
7.791102399940481,7405.190525679999,39.206948,-120.3393834
7.813607934539151,7394.74433112,39.2072639,-120.3395256
7.8622860874779885,7376.03041976,39.2080017,-120.3394934
7.884755396599992,7371.758766079999,39.2077232,-120.339665
7.895785656517809,7364.255485,39.2077128,-120.3397777
7.919768712607404,7353.08094396,39.2080058,-120.3398394
7.952910237507332,7349.18986772,39.2075361,-120.3400298
7.976952441148619,7339.29813512,39.2078604,-120.3401827
8.000419439630384,7334.49498536,39.2075154,-120.3402444
8.021517596687522,7320.70889568,39.2072535,-120.3403704
8.054935240602472,7303.330286199999,39.2076754,-120.3407165
8.077364158262208,7289.99039076,39.2079331,-120.3409874
8.093295632300453,7285.000233119999,39.208143,-120.3408532
8.111825167869902,7275.403776120001,39.2080204,-120.3411563
8.132787359470232,7270.390652599999,39.2077502,-120.3413441
8.151681484022681,7268.40902524,39.2074883,-120.3412153
8.160447315665627,7262.487109040001,39.2074675,-120.3413119
8.19753379271257,7250.28238424,39.2079102,-120.3417357
8.213999120317709,7245.84340772,39.2081201,-120.3415828
8.228169936653668,7245.54813212,39.2082511,-120.3413951
8.267281093167602,7233.018604159999,39.2079352,-120.3420361
8.303415255000221,7223.1399949199995,39.2073907,-120.342079
8.315368711425625,7217.0934068,39.207293,-120.3420897
8.350594760327786,7206.36834084,39.2075632,-120.3426771
8.361184982516669,7202.913616319999,39.2076712,-120.3428247
8.380600643965627,7196.335532120001,39.2074488,-120.3428917
8.407771493843853,7185.89918008,39.2070893,-120.3426423
8.422611146180556,7176.401148280001,39.2068939,-120.3427442
8.46037809481568,7162.788943119999,39.2071558,-120.3433611
8.521378455231021,7158.349966599999,39.2080516,-120.3433262
8.53800939797286,7161.581593999999,39.2082719,-120.3433692
8.575138709579742,7153.832249919999,39.208222,-120.3440719
8.593641676232735,7149.12096368,39.2082656,-120.3444125
8.627213476153825,7142.1754254,39.2087042,-120.3447398
8.638038931280397,7137.20167196,39.2085919,-120.34478
8.651606279753484,7137.92017592,39.2083945,-120.3447827
8.661798118594595,7133.78303668,39.2084319,-120.3449356
8.676207116861837,7131.2502282,39.2086397,-120.3449275
8.691902230513687,7122.408364399999,39.2087457,-120.3451475
8.704618690290804,7122.93657964,39.208567,-120.3450885
8.7334748662417,7117.76925664,39.2081929,-120.3453701
8.751816405740495,7115.34143504,39.2079373,-120.3452413
8.783395283478582,7111.18461076,39.2077024,-120.3447183
8.789295635640414,7107.07371824,39.2076401,-120.3446968
8.81572258760901,7098.06125076,39.2076317,-120.3452118
8.831406846030653,7090.1741114,39.2076504,-120.3455122
8.885471780221021,7068.70757528,39.2083404,-120.3460862
8.920923471507352,7055.63014704,39.2088476,-120.3462901
8.965316900086147,7054.04878216,39.2093526,-120.3468185
8.993382497179947,7043.924109919999,39.2095438,-120.347304
9.014200181565187,7039.6163670000005,39.2098202,-120.3474649
9.028049581057445,7029.6754218,39.2097495,-120.347709
9.044939619895372,7015.4693846,39.2097184,-120.3480335
9.078893113724357,6996.870302640001,39.210107,-120.3484063
9.14115521718503,6975.44641744,39.2109632,-120.3488838
9.173853547438387,6976.32568256,39.2114495,-120.3489374
9.192366239898412,6970.931981599999,39.211728,-120.3489428
9.208148523415002,6961.38801804,39.2119525,-120.3489642
9.228063011550317,6957.30337224,39.2122206,-120.3488006
9.246157311002356,6962.27712568,39.2124014,-120.3485995
9.260252019181783,6969.6360497999995,39.2125655,-120.3484385
9.275654396581343,6964.606522079999,39.2127484,-120.3486156
9.294138135822038,6946.60127216,39.2129458,-120.3488596
9.324184774488268,6940.19379164,39.2133968,-120.3488114
9.341640553845748,6934.08486756,39.2136462,-120.3488006
9.370706999022268,6927.644578639999,39.214041,-120.3486826
9.453143161600332,6924.46872552,39.2152277,-120.3482964
9.526241701509415,6916.63736044,39.2161399,-120.3475024
9.562701768816773,6917.49694052,39.2166761,-120.3474273
9.591673858105665,6910.331585959999,39.2170958,-120.3474354
9.642133236594706,6915.02974884,39.2178273,-120.3476714
9.664717915993915,6922.283686079999,39.2179894,-120.347886
9.685867460875313,6926.017282000001,39.2180871,-120.3482669
9.701160988557943,6926.0500904,39.218139,-120.3485539
9.726220585065983,6932.9103268399995,39.2182201,-120.3490152
9.750759615928803,6938.235130159999,39.2182118,-120.3494792
9.797679492511907,6938.63867348,39.2180663,-120.3503644
9.825633908461894,6942.011377000001,39.2183094,-120.3508069
9.849407042049659,6946.348647479999,39.2186627,-120.3507989
9.900878187297982,6958.34011768,39.2194336,-120.3506621
9.928592550810944,6952.71675792,39.2197225,-120.3510403
9.970965274783941,6963.799435439999,39.2203479,-120.3508525
10.037211944749595,6970.6203018,39.2212996,-120.350469
10.099100067734282,6979.19641756,39.2222014,-120.3504958
10.161906050533585,6985.69904244,39.2229204,-120.3512951
10.199726531195662,6992.654423239999,39.2232944,-120.3518557
10.226902646131181,6992.82502692,39.2233505,-120.3523733
10.3,7007.83486992,39.2239053,-120.3536045
10.335027119432317,7019.104555319999,39.2237245,-120.3541758
10.34759213120014,7027.680671079999,39.2237287,-120.3544038
10.37461509734884,7051.607837199999,39.2237952,-120.3549027
10.416071588358855,7078.100620200001,39.2236622,-120.355651
10.45931526422393,7078.5435336,39.2235542,-120.3564583
10.492838574992044,7041.10258752,39.2237557,-120.3570323
10.545456384826426,7023.90442424,39.2236165,-120.3579926
10.591700949723284,7010.69904324,39.2235895,-120.3588696
10.659890974653552,7061.80140708,39.2235791,-120.3601598
10.698392167921067,7099.94445292,39.2237183,-120.3608598
10.715359983097823,7113.087497959999,39.223683,-120.3611737
10.760349570706916,7134.89852228,39.2236601,-120.3620239
10.782441508294205,7144.56387692,39.2238534,-120.3623377
10.800152194054283,7149.93789284,39.2237619,-120.3626489
10.828908415186746,7170.259415799999,39.2236684,-120.3631773
10.844609027090787,7180.738418759999,39.223577,-120.3634455
10.867021754911857,7202.24104412,39.2235895,-120.3638693
10.885093216603492,7223.8355329999995,39.2235479,-120.3642046
10.917395192813657,7260.73185964,39.223309,-120.3647303
10.94211920355057,7293.999577239999,39.2234586,-120.3651433
10.97040338512206,7320.58094292,39.2234066,-120.365669
10.983370682165171,7330.6399983599995,39.223444,-120.3659051
11.004403091808696,7346.164933239999,39.2235417,-120.3662618
11.056438611621294,7348.835537000001,39.2235791,-120.3672328
11.075298286085335,7343.07110112,39.2235375,-120.3675841
11.106137375917974,7335.023200600001,39.2234669,-120.3681501
11.126699198756189,7330.2823868,39.2234503,-120.368539
11.166505056153285,7326.51926332,39.22339,-120.3692847
11.198718000262959,7315.89918424,39.2232342,-120.3698452
11.236846211758404,7297.84800256,39.2231261,-120.3705077
11.275235590306297,7284.85587616,39.2227604,-120.3710388
11.303891894590858,7279.793540039999,39.222457,-120.3714143
11.34119473324484,7282.66755588,39.2219417,-120.3716075
11.370441086578076,7271.975298320001,39.2215926,-120.3719266
11.407764900868884,7255.6695235199995,39.2211687,-120.3723638
11.42320543961165,7248.41558628,39.2210274,-120.372573
11.439614288482609,7244.90180664,39.2210066,-120.3728788
11.496025205788785,7227.848000319999,39.2205162,-120.3737344
11.515896938134352,7222.854561839999,39.2203292,-120.3740188
11.542426953069116,7224.71479812,39.2200508,-120.3743379
11.5607834045164,7217.155742760001,39.2200965,-120.3746625
11.581248595330875,7208.763354040001,39.2200155,-120.3750273
11.626773458635196,7191.80797292,39.2197848,-120.3758266
11.664422261922917,7179.2292323599995,39.2195708,-120.3764703
11.695525042551365,7178.85193576,39.2192549,-120.376886
11.728196453611023,7187.48710664,39.2189411,-120.377342
11.800950052836228,7238.74366996,39.2183115,-120.3784471
11.817651375498704,7250.58422152,39.2181993,-120.3787126
11.837793129960811,7256.05994348,39.2180601,-120.3789943
11.860270780808765,7241.666898400001,39.2178377,-120.3793081
11.882446920480332,7244.501544159999,39.2175863,-120.3795709
11.905701346425673,7248.02516632,39.2173681,-120.3798821
11.920629185236551,7243.27779084,39.2172351,-120.3800886
11.94343654354943,7271.758762879999,39.2170169,-120.3804024
11.973031932924123,7291.23710996,39.2166782,-120.380735
11.991434861070813,7294.2489210799995,39.2164433,-120.3809013
12.02500340440823,7308.317163,39.2160817,-120.3812849
12.044209370921848,7327.877531079999,39.2158407,-120.3814565
12.060640347018332,7339.06847632,39.2156807,-120.3816818
12.073741955457992,7346.000891240001,39.2155435,-120.3818454
12.1012079818388,7344.31782032,39.2153627,-120.3823028
12.123387087186174,7354.855878400001,39.2152339,-120.3826742
12.145646252388795,7358.064539919999,39.2151258,-120.3830632
12.195865006025677,7335.502203239999,39.2151986,-120.3840019
12.23129224386929,7318.225299799999,39.2153669,-120.3846242
12.268956831534089,7296.21414424,39.2156121,-120.3852223
12.30403388042314,7293.035010279999,39.2156994,-120.3858634
12.3324650579731,7302.8283176800005,39.2157493,-120.3863891
12.355548511581118,7316.93592968,39.2158885,-120.3867807
12.388376973189152,7329.38999832,39.2160797,-120.3873493
12.41467051576012,7318.32700584,39.2162542,-120.3877892
12.447572783735803,7300.98120476,39.2160568,-120.3883418
12.4717202159527,7289.790259519999,39.2158594,-120.3887173
12.496633822328649,7274.777135679999,39.2158116,-120.3891598
12.54032787328414,7261.18133472,39.2155269,-120.3898813
12.570522522320486,7263.1399962,39.2154188,-120.3904258
12.603085782029876,7272.7462957200005,39.2154064,-120.3910213
12.640950879471392,7279.823067599999,39.215502,-120.3917294
12.680163384185779,7287.25745104,39.2154625,-120.3924616
12.717185487600196,7314.40640204,39.2154853,-120.393159
12.742627911341108,7341.4602086800005,39.2153981,-120.3936257
12.769740542809565,7331.09603512,39.2150489,-120.3938296
12.790885533481191,7312.418212999999,39.214785,-120.3939476
12.82509153456847,7289.54419652,39.2147601,-120.3945886
12.838587277715634,7281.51598104,39.2147975,-120.3948247
12.848014738329423,7271.23382848,39.214706,-120.3948488
12.867895322933716,7256.7751665999995,39.2145211,-120.3947361
12.894749876293416,7239.7968196,39.2144858,-120.3949829
12.921017699093452,7222.9103361200005,39.2141969,-120.3946557
12.939902040494845,7204.48513868,39.2140016,-120.3945967
12.962509582097415,7189.51138492,39.2140722,-120.3950124
13.018083413191606,7165.9910429599995,39.2135173,-120.3943365
13.055987054579356,7141.082905679999,39.2129916,-120.3944304
13.076529049286451,7132.95298416,39.212711,-120.3944813
13.09702896602406,7125.613745080001,39.2124679,-120.3946905
13.118903457276444,7127.132774,39.2121624,-120.3947549
13.159172406270095,7116.3552146,39.2116013,-120.3948381
13.18075150302259,7095.59405908,39.2112978,-120.3949158
13.219312219363983,7072.155738119999,39.2107637,-120.3946825
13.25812511376606,7061.24694512,39.2103585,-120.3941648
13.285137684379702,7039.79025152,39.2100862,-120.393851
13.296308332226305,7032.6839520799995,39.2100156,-120.3936633
13.31779037865953,7012.08355772,39.2097578,-120.3934728
13.338243742900481,6989.24234964,39.2095438,-120.3932743
13.348413671980715,6976.90967208,39.209444,-120.3931402
13.37276943511026,6965.797467,39.2091842,-120.393438
13.396461876037737,6960.80074768,39.2089535,-120.3937705
13.42271845914719,6961.65704692,39.2087125,-120.3941487
13.45771326223959,6982.55927856,39.2083488,-120.3946074
13.501485249543736,7006.7587544,39.2079144,-120.3952109
13.528792270936805,6997.87752052,39.2076567,-120.3956052
13.559595704241326,6997.20166748,39.2075694,-120.3961738
13.586370856416826,6990.065840480001,39.207505,-120.3966646
13.607417141849318,6978.70429156,39.2073262,-120.3969812
13.631864058506304,6968.176076000001,39.2073138,-120.3974398
13.652411650817278,6954.25219104,39.207135,-120.3977456
13.689332101418007,6943.25153452,39.2071516,-120.3984242
13.728004370145909,6955.51531444,39.2069106,-120.3990518
13.742743170201363,6959.58683688,39.2067879,-120.3992664
13.779977094114745,6966.591430279999,39.2065094,-120.3998565
13.794723292019748,6967.62817572,39.2064429,-120.4001167
13.811520337564128,6973.7338189600005,39.2062455,-120.4002964
13.84774159943916,6977.129488359999,39.2061436,-120.4009696
13.900986258911717,7008.1170221600005,39.2056905,-120.4017635
13.917647836003562,7019.86899104,39.2055638,-120.4020264
13.951779176086202,7041.59799436,39.2052998,-120.4025628
13.979364757724872,7064.11439928,39.2049714,-120.4028418
13.994475131687112,7067.080278639999,39.2048176,-120.4030268
14.00607825648542,7066.87686656,39.204735685,-120.403217096
14.058573390771489,7099.947733759999,39.2041109,-120.4037886
14.073728236107929,7108.28106736,39.2039467,-120.4039603
14.107328135512724,7116.02056892,39.2034708,-120.4040622
14.14579298097003,7138.62227568,39.2029387,-120.4038583
14.18094565627144,7170.39721108,39.2024315,-120.403794
14.204050699644243,7189.527789119999,39.2021011,-120.4038154
14.230009414675267,7207.762697839999,39.2020325,-120.4042473
14.25150535169819,7224.65246216,39.2021198,-120.4046308
14.268828517575118,7238.46479856,39.2022362,-120.4048239
14.286235581014925,7252.76269928,39.2024606,-120.4047461
14.313794806544776,7272.59537708,39.2026477,-120.4051994
14.329521663081092,7284.35390764,39.2027537,-120.4054462
14.35686212584141,7288.2712306,39.2024897,-120.4058351
14.414501124163216,7262.296820319999,39.2016854,-120.4061624
14.449009109639725,7254.85259436,39.2012717,-120.4065084
14.50798387855298,7237.9529875200005,39.2004673,-120.4069026
14.547721980399219,7236.25679324,39.2000059,-120.4073506
14.626683833217484,7248.7928828799995,39.1992348,-120.408398
14.66192127810617,7254.8722794,39.1987775,-120.4087091
14.696249200796005,7273.779760319999,39.1984158,-120.4091597
14.718756972059191,7286.6144064,39.1981331,-120.4093207
14.754458844144061,7314.22923668,39.1976758,-120.4096532
14.78315153492066,7325.554696360001,39.1972975,-120.4098732
14.81206980666541,7346.57831908,39.1972809,-120.4103989
14.841696878052606,7357.39524856,39.1972185,-120.4109139
14.868285170235529,7367.77254548,39.1971312,-120.4113913
14.91343805068745,7368.894592760001,39.1968152,-120.4120833
14.950829272766029,7363.31060308,39.1965783,-120.4127163
14.991550687983418,7318.92411872,39.1960046,-120.4128934
15.021260694049612,7306.26335716,39.1956429,-120.4132045
15.050850928871498,7290.886060080001,39.1952396,-120.413403
15.096484167568255,7306.41755664,39.1945827,-120.4135371
15.138698789347913,7331.932649320001,39.1940132,-120.4137946
15.205716704489138,7337.959552400001,39.1933854,-120.4147655
15.271614058919512,7325.35456512,39.1926162,-120.4155005
15.320389891869056,7330.029762120001,39.1920092,-120.415994
15.377357740544431,7352.75285996,39.1912525,-120.4164017
15.420200101299143,7325.60062812,39.1906289,-120.4164285
15.454746159904762,7295.60062716,39.1901258,-120.4164929
15.512004531457865,7260.1773976800005,39.1895437,-120.4172761
15.534722793823933,7254.764011679999,39.1894024,-120.4176623
15.553825392534222,7251.25023204,39.1892859,-120.417952
15.598063854973924,7234.35390604,39.1892444,-120.4171259
15.620049322426294,7225.8532496,39.1892402,-120.4167182
15.63405760073403,7220.935270439999,39.1892693,-120.4164607
15.667957792854374,7201.361779,39.1889201,-120.4167987
15.691682143765888,7193.477920480001,39.1887413,-120.4171688
15.726106136294103,7181.322408280001,39.1884918,-120.4177321
15.755513901634204,7168.30075432,39.1883962,-120.4172171
15.783695200415682,7148.21873268,39.1881966,-120.4167557
15.8,7138.159677239999,39.1879721,-120.4166592
15.830182852502414,7133.2515406,39.1875646,-120.4165418
15.86414983335133,7137.513351760001,39.1870948,-120.4165633
15.904666489854934,7153.189205279999,39.1865542,-120.416747
15.935055653196187,7161.20757824,39.1861696,-120.4169375
15.970726444841553,7175.853247999999,39.1856956,-120.4169147
15.993052923512714,7183.60587292,39.1854389,-120.4168717
16.030861573639612,7189.23579436,39.184916,-120.4167873
16.047234783077098,7196.1616476,39.1847091,-120.4166692
16.096859041387525,7202.368996880001,39.184021,-120.4166692
16.121551829826945,7210.1216218,39.1836852,-120.416621
16.152307975594347,7221.4142730799995,39.1832663,-120.4166223
16.183105368842917,7212.62818356,39.1828515,-120.4167537
16.221709145491314,7193.559941480001,39.1823349,-120.4168878
16.241173242909916,7181.1518046,39.1820771,-120.4167926
16.272364256996006,7163.48776204,39.1816695,-120.4169898
16.320554766687366,7135.01991336,39.1810146,-120.417081
16.35629596184491,7113.52384968,39.180551,-120.4171198
16.373487245121012,7103.68789136,39.1803379,-120.4170112
16.403902703184354,7095.64327168,39.1799241,-120.4170756
16.453809670080595,7101.15836372,39.1792858,-120.4174256
16.508214836669254,7119.04222256,39.1786932,-120.4178943
16.525301357132616,7122.94642216,39.1784895,-120.4180124
16.547262730169333,7127.966107359999,39.1781922,-120.4180875
16.577702387744445,7128.458233359999,39.1778158,-120.4182806
16.603245604891537,7124.09143532,39.177479,-120.4181518
16.632574222430915,7129.08815464,39.1771276,-120.4183718
16.65539447234442,7128.87818088,39.1769321,-120.4186534
16.67618344123639,7119.82634332,39.1767908,-120.4189565
16.692277370379387,7111.302721,39.1766119,-120.4191013
16.7358843827568,7089.47201164,39.1760651,-120.4193695
16.77194124732035,7073.986446839999,39.1756077,-120.4196351
16.81133102734056,7060.935265319999,39.1750712,-120.4197638
16.833216504698687,7054.1504882,39.1747926,-120.4196109
16.87144755145088,7049.58683976,39.1742707,-120.4196968
16.90048683547954,7030.87620924,39.1738839,-120.4198336
16.944608222254004,7003.835525959999,39.1734805,-120.4204317
16.968900383294446,6986.71610284,39.1732518,-120.4207509
16.98122387088422,6977.733162920001,39.1732955,-120.4209601
17.00708166480088,6967.841430319999,39.1729524,-120.4210567
17.02848175153194,6956.263345959999,39.1726696,-120.4211747
17.07302642199504,6950.13801768,39.1721934,-120.4216843
17.096129324595616,6956.85389716,39.1719314,-120.421856
17.137401741103172,6978.284344040001,39.1713783,-120.4220223
17.183166896453415,6987.6642656,39.1707503,-120.4221322
17.2122734999747,6962.15245376,39.1703573,-120.4220035
17.231945429834724,6940.43985464,39.1702408,-120.4217138
17.244992458129463,6933.149828160001,39.1700953,-120.4217621
17.273890280066603,6930.160982920001,39.1698707,-120.4221751
17.31109374530528,6907.9037643599995,39.1694797,-120.422548
17.350877837795903,6892.49693972,39.1689723,-120.4226016
17.388024639737818,6895.30205792,39.1684774,-120.4227009
17.41657940975658,6914.0094076,39.1680865,-120.4227545
17.434324663412582,6930.315182400001,39.1678411,-120.4227625
17.46087062933527,6957.368989040001,39.1674855,-120.4228886
17.49223926258474,6966.2666271200005,39.1671112,-120.4231783
17.5112523339435,6966.837493280001,39.1669386,-120.4234116
17.541431188817075,6966.6012728000005,39.1665476,-120.4235645
17.57805751549646,6974.593399040001,39.1660797,-120.4238086
17.605141774336232,6988.4680714,39.1658156,-120.4241439
17.639134457056873,7000.239725319999,39.165433,-120.4244416
17.668938891078533,7023.29090716,39.1651813,-120.4248359
17.689953943757654,7038.17935908,39.1649651,-120.4249807
17.709136327652775,7050.79418888,39.1647841,-120.4252141
17.72409393329004,7059.01925476,39.1647238,-120.4254635
17.737697371005083,7061.493008119999,39.1646427,-120.4256191
17.757205336319544,7061.95560656,39.1644868,-120.4258793
17.774323402859515,7054.05862468,39.1642642,-120.4259597
17.80195114978127,7035.23972644,39.1639793,-120.4262843
17.832839991921535,7010.69904324,39.1636133,-120.4264881
17.85267706662328,6995.40048632,39.1634012,-120.4267161
17.87190391822603,6981.23053836,39.1631496,-120.4268154
17.901047651695134,6963.540249080001,39.1628522,-120.427156
17.928317258732466,6954.895235679999,39.1624903,-120.4272955
17.98115497974699,6961.13211252,39.1618622,-120.4277059
18.01192773774798,6962.79221756,39.1615087,-120.4280009
18.0313678020974,6959.52450092,39.1613007,-120.4282074
18.04820777733916,6951.45035368,39.1612217,-120.428481
18.06259155245614,6951.38801772,39.1610366,-120.4285642
18.07886825667855,6944.71807,39.1609326,-120.4288002
18.102048722554187,6936.16492012,39.1608141,-120.4291757
18.12706552895968,6930.50547112,39.1605936,-120.4295163
18.168429126685723,6938.182636719999,39.1604855,-120.4302325
18.20538197437162,6956.21085252,39.160369,-120.4308548
18.227253220058834,6968.47463244,39.1603191,-120.431233
18.249250511414868,6977.191824320001,39.1602005,-120.4315816
18.276345304403304,6977.05730988,39.1601319,-120.4320484
18.293487931404584,6970.121614119999,39.1599884,-120.432279
18.31772089616526,6957.4805375999995,39.1596785,-120.4323783
18.33886308384608,6942.9332930400005,39.1595246,-120.4326733
18.352084358085953,6934.77384396,39.1594269,-120.4328074
18.36915007410571,6925.61045784,39.159196,-120.4328637
18.402572335656572,6912.8742369599995,39.158778,-120.4330649
18.43289844375571,6910.50547048,39.1583932,-120.4332875
18.445253072463938,6911.515969200001,39.1582352,-120.4332312
18.465400320495135,6904.7607196399995,39.1579627,-120.4333063
18.4960706019087,6899.74431528,39.1577048,-120.4337408
18.512565134892043,6895.34470884,39.1575218,-120.4339125
18.53252487181397,6890.11504988,39.1573658,-120.4341807
18.556995679892704,6888.376204680001,39.1570434,-120.4342934
18.574770891196977,6888.03827816,39.1569623,-120.4345884
18.590242401809608,6884.3014014,39.1568812,-120.4348378
18.623486539597717,6898.989722079999,39.1565588,-120.4352643
18.674680580864102,6919.65901408,39.1560326,-120.4358893
18.71162642204409,6913.85520812,39.1555875,-120.4362219
18.777839608768055,6917.46741296,39.1548679,-120.4369407
18.79674376612359,6923.99628456,39.1546495,-120.4371258
18.813571949250562,6932.86767592,39.1544249,-120.4370694
18.855074138064328,6951.115707999999,39.153855,-120.4371794
18.87419909494504,6952.31977628,39.1536262,-120.4373511
18.89854230720204,6936.7128204,39.1532934,-120.4373028
18.922663277452244,6924.71806936,39.1531603,-120.4369058
18.940204031602143,6915.918856480001,39.1529606,-120.4370158
18.966055388924143,6901.873580439999,39.1527505,-120.4373699
18.9974808568989,6888.94707084,39.1526985,-120.4379251
19.05414417789783,6865.01334304,39.1526777,-120.4389309
19.07520949677818,6854.93460256,39.1524552,-120.4388799
19.09525069852818,6846.9457571600005,39.1522714,-120.4386144
19.155289369539794,6824.5901134000005,39.1517347,-120.4377829
19.197399835920255,6809.77055912,39.1512272,-120.4374074
19.230657422102926,6789.1996923199995,39.1507738,-120.437402
19.255054971324846,6791.086175319999,39.1505575,-120.4370829
19.27331778361621,6782.437881079999,39.1503203,-120.4370748
19.29306671773596,6772.5231826,39.1500478,-120.4370614
19.31105629774121,6764.03236868,39.1498274,-120.4371875
19.334833334092004,6758.5468042,39.149507,-120.4371311
19.356053013696776,6753.33683028,39.1492408,-120.4370775
19.37133346606465,6749.15704012,39.1491347,-120.436871
19.43388490753701,6729.25218384,39.1482923,-120.4365974
19.461758288558592,6727.309926559999,39.1479595,-120.4363452
19.485317905169033,6734.64260396,39.1476558,-120.4363131
19.507525443665365,6740.9090083599995,39.147429,-120.4360556
19.51759350800138,6745.67278804,39.1473001,-120.4360717
19.529216903590967,6750.2594023599995,39.1471649,-120.4359617
19.539316150863353,6757.49365456,39.1470317,-120.4359832
19.586874106093063,6778.330269399999,39.1464222,-120.4356774
19.616958443048766,6794.98709408,39.1460125,-120.4355674
19.679952108117813,6817.58552,39.14517,-120.4358866
19.691491065216294,6829.435914080001,39.1450618,-120.4358678
19.744584099769266,6842.17213496,39.1456734,-120.4353314
19.77660225202238,6852.01465496,39.1458169,-120.4347869
19.811546453274328,6860.68591508,39.1456963,-120.4342022
19.846279888660014,6870.04943244,39.1452261,-120.4340815
19.871737507190435,6880.174104680001,39.144885,-120.4342075
19.9161423374998,6904.86898736,39.1454466,-120.4344731
19.939969878002927,6916.1222685600005,39.1453718,-120.4348298
19.961279653977428,6921.97200628,39.1451409,-120.4350712
19.990417260146955,6940.62358168,39.1447477,-120.4350524
20.024787292430407,6952.26728284,39.1442921,-120.4352026
20.056569897298765,6956.9063906,39.1439156,-120.4354279
20.088226462641153,6937.2869674,39.1435557,-120.4357525
20.10970341491977,6927.81190148,39.1432728,-120.4358705
20.12514489952334,6916.141953599999,39.1430773,-120.435959
20.145864336012483,6903.858488639999,39.1428963,-120.4362004
20.162659519840936,6894.30468256,39.1426945,-120.4362648
20.17833621733748,6890.49562732,39.1425967,-120.4364955
20.199104032748792,6886.8768608,39.1423929,-120.4367449
20.22504998627488,6881.614393440001,39.1421266,-120.4370373
20.242778713506965,6877.962818519999,39.1419415,-120.4372438
20.264909705316487,6869.69182088,39.1418957,-120.4375737
20.290438546451437,6857.98250292,39.1417376,-120.4379734
20.33340807078942,6862.723316719999,39.1413423,-120.4385447
20.352717090434226,6874.360456199999,39.1410927,-120.438668
20.379369386900134,6882.96938036,39.1408327,-120.4390114
20.407637149179276,6887.58880308,39.1407453,-120.4394968
20.43723963592099,6892.33289772,39.1405456,-120.4399501
20.46321362370382,6898.39917088,39.1404041,-120.4403552
20.500795733030802,6908.18263576,39.140348,-120.4409989
20.539532991664093,6934.271875439999,39.1401212,-120.4416292
20.56413635689685,6937.22791228,39.140219,-120.4420289
20.584149516966097,6938.481193160001,39.1401399,-120.4423695
20.60163011550964,6928.799434320001,39.140142,-120.4426779
20.620503724136025,6917.34602188,39.1398986,-120.4427826
20.64083502572946,6899.265312640001,39.1397779,-120.4430991
20.665222746679497,6886.43066656,39.139547,-120.4433995
20.69620429009756,6869.30140092,39.1393327,-120.4438313
20.78170967326174,6841.5684604,39.1388418,-120.4452368
20.824918038733333,6821.066491240001,39.1387544,-120.4460039
20.85781971949012,6823.983157999999,39.1385006,-120.4464947
20.890981776450154,6832.670822319999,39.1383695,-120.4470499
20.91997525766465,6837.743000959999,39.1382967,-120.4475569
20.95351225070229,6858.8092746,39.1381677,-120.4481121
20.975238255686875,6872.94313332,39.1381136,-120.4483803
20.997384284114055,6885.9254172,39.1379222,-120.4486432
21.046847006320117,6893.9437901599995,39.1373897,-120.4491608
21.0656801990859,6886.0632124799995,39.1372773,-120.4494666
21.086655392030753,6884.632766240001,39.1369944,-120.4494586
21.129313162956585,6876.86373712,39.1364077,-120.4494076
21.16329494703845,6855.078959519999,39.1359895,-120.4496758
21.215568931887915,6854.04221408,39.1352988,-120.4497885
21.26724919405727,6853.03827704,39.1347142,-120.4502874
21.31995016431388,6858.35979952,39.1341545,-120.4508962
21.34257703977341,6854.56714848,39.133909,-120.4511403
21.37567857772696,6848.6452322800005,39.1335554,-120.4514702
21.399496604868055,6844.4227912,39.1333244,-120.4517411
21.436478280745064,6838.740376319999,39.132927,-120.4521622
21.46903215419688,6832.6937882,39.1326815,-120.4525941
21.49831900684113,6818.937226079999,39.1325463,-120.4530903
21.529359832811004,6807.336175840001,39.13228,-120.4535114
21.5580955858795,6797.5067792,39.1320844,-120.4539218
21.581635143289827,6794.41294708,39.1320886,-120.4543348
21.60720401876899,6792.47397064,39.1321635,-120.4547774
21.634461306611332,6784.33092576,39.1321864,-120.4552629
21.66170671627845,6779.757434799999,39.1320407,-120.4557081
21.689416059357423,6776.571739159999,39.1320137,-120.4561882
21.711071927466303,6769.275151,39.1322633,-120.4563921
21.72706657695484,6770.10192268,39.132255,-120.456663
21.74839962991153,6773.41229024,39.1320907,-120.4569688
21.767991832383277,6776.952316599999,39.1320345,-120.4573067
21.794490533882175,6780.370951880001,39.1319929,-120.4577681
21.821927582531938,6776.1419491199995,39.132051833,-120.458257178
21.832741091366408,6773.04483616,39.132067071,-120.458446858
21.846275830904947,6770.31189644,39.132190462,-120.458632269
21.868526218348734,6762.42475708,39.131957438,-120.458728828
21.878886353251445,6758.23840524,39.131827674,-120.458670469
21.90094582115631,6751.26990108,39.131566289,-120.458492794
21.93548612874946,6740.708877120001,39.131175137,-120.458149471
21.95062171705967,6735.69903444,39.131066946,-120.457934894
21.97660582112439,6727.2082205199995,39.131033656,-120.458396234
21.998523767079295,6719.87554312,39.131175137,-120.458739557
22.018467780552093,6712.18197332,39.13135823,-120.458997049
22.023260084742102,6709.27842992,39.131391519,-120.459072151
22.036093202762853,6700.72528004,39.131225072,-120.459050693
22.064033896362613,6692.59863936,39.130858886,-120.458911218
22.08464337455568,6691.85060784,39.13066747,-120.458696642
22.101358463654364,6680.57436076,39.13060089,-120.458857574
22.134837618681455,6675.68590916,39.130978642,-120.459192258
22.152133958157506,6673.80598784,39.131191782,-120.459340372
22.179708724891768,6657.6773784,39.131491387,-120.459651508
22.210860537250266,6652.067142,39.131083591,-120.459490576
22.23977825337245,6644.35388716,39.130692437,-120.459394016
22.251666637766156,6638.697719,39.130525988,-120.459394016
22.26640416483159,6644.376853039999,39.130379034,-120.459233502
22.296184925491243,6631.483151840001,39.1300309,-120.4589429
22.310042410250983,6624.38013324,39.1300517,-120.4591682
22.344055170614503,6609.65244248,39.1303492,-120.4596349
22.365905221341276,6597.79876756,39.1305448,-120.4597985
22.424214613724864,6570.17081392,39.1297541,-120.4599058
22.44518542653334,6556.2994223999995,39.1294649,-120.459895
22.45926472177352,6548.43524892,39.1293442,-120.4598682
22.47954092877022,6542.20493376,39.1294587,-120.4602008
22.51179082604994,6532.81845052,39.1298915,-120.4603457
22.56972580302497,6522.11963128,39.1306592,-120.4606246
22.589950901832392,6516.55860748,39.1308693,-120.460858
22.597027792786843,6507.247583560001,39.1308048,-120.460917
22.64906782663247,6498.05795072,39.1301203,-120.4606192
22.723809352503626,6482.4149056,39.1291611,-120.461145
22.74683379480539,6473.5500759199995,39.1289052,-120.4613837
22.768578765699633,6470.69246428,39.1286555,-120.4615956
22.79959111128523,6460.03629596,39.1283226,-120.4619013
22.826722820129763,6449.92146624,39.1281936,-120.4623493
22.84910390114084,6439.60978612,39.1280958,-120.4627275
22.874756825633842,6432.52645256,39.1280459,-120.4631432
22.895758997655285,6425.22002188,39.1279731,-120.4634973
22.909691424365143,6421.096006000001,39.1279876,-120.463744
22.93045095327953,6414.081570079999,39.1279856,-120.4641007
22.947195015123505,6407.752829720001,39.1279003,-120.4643663
22.964449976010247,6402.2967928,39.1278586,-120.4646613
22.981546823800464,6394.99364296,39.1277525,-120.4649027
23.000416367614555,6387.17868208,39.1276235,-120.4651844
23.015902927444717,6383.92080796,39.127713,-120.465407
23.033270804730247,6376.75873424,39.1277359,-120.4656672
23.062730122709855,6367.58222476,39.1276506,-120.4661607
23.097494124459576,6359.98051848,39.127867,-120.466681
23.14778350487303,6361.64062352,39.1280688,-120.4675313
23.1899121520514,6355.96477032,39.1280168,-120.4682662
23.24256188653442,6341.89324756,39.1276589,-120.469095
23.275152190382755,6335.20689564,39.1274862,-120.4696341
23.296705853730927,6331.0500713599995,39.1273967,-120.4699855
23.32341026497136,6328.7075516,39.1273343,-120.4704495
23.379748488808886,6285.25938748,39.1277484,-120.4712971
23.419320052467857,6274.928022319999,39.1278441,-120.4719891
23.457188851525615,6271.36503008,39.1279585,-120.4726463
23.485713620651506,6256.512667399999,39.1279606,-120.4731425
23.531385698383897,6242.06712888,39.1275486,-120.4737647
23.564802995986778,6219.80991032,39.1272303,-120.4741778
23.600223348727326,6191.93917452,39.1268828,-120.4746043
23.629490304320026,6170.38077488,39.1265748,-120.4749369
23.70334794530933,6145.95820192,39.1257758,-120.4757791
23.744855190229497,6137.52316228,39.125341,-120.4762646
23.770043335377043,6134.09796532,39.1249955,-120.4763397
23.788926524098237,6122.58549776,39.124852,-120.4766106
23.80970922152841,6108.33024796,39.1246044,-120.4767849
23.849061379441487,6080.43654628,39.1242694,-120.4773294
23.878159310229258,6057.8414012,39.1240654,-120.477772
23.90755671357209,6028.694418640001,39.1238615,-120.4782172
23.938945840696785,6012.83155724,39.1239219,-120.4787644
23.969216464993284,6004.4949428,39.1236638,-120.4783567
23.981971441304587,5992.53956184,39.1235348,-120.4782923
24.004855871218417,5981.18129376,39.1235161,-120.4787027
24.026789678241318,5966.20754,39.1233101,-120.4784935
24.072210395209233,5938.4516336,39.1232289,-120.4792928
24.10059107900124,5908.671448919999,39.123102,-120.479738
24.126347885119245,5882.23115936,39.1227774,-120.4799258
24.15004572743021,5862.2147545200005,39.1224861,-120.4801243
24.213556385568417,5866.1780092399995,39.1216017,-120.4802128
24.248452147737733,5859.16029248,39.1211273,-120.4803227
24.315135555903836,5814.537587639999,39.1202138,-120.4802584
24.343168713285866,5783.2350932,39.1198309,-120.4803576
24.37930005928646,5757.4476908,39.1193502,-120.4803925
24.4,5741.9883727199995,39.1191795,-120.4806875
24.417942345819082,5720.20687596,39.1192961,-120.4809423
24.449135291755912,5718.5697368,39.1197122,-120.4810362
24.51452924949627,5727.96278172,39.12058,-120.4815432
24.54896258141609,5734.2193436,39.1210378,-120.4817336
24.596948045892443,5747.10320228,39.1217266,-120.481578
24.660029162175007,5758.06448872,39.1226026,-120.481224
24.704468363828408,5763.42538128,39.1232206,-120.4814198
24.801058277337415,5787.51330856,39.1243942,-120.4824095
24.859572508428517,5802.5100282,39.1251225,-120.4819804
24.903816995822414,5815.01330944,39.1253368,-120.4812025
24.964221913186947,5824.49821788,39.1256468,-120.4801457
24.98024414287003,5835.19375628,39.1257779,-120.4799446
25.011167532225773,5845.47590884,39.126132574,-120.479594361
25.050184085345432,5855.23968868,39.1264542,-120.4790031
25.07660807006515,5859.69835024,39.1265873,-120.4785471
25.106066489607898,5874.52118536,39.1267247,-120.4780429
25.131664408573656,5880.37748476,39.1270659,-120.4779946
25.165891346891033,5889.60648768,39.12743,-120.4775708
25.226490581929077,5916.5192182,39.1282352,-120.4771336
25.272894915544608,5940.02971764,39.1289052,-120.4770263
25.317862991948726,5943.66488836,39.1295523,-120.4770987
25.4062715862856,5972.76593916,39.130705,-120.4763692
25.445108480726127,5977.82827528,39.131026075,-120.475777817
25.476133842740104,5958.59927204,39.130947012,-120.475209189
25.536958192832316,5920.63011072,39.130793047,-120.474082661
25.580933382327753,5897.1622621999995,39.130788886,-120.473256541
25.63392530810178,5871.0467757999995,39.131417227,-120.472677183
25.680690512583507,5843.65832348,39.131700187,-120.471915436
25.717495868586553,5831.77840184,39.131554546,-120.471260977
25.77240149417851,5795.04939804,39.132270264,-120.470826459
25.827348966286493,5766.08286168,39.132848659,-120.470129085
25.86246490389565,5762.52643112,39.133210673,-120.470574332
25.867953235239078,5762.9430978,39.133264295,-120.470649493
25.90258086953979,5749.593359840001,39.1336448,-120.4710638
25.979557469453532,5752.02774312,39.1347017,-120.4715171
26.078186362143782,5756.561863999999,39.1361393,-120.4714929
26.146401613069013,5730.971312,39.1370942,-120.4716485
26.193283509882058,5716.1747236,39.1377558,-120.4718657
26.247646039580914,5695.76461796,39.1385048,-120.472142
26.321791275210973,5642.49689972,39.1395262,-120.4725953
26.34209169887265,5634.9903378,39.1397821,-120.4727509
26.35588781622949,5625.0493926,39.1398154,-120.4725363
26.405760155704492,5603.73377512,39.1393369,-120.4718416
26.445627558799448,5593.048079239999,39.138952,-120.4713105
26.465849989761285,5582.26395816,39.1389312,-120.4709377
26.48108551712091,5576.31579524,39.1391143,-120.4709511
26.525351204253038,5554.888629200001,39.1397426,-120.4707955
26.54909969455254,5534.6655314399995,39.1400838,-120.4707365
26.59589423161049,5498.30398172,39.1407578,-120.4706775
26.664919614741763,5453.73377032,39.1416981,-120.4702376
26.713961825059492,5441.102536320001,39.1423908,-120.4702806
26.73662992535557,5447.1261585600005,39.1426571,-120.4705273
26.775934089068713,5470.76132992,39.142603,-120.4712435
26.821258467920277,5498.858443679999,39.1430253,-120.4718845
26.84871448397889,5518.366318320001,39.1432999,-120.4716458
26.89440904729276,5548.0972904,39.1438262,-120.4711362
26.941797380672796,5560.88272388,39.1441881,-120.4703798
26.99041432476906,5584.41290836,39.1446687,-120.4697227
27.043584912496055,5626.48640052,39.1451949,-120.4689904
27.078854915295953,5648.3728841600005,39.1452802,-120.4695376
27.109696356062045,5669.50149376,39.1453655,-120.4701062
27.150297505476455,5695.53824,39.1453926,-120.4708572
27.206812115844354,5726.21081316,39.1450889,-120.4718389
27.24872195443595,5747.65110256,39.1456443,-120.4715573
27.279815209527232,5760.3545150400005,39.1460478,-120.4713373
27.305709564849515,5771.39782248,39.146391,-120.4711751
27.352483805933986,5764.271838,39.1470608,-120.4712448
27.380980140688116,5763.58614244,39.1474644,-120.4712609
27.41994216660873,5756.9555648000005,39.1480135,-120.471395
27.449689188306557,5767.50018456,39.1484337,-120.471395
27.533461736856506,5783.5959856,39.1496402,-120.4716203
27.557166160084055,5780.098610159999,39.149948,-120.4717437
27.5841265978479,5774.514620479999,39.1503224,-120.4718081
27.608309814573374,5784.78364968,39.1506011,-120.4719583
27.64691402993183,5803.19572376,39.1510962,-120.4716525
27.68970395873295,5831.16488476,39.1516827,-120.4717115
27.739213552869508,5864.1077992,39.1523234,-120.4721353
27.784312525902163,5888.37617268,39.1527934,-120.4727147
27.824404973726974,5900.5579316,39.1533301,-120.4728595
27.852161016386667,5906.07630448,39.1534133,-120.4732028
27.94125711909553,5957.45425888,39.1541745,-120.4745064
27.985640174275208,5977.29349836,39.1548068,-120.4746405
28.10292285297741,6003.35977216,39.156504,-120.4748282
28.165435945294053,5995.44638608,39.1573983,-120.474737
28.218410603686888,5979.8558344,39.1581471,-120.4749409
28.28668763606803,5959.9542589600005,39.1591246,-120.4751555
28.31055430669553,5963.75347168,39.1591537,-120.4755417
28.327046016194398,5967.76265816,39.1590746,-120.4757456
28.36554904346425,5987.7921863599995,39.1587294,-120.4762713
28.422604516484228,6022.00478588,39.1579058,-120.4762927
28.443734180952955,6039.04874968,39.157677,-120.4764161
28.484890979855436,6055.679327639999,39.1582053,-120.4767648
28.53558546022354,6083.90111332,39.1585256,-120.4776124
28.566114522035324,6103.4450772,39.1584549,-120.477827
28.616589917434837,6131.3814298,39.1578642,-120.4773334
28.651679151898286,6156.37158808,39.1574316,-120.4776553
28.716049797750813,6194.235762519999,39.1565706,-120.4781327
28.74903774056348,6220.20361112,39.156321,-120.4786423
28.772078992421775,6233.228545919999,39.1560339,-120.4788247
28.799350127079332,6246.955580479999,39.1556429,-120.4788086
28.819693479923647,6269.596657319999,39.1558343,-120.4790661
28.893368298994222,6324.05860132,39.1568326,-120.4795597
28.922038584496846,6348.60912704,39.1567453,-120.4800746
28.94568577982977,6370.23314348,39.1565664,-120.4804287
29.00817601903978,6433.3007308,39.1564208,-120.4815552
29.090948304245252,6503.5763236,39.1564582,-120.4831055
29.17221501462919,6577.97593228,39.1564499,-120.484629
29.239424783334787,6572.80532844,39.1561754,-120.4858414
29.297334893871053,6541.24364764,39.1556804,-120.4867104
29.352178170790626,6521.627505279999,39.1553393,-120.4876117
29.475210871374024,6503.54023436,39.1545032,-120.4896019
29.540788034652905,6495.5743548400005,39.1539416,-120.4905889
29.606372998700788,6495.71543096,39.1539873,-120.4917959
29.708121380145794,6553.41556404,39.1545156,-120.4935715
29.758798222878855,6585.50874092,39.1544616,-120.4945157
29.803422505016485,6613.08092028,39.1544616,-120.4953525
29.854264347722424,6644.94115752,39.1544616,-120.4962859
29.94810154169043,6697.8676684,39.1546155,-120.4980294
30.00172198151778,6724.35717056,39.1543368,-120.498952
30.056444763348225,6751.41425804,39.1544865,-120.4998908
30.114000526915483,6722.7856482,39.1550855,-120.5006043
30.137762579570087,6717.99234096,39.1553518,-120.5008188
30.18682667313969,6708.74693384,39.1558759,-120.5014304
30.217871312139717,6708.645227800001,39.1562336,-120.501763
30.244774101095476,6705.86963716,39.1560547,-120.5022029
30.268178327951517,6718.258089,39.1561338,-120.5026213
30.3,6714.06845632,39.1558135,-120.5029753
30.370414632874397,6714.8460153999995,39.1549857,-120.50378
30.39681265192217,6720.69247228,39.1549607,-120.5042306
30.440611037173372,6742.539585840001,39.1549732,-120.5050514
30.475780312611484,6758.47790656,39.1554724,-120.5051801
30.501172708374295,6769.606515840001,39.1556887,-120.5054752
30.56719692179301,6798.88801284,39.1550106,-120.5063764
30.696606141866546,6854.38998312,39.1533176,-120.5075029
30.753605496529204,6862.027778639999,39.1525563,-120.5070952
30.791179952523475,6877.185259440001,39.1520114,-120.5069826
30.817123634154466,6890.2134750800005,39.1516869,-120.5067251
30.853883727106496,6912.15901384,39.1512667,-120.5070738
30.925036155522523,6944.435917760001,39.1507051,-120.508211
30.996227875262353,6937.18198052,39.1502434,-120.5093375
31.08815026075309,6875.200351240001,39.1490952,-120.5101422
31.18857260642603,6796.90966632,39.1478638,-120.511199
31.274135237365705,6752.513339440001,39.1466906,-120.5117623
31.343261687359526,6736.000871719999,39.1456838,-120.5116657
31.44525771116604,6700.7843351599995,39.1442901,-120.5123845
31.507277084347322,6688.95690696,39.1435287,-120.513039
31.58443300792759,6645.88603944,39.1425302,-120.5137203
31.657744911021787,6588.71084076,39.1416898,-120.5145947
31.711295831815782,6570.95821552,39.1409242,-120.5146376
31.764310706566764,6566.01398964,39.1402169,-120.5142084
31.825159314804036,6532.81516968,39.1393265,-120.5140743
31.90449645255558,6513.48117956,39.1382572,-120.513495
31.994269300793782,6482.24102108,39.1373876,-120.5122343
32.05504802494213,6456.61766068,39.1366678,-120.5115477
32.0970783901509,6435.11831616,39.136285,-120.5112365
32.19628417086486,6404.58681912,39.13688,-120.5095146
32.25242199754719,6388.82566376,39.1374292,-120.5087206
32.30092739052831,6376.634062319999,39.1380408,-120.5082808
32.36800052591884,6360.9516471199995,39.1384569,-120.507165
32.4407997645168,6342.224612399999,39.1383446,-120.5058024
32.48795883695547,6323.73051732,39.1381573,-120.5049709
32.52287634521916,6316.3190997599995,39.1376996,-120.5050943
32.625608872101566,6287.17867888,39.1364514,-120.5062047
32.70838261572645,6260.77119772,39.1354445,-120.5070952
32.839559927466425,6245.08550168,39.1339049,-120.5086026
33.06077848637574,6268.97657856,39.1312584,-120.5110703
33.13516098817131,6283.78300948,39.1302722,-120.5116818
33.187166812379445,6288.960175,39.1295357,-120.5118749
33.23104598755928,6289.196395479999,39.1290779,-120.512465
33.3260837986803,6325.51857512,39.1277546,-120.5130551
33.372276180043634,6342.59862816,39.127351,-120.513731
33.434917516606234,6341.48314256,39.1268599,-120.5147395
33.56919375357844,6325.31516304,39.1260526,-120.5170677
33.60131181720194,6318.88471664,39.1260526,-120.5176792
33.71215347420005,6310.91883712,39.1256447,-120.5197177
33.81589164708796,6302.7068946,39.1246501,-120.5211875
33.89696641277448,6282.152432,39.1234766,-120.5214558
34.03112514438736,6235.725265159999,39.1218119,-120.5228344
34.10886993551651,6221.374871,39.1209587,-120.5238054
34.19475238148208,6198.5172587199995,39.1198475,-120.5245886
34.294916534517974,6151.82434384,39.118653,-120.5256883
34.35161243181823,6121.93589144,39.117829,-120.5256883
34.4,6088.372898240001,39.1171214,-120.5258117
34.485973314116855,6049.85911748,39.1158562,-120.5259726
34.53212688314076,6026.33221384,39.1151819,-120.5259565
34.565978718314916,6009.353866840001,39.1147407,-120.5262462
34.613028935379965,5984.426044520001,39.1141205,-120.5266378
34.669928808871674,5958.52709356,39.113413,-120.527185
34.747987559533605,5972.13273704,39.1123849,-120.5278448
34.774443991297964,5986.784968479999,39.1120644,-120.528054
34.85235794310321,6019.08155744,39.1109197,-120.528172
34.933795334560365,6038.6156788,39.1099957,-120.5291591
35.0418938032324,6034.47525872,39.1087636,-120.5304626
35.08777487431101,6032.5461248,39.1083931,-120.5311815
35.124682560495536,6021.7357569999995,39.1079103,-120.5315033
35.20742584450861,5986.23378736,39.1076897,-120.5330375
35.290418066204694,5984.964102280001,39.1070528,-120.5343894
35.32453545172574,5988.13339372,39.1068571,-120.5349634
35.37604571120014,5991.430637920001,39.1065574,-120.5358485
35.49044040554116,5986.94901048,39.1053128,-120.5373291
35.587689076009745,5978.35320968,39.1044552,-120.5387775
35.644965061969934,5976.7980915200005,39.1037059,-120.5392549
35.72316123091274,5978.89454828,39.1029025,-120.540301
35.77048740134454,5971.26331444,39.1024571,-120.5409662
35.849874035845744,5956.3715816799995,39.1018202,-120.5422322
35.96293759374954,5943.14979648,39.1011916,-120.5441794
36.00744201102131,5940.05268352,39.1010375,-120.5449948
36.05902920129875,5937.3131821199995,39.1007503,-120.5459014
36.13134186275243,5926.194415360001,39.1004006,-120.5471889
36.20380388891613,5909.73444108,39.1000259,-120.5484763
36.24202281867665,5905.525123359999,39.0997095,-120.5490664
36.348103768427315,5883.32367908,39.0991475,-120.5509493
36.431711176825786,5870.56777316,39.0986521,-120.5524085
36.54812252260715,5844.826302519999,39.098419,-120.5545596
36.655857401025315,5808.7469050400005,39.0986438,-120.5565873
36.738217108361034,5788.9929673999995,39.0987479,-120.558143
36.792659374831665,5770.64651012,39.0987312,-120.559173
36.847870034951896,5751.25018404,39.0984148,-120.5601439
36.92457835498235,5724.8656687600005,39.0980693,-120.561528
36.97981421607729,5689.9936204,39.0981484,-120.5625579
37.022221332031485,5650.87944592,39.0986688,-120.5629817
37.062877898224244,5625.08548184,39.0988394,-120.5637113
37.131823512061025,5588.7304938,39.0990601,-120.564988
37.18341394333752,5580.298735,39.0989102,-120.5659268
37.22890679088227,5566.25017812,39.0993182,-120.5664954
37.26952258263741,5550.07235608,39.099568,-120.5671874
37.32488982918133,5526.5028015200005,39.0996762,-120.5682013
37.37922775653738,5515.72524212,39.0996055,-120.5692205
37.455804763719065,5465.15437436,39.0991267,-120.5704597
37.50874033770637,5420.5743204400005,39.0986396,-120.5712215
37.56497010777423,5387.69046112,39.0982025,-120.5720798
37.635592639869614,5337.88730992,39.0980734,-120.5733941
37.695600138263735,5332.8741864,39.0982899,-120.5744723
37.769006123312536,5303.06447416,39.0983232,-120.575808
37.82394228061245,5249.79675592,39.0980401,-120.5767415
37.9049666792518,5192.5526596,39.0981692,-120.5782542
37.96479339801895,5143.44504648,39.0980235,-120.5793432
38.0,5134.878773240001,39.0978902,-120.5799816
38.08308630758645,5119.66551816,39.0981609,-120.5813602
38.17845149938814,5109.10777504,39.0985022,-120.5829427
38.26397684587571,5096.13205284,39.0990143,-120.5841336
38.377171551399115,5043.64845536,39.1003506,-120.5850295
38.465146921150485,5002.01459576,39.1014205,-120.585582
38.5032706595146,4993.49097344,39.1015829,-120.5861882
38.55712000219135,5005.73834916,39.1019159,-120.5869929
38.61929795662411,4999.87876892,39.1026153,-120.5875186
38.66488202263215,4993.461445880001,39.1031606,-120.5877707
38.708382837738306,5000.7547532,39.1036477,-120.5881087
38.80923098037782,4990.4955665200005,39.1049798,-120.5883608
38.84295470001475,4988.52378168,39.1053877,-120.5886075
38.90475516619746,4989.15042212,39.1059247,-120.58938
38.95655770233814,4979.24556616,39.1063701,-120.5900291
39.04652316160636,4974.97719332,39.1072609,-120.5910484
39.09273569562925,4949.79018464,39.1076522,-120.5909035
39.13009320257374,4936.46013172,39.1072234,-120.590587
39.14927847469347,4923.79280848,39.1070403,-120.5903564
39.209439418298956,4905.67272916,39.1077438,-120.5904636
39.23298318665692,4898.01196776,39.1080393,-120.5905763
39.24867498599014,4888.05461836,39.1080976,-120.5904368
39.300201261095886,4867.33611376,39.1074649,-120.5900989
39.32850877186926,4852.84792432,39.1071777,-120.5898038
39.36875067730275,4834.34070588,39.1071818,-120.5891815
39.411260739585266,4827.75606,39.1074232,-120.5897985
39.456220235169766,4805.70225352,39.1080102,-120.5897555
39.5036899216506,4787.50343404,39.1084722,-120.5902383
39.55808316241496,4778.23506104,39.1087469,-120.5910591
39.59433709611643,4780.97456244,39.1086887,-120.5915902
39.62995538240568,4774.28164884,39.1090633,-120.5919442
39.663469571698265,4755.34464036,39.1094962,-120.5920032
39.70725707080246,4731.91288108,39.1100623,-120.5921588
39.736683437723414,4733.81576828,39.1101414,-120.5926201
39.77694630501588,4731.545427,39.1101497,-120.5932692
39.80804017419548,4729.09792036,39.1101164,-120.5937949
39.841579644197,4736.01721192,39.110516,-120.5940363
39.898641671720064,4733.7731173600005,39.111182,-120.5944816
39.92648525122185,4729.52442956,39.1112527,-120.5948786
39.95711437696888,4736.0664245200005,39.1112652,-120.5953667
39.984929631894026,4726.07626672,39.1116149,-120.5954901
40.02240625382264,4722.12613536,39.1120103,-120.5958549
40.0510127685753,4723.441752199999,39.11231,-120.5961499
40.069718492233484,4732.88072888,39.1122059,-120.5963699
40.095693425675606,4733.08086012,39.1121934,-120.5967507
40.158279294132115,4725.76786776,39.1122184,-120.5977485
40.192914150424855,4725.39057116,39.1123599,-120.5982689
40.23077035434597,4729.81970516,39.1128386,-120.5981348
40.27828425335121,4727.99883896,39.1134463,-120.5981777
40.31161212740446,4725.77771028,39.1138334,-120.5979524
40.36163392955349,4702.59529484,39.114337,-120.5983011
40.40589712187057,4715.57101704,39.1144743,-120.5989931
40.43662784870151,4724.14057112,39.1146117,-120.5994544
40.476500704770814,4730.19700176,39.1148739,-120.6000177
40.52200640801155,4723.84201468,39.1154649,-120.6000659
40.580061702207836,4716.0762664,39.1161808,-120.6003824
40.64219376179481,4722.50343196,39.11688,-120.6008599
40.6984722664765,4715.29214564,39.1175418,-120.60042
40.754603403072025,4710.27902212,39.1181703,-120.5999426
40.78643157760279,4703.71406128,39.1185615,-120.6000391
40.814081698394766,4710.68584628,39.1185532,-120.6004307
40.856542580968245,4711.38138436,39.1182868,-120.6010637
40.89849210239149,4705.83348392,39.1181494,-120.6016753
40.9316865097063,4710.764586439999,39.1182535,-120.6021903
40.95899471950694,4712.25080696,39.1181869,-120.6026355
41.00160876817824,4708.4811217999995,39.1185157,-120.6031559
41.0384127537082,4713.39910096,39.118961,-120.6033865
41.07481759024291,4708.425347519999,39.1193855,-120.6036923
41.108635893287264,4704.58020304,39.119835,-120.603703
41.14815767739108,4707.61498004,39.1200265,-120.6043307
41.18451106265368,4699.8295467200005,39.1203011,-120.6048403
41.227333633443244,4708.32036064,39.1206216,-120.6054196
41.26868491427948,4699.17337872,39.1210003,-120.6059346
41.34727469085207,4703.3137988,39.120888,-120.6071899
41.40741811404251,4713.99621384,39.1202013,-120.6077263
41.45515118494775,4704.30133164,39.1198392,-120.6084023
41.51128141633227,4706.51589864,39.1200098,-120.6093142
41.561195636281674,4699.563798679999,39.1201888,-120.6100974
41.619946666880885,4697.38860176,39.120247,-120.611063
41.66863607334622,4700.87941552,39.1199432,-120.611755
41.71676959349469,4697.31314244,39.1198392,-120.6125329
41.780523202336084,4698.55329996,39.1199973,-120.6136111
41.84252660522457,4695.3741660000005,39.1197102,-120.6145767
41.90875673733756,4696.56183008,39.1196561,-120.6156925
41.947536336390144,4700.6563184,39.1191608,-120.6158427
41.990368097317045,4694.86235496,39.1187446,-120.6163362
42.052932890273944,4694.79673816,39.1183076,-120.6172482
42.11217787783604,4695.84660696,39.11765,-120.6177846
42.17060670034301,4696.85382484,39.1171922,-120.61698
42.231184929611075,4696.25015028,39.116788772,-120.616073516
42.26812026825924,4696.53558336,39.1166012,-120.6154833
42.30967744365713,4694.5211476,39.1163639,-120.6148396
42.37554516898632,4696.90631828,39.1159061,-120.6139061
42.39220854244872,4692.76917904,39.1157438,-120.6137345
42.453337136978966,4687.011304840001,39.115698,-120.6147537
42.49821104792186,4697.3098616,39.1155065,-120.6154726
42.562795895743655,4710.12482264,39.1153026,-120.6165508
42.66325156751108,4732.39188372,39.1149613,-120.6182245
42.75586956030419,4736.77508596,39.1139957,-120.6191847
42.785440226213716,4730.53820912,39.1136128,-120.6190614
42.84507923964742,4708.5336152400005,39.1135212,-120.6200109
42.97494481633665,4662.90369252,39.1127928,-120.6220171
43.042115718800154,4632.552641679999,39.1122892,-120.6229559
43.12520726761231,4600.676000240001,39.111773,-120.6242058
43.17349683267695,4583.05788944,39.1113859,-120.6248496
43.27123089691078,4533.782953479999,39.1103911,-120.6258956
43.342022548457244,4526.67665404,39.1099499,-120.6270329
43.416544017188,4535.96471208,39.1094795,-120.628256
43.50388404163796,4552.05723228,39.1091424,-120.6297795
43.563048777428236,4543.605788440001,39.1084098,-120.6303052
43.649087402199406,4523.59266444,39.1072734,-120.6309221
43.74275713056173,4499.22258492,39.1061412,-120.6318501
43.84740202331672,4471.27967064,39.1052711,-120.6334219
43.95785599724426,4446.86037852,39.1049298,-120.6354067
44.05534431361347,4410.0723196,39.1043387,-120.6370322
44.108987264728874,4392.89056052,39.1039182,-120.6378314
44.21975880609161,4371.8505336,39.1029899,-120.639371
44.34553290840348,4297.91024252,39.101204,-120.6396178
44.41440562099484,4256.5782202,39.1003714,-120.6402937
44.48374117218079,4263.23176372,39.0996263,-120.6411037
44.53619820983485,4251.3091911599995,39.0990976,-120.641785
44.60872256413775,4194.39645968,39.0982857,-120.6425736
44.678233371425286,4145.95813792,39.0992016,-120.6429974
44.70405031165343,4144.54737672,39.0995264,-120.6428043
44.75177068236868,4107.82821544,39.0994514,-120.6436679
44.77845094510501,4081.5978996399995,39.0997845,-120.643802
44.80333547028688,4048.1923867599994,39.0996804,-120.6441239
44.819219889322504,4046.82755732,39.0998969,-120.6440381
44.84856020831366,4001.67007556,39.1000259,-120.6445209
44.8692877309454,3992.17860544,39.100309,-120.6445638
44.88862644125798,3969.2061637600004,39.1000675,-120.6446818
44.9035120375453,3958.93385372,39.0998636,-120.6446389
44.92350048216473,3918.9765033599997,39.0999843,-120.6448857
44.946530199747734,3896.6766338800003,39.1003048,-120.6449822
44.97232795967279,3869.0716461199995,39.1000384,-120.6451056
44.99263934302375,3840.2035349599996,39.0999635,-120.6452236
45.034638451231324,3808.6582583599998,39.1005546,-120.6453685
45.05008396848673,3787.3688876,39.1006212,-120.6454597
45.07982072102319,3753.90103876,39.1002174,-120.6456152
45.09883964432643,3729.3078621199998,39.0999968,-120.6457762
45.11861471018087,3701.6536617599995,39.1000218,-120.645921
45.150384689344094,3683.2940811199996,39.100463,-120.6460336
45.164765395210225,3667.733057,39.1003007,-120.6461678
45.186379486774435,3648.50077292,39.1000509,-120.6462804
45.21676943637759,3615.0558899599996,39.1001966,-120.6466666
45.229550784105314,3605.3511652400002,39.1003423,-120.6466935
45.2611080825119,3580.8367287600004,39.0999135,-120.6468008
45.291472567802174,3552.03751524,39.1001383,-120.6472782
45.30446309976454,3537.4902706800003,39.1003132,-120.6472943
45.33691712115953,3510.3052304400003,39.1000134,-120.6477449
45.361075838416426,3485.84000656,39.1002424,-120.6478361
45.39626226501727,3470.6431556800003,39.1006878,-120.6475357
45.42525271115568,3440.68580564,39.1005005,-120.6479648
45.47816511234883,3381.8734678,39.1001092,-120.6487963
45.49767547903911,3357.8380339600003,39.1002008,-120.6489894
45.523186536871506,3336.73239024,39.1005463,-120.6488822
45.54503535804136,3321.77504068,39.1008294,-120.6487159
45.56086157968328,3299.7540426,39.1008585,-120.6489251
45.58814491806243,3269.89183692,39.1011791,-120.6486622
45.610006579019405,3261.91611488,39.1014455,-120.6484959
45.651037199363685,3243.12018252,39.1015704,-120.649145
45.70373903875927,3169.58999644,39.1017327,-120.6500462
45.75224945355412,3131.2599427200003,39.1021865,-120.6506685
45.794247960246274,3107.29012568,39.1025403,-120.65128
45.84610251331724,3046.31571428,39.1026444,-120.6521866
45.879481553452344,3051.95547824,39.1025945,-120.6527714
45.90749996487238,3030.55127808,39.1026153,-120.6532756
45.949531895085286,2972.60180116,39.1025487,-120.6537155
45.97469027618809,2956.49287676,39.1022198,-120.6538335
45.99387547739823,2940.9843460800003,39.1023072,-120.653973
46.02114627792989,2896.06964648,39.1019367,-120.6539354
46.04534941973675,2872.45416016,39.1021324,-120.6542627
46.064908804183744,2849.2947106,39.1020658,-120.6543485
46.081973143478265,2818.85179624,39.102224,-120.6545255
46.11455318807542,2780.46596824,39.1018243,-120.654547
46.144065588214175,2739.93119004,39.1021407,-120.6548796
46.1665376484842,2744.32751564,39.1021241,-120.6552658
46.192598245915754,2740.40691184,39.1017536,-120.6552551
46.21558460093877,2753.41872328,39.1014413,-120.6553195
46.241582342889906,2757.1424766799996,39.101204,-120.6550566
46.262930264269166,2799.05520768,39.1012124,-120.6553516
46.296121009188994,2847.37870004,39.1012111,-120.6557253
46.31215977604371,2859.61623324,39.1010519,-120.6555416
46.32036450496834,2871.2172834800003,39.1009436,-120.6554919
46.32928384121228,2886.32883252,39.1008624,-120.6555335
46.34695940666152,2916.04668124,39.1007324,-120.6556475
46.357667839728165,2934.50468708,39.1007677,-120.6558299
46.371436982282546,2943.77634092,39.1006023,-120.6557105
46.380012142859954,2963.54668276,39.1005502,-120.6558071
46.394105232438356,2978.0512764,39.100391,-120.6556556
46.41466762833056,2993.49419028,39.100238,-120.6553431
46.421934660992136,3007.217944,39.1001703,-120.6554128
46.43193251226992,3017.06374484,39.1001246,-120.655555
46.44667609142818,3026.4436664,39.1000548,-120.6553136
46.466258947080924,3056.7881555599997,39.0998873,-120.6550427
46.48276116413154,3084.1930120800002,39.0997988,-120.6552787
46.50060732550722,3109.16348532,39.0996593,-120.6555442
46.527012121045836,3135.60377488,39.0995511,-120.6550802
46.539614302777665,3145.13461508,39.0994959,-120.6548764
46.55771833661977,3160.01650532,39.0992503,-120.6548133
46.56792065833266,3179.43907812,39.0993024,-120.6549461
46.579786588973654,3191.5519394,39.0992982,-120.6551473
46.60187276891177,3219.73107416,39.0990932,-120.655441
46.6150984008701,3229.29144192,39.0990817,-120.6552036
46.62880134248815,3255.58409368,39.0989443,-120.6553203
46.65535752511434,3274.97713892,39.0986893,-120.655044
46.67810538428768,3296.15496112,39.0984125,-120.6548455
46.69200612245481,3316.92267832,39.0982241,-120.6548563
46.70363059738267,3331.9062746,39.0983022,-120.65504
46.711723625707194,3342.90365028,39.0982262,-120.6550373
46.72625458057073,3357.4312098,39.0980253,-120.6549877
46.74507511027115,3389.9180874800004,39.097761,-120.6550038
46.75585747517097,3415.18711716,39.0976361,-120.6550869
46.764707942943936,3409.04210384,39.0976569,-120.6549394
46.7787190214005,3412.6871170799996,39.097634,-120.6547221
46.80250648561571,3448.19236756,39.0974935,-120.6551124
46.81794633095852,3450.1247823199997,39.0974935,-120.6548375
46.83346784490071,3466.781607,39.0973207,-120.6546645
46.84381976164938,3483.7304264399995,39.0973259,-120.6547946
46.874500575823156,3517.50667424,39.0972426,-120.6553404
46.89746278173857,3523.6057557999998,39.0972073,-120.6549287
46.92905457880413,3549.30129468,39.0968575,-120.6545679
46.94481520593616,3574.4981458800003,39.0967326,-120.6546014
46.95714152210352,3591.2796424800003,39.0967993,-120.6547798
46.983027705324524,3603.33344864,39.0964839,-120.6548187
46.99178144916492,3617.5066774399997,39.0964162,-120.6549099
47.012312425597884,3631.7816122800004,39.0966993,-120.6549461
47.047639299636614,3654.40956576,39.0967857,-120.6555751
47.055187020164446,3663.36297812,39.0967472,-120.6555349
47.07684029130191,3683.2842385999998,39.0965776,-120.6552479
47.08608441858648,3693.59591872,39.0965744,-120.6553377
47.10218692539923,3707.89381944,39.0965942,-120.6556261
47.11544214252498,3722.0309589999997,39.0965339,-120.65585
47.16300693155413,3769.15694476,39.0964558,-120.656711
47.18028115533968,3780.12151204,39.0963444,-120.6564549
47.189158558844554,3793.84526576,39.0962476,-120.6563878
47.21908347503194,3831.83083128,39.0962539,-120.6569336
47.23072923763006,3838.1070782,39.0962299,-120.6569457
47.2461750243779,3861.35839128,39.0962154,-120.6571603
47.26698923094286,3876.94894296,39.0964339,-120.6573883
47.29257443819432,3901.19435056,39.0960738,-120.6573681
47.310131417929554,3918.1694167200003,39.095848,-120.6573561
47.338062487903514,3951.0696802400003,39.0960082,-120.6578281
47.37378499441771,3991.3091828399997,39.0959729,-120.6584759
47.38799033321608,3990.7645634,39.0958656,-120.658665
47.4108805982506,4009.8918605999997,39.0957387,-120.6590204
47.43286201745862,4030.07558828,39.0957532,-120.65942
47.46452397023319,4049.8393684400003,39.0955086,-120.6599028
47.480586502294386,4060.91876512,39.0953463,-120.6601027
47.51899570525875,4082.9627290800004,39.0952838,-120.6608054
47.548027077705925,4103.56312344,39.0955263,-120.6612319
47.56433862422922,4116.2009191199995,39.0956616,-120.6614451
47.59452252342614,4148.891208880001,39.0958199,-120.6619547
47.627264037068805,4191.89317876,39.0959968,-120.6625113
47.65399260458712,4210.84002976,39.0962643,-120.6628559
47.683405335946624,4245.87612012,39.0964152,-120.6633602
47.72268865730805,4288.89777504,39.0968034,-120.6638376
47.76211377158098,4331.9883276,39.0962614,-120.6639616
47.77794873585601,4347.2934462,39.0961032,-120.6641064
47.82159004086765,4371.42730524,39.0958383,-120.6648386
47.86306889513083,4364.98045464,39.0955385,-120.6654897
47.89450567564229,4351.85053296,39.0952508,-120.6659497
47.957834806668814,4306.58806432,39.0952351,-120.6670629
47.99925064010967,4280.160898120001,39.095639,-120.6676342
48.05317646301392,4324.97389168,39.0951436,-120.6683356
48.13071355999714,4355.09528372,39.0943712,-120.6694192
48.21485796906233,4359.11759356,39.093702,-120.670763
48.25671082591861,4374.258670159999,39.0932648,-120.6713101
48.35892669267691,4384.72126892,39.0923634,-120.6728658
48.42260435330037,4358.74685864,39.0918534,-120.673877
48.47958480153556,4331.67992864,39.0914225,-120.6747916
48.55154681256024,4314.57034804,39.0905273,-120.6754783
48.60701674295193,4333.24817016,39.0897217,-120.6756499
48.64882720923629,4343.028354200001,39.0891679,-120.675996
48.70015176833491,4335.04607048,39.0885163,-120.6764707
48.73646104896491,4319.90827472,39.0881561,-120.6769669
48.78913546127208,4288.2547304,39.0875649,-120.677616
48.83011759246571,4276.41745968,39.0870007,-120.6778896
48.88403491545002,4274.38661972,39.0862595,-120.678241
48.94571436805049,4222.15564692,39.0854142,-120.6786621
48.98690883771752,4206.79803488,39.0849021,-120.679051
49.0352084152416,4177.24422816,39.0844378,-120.6797376
49.08361671736546,4152.45092028,39.0839735,-120.6804323
49.11136499991977,4130.84658888,39.0836716,-120.6807837
49.21578413515929,4106.66351724,39.0826098,-120.682216
49.24269367209034,4099.60314956,39.08231,-120.6825486
49.27796612808846,4101.2796588,39.0819977,-120.6830609
49.31799896911956,4098.31706028,39.0817957,-120.6837556
49.35638451418325,4059.21600916,39.081652,-120.684453
49.38721190262884,4020.4135144800002,39.0816687,-120.685035
49.433159697099256,3981.6667940800003,39.0814563,-120.6858584
49.46305814015901,3953.6910714,39.0813002,-120.6863841
49.50873313589942,3932.6116744,39.081137001,-120.68722694
49.54644667131993,3936.2534068,39.081042,-120.6879318
49.59453303948268,3928.2744039199997,39.0812127,-120.6888115
49.628620752338264,3918.92400992,39.0811149,-120.6894446
49.682655632267156,3893.56311672,39.080561,-120.6901553
49.706682715727084,3870.1936934,39.0802196,-120.6902331
49.75282217086853,3836.1352933599997,39.079572,-120.6904396
49.80136358198065,3810.2429040800002,39.0789058,-120.6907562
49.83536235804573,3783.6451342000005,39.0786163,-120.6912416
49.89815189985516,3738.68450284,39.0780354,-120.6921616
49.93761685980582,3712.8610112,39.0775086,-120.6924808
49.97959866228863,3683.91744072,39.0769319,-120.6927329
49.999572217303424,3660.0132404799997,39.0767757,-120.6930414
50.04660120742249,3631.41087736,39.0761177,-120.6933203
50.07551467357833,3615.2822679200003,39.075745,-120.6932372
50.09717578791261,3585.45943232,39.0758387,-120.6935403
50.11909923403706,3572.3721615599998,39.0761302,-120.6936449
50.168225332990914,3532.22780332,39.0768507,-120.6936744
50.18333859086823,3529.9377769999996,39.0770651,-120.6936717
50.23734897334217,3482.0506363599998,39.0763509,-120.6941035
50.275812355864026,3450.1018164399998,39.0758116,-120.6943154
50.31615416957214,3429.6326556800004,39.0752557,-120.694066
50.344741548689534,3401.1451219600003,39.0748371,-120.694015
50.37008789575861,3379.7835727199995,39.0744748,-120.693897
50.387562310825395,3366.11231244,39.0742603,-120.6939212
50.40447104793478,3359.89840148,39.0740167,-120.6939775
50.437842176853174,3332.12281004,39.0737273,-120.694463
50.452352147669345,3320.80391204,39.0735878,-120.6945729
50.47555058801377,3300.37084052,39.0739084,-120.6945005
50.495635517066816,3289.25863544,39.0740355,-120.6943932
50.52181780634909,3267.43120692,39.0738002,-120.6947714
50.57920058009495,3230.66611388,39.0730547,-120.6952489
50.60243490261248,3228.45154688,39.0727257,-120.6953695
50.63427007947595,3204.314407,39.0723821,-120.6957746
50.66641924534893,3198.45154592,39.0719469,-120.6958872
50.700020827646625,3176.11886804,39.071468,-120.6959811
50.73421237949707,3168.18907776,39.0710286,-120.6962654
50.76194877216927,3153.93054712,39.0707329,-120.6966168
50.792876651829516,3118.41217328,39.0705246,-120.6971318
50.82060674900953,3092.89051892,39.0703185,-120.6975716
50.83938984618082,3089.29799912,39.0700582,-120.6976736
50.878244358721886,3064.878707,39.0696854,-120.6982234
50.93295500243595,3035.04274804,39.0692294,-120.6990495
50.96083445925275,3015.93185504,39.0692065,-120.6995672
50.98663220330053,2994.50796984,39.0689076,-120.6998462
51.010350380526596,2970.32817904,39.0686723,-120.7001734
51.030512052397405,2955.5611182000002,39.068385,-120.7001948
51.05365714261138,2943.85508108,39.0680913,-120.7003719
51.08596989565265,2926.66019864,39.0677644,-120.700801
51.124548701193234,2924.88198336,39.0672667,-120.7011443
51.145778375264946,2923.6647917200003,39.0670022,-120.7013455
51.18316434381042,2903.59917428,39.0664712,-120.7013428
51.21368550197072,2884.27830752,39.0660609,-120.7011899
51.26169232944062,2880.99090584,39.065482,-120.7006803
51.2808696699532,2881.01715256,39.0652279,-120.7007849
51.305043015006106,2877.7395934,39.0649155,-120.7009995
51.33294342278508,2876.17791356,39.064574,-120.7012811
51.37102928466569,2870.40035432,39.064247,-120.7018659
51.395760860343216,2862.85114148,39.0640533,-120.7022414
51.42223122200042,2867.26715212,39.0636701,-120.7022119
51.455076456345836,2862.67397612,39.0632015,-120.7022414
51.492331570987936,2859.31439596,39.0627371,-120.7018846
51.51395795862577,2865.78749328,39.0625705,-120.7015574
51.52733767598724,2867.49681092,39.0623997,-120.7015172
51.54991494092096,2872.17528876,39.062079,-120.7016057
51.579102676439035,2849.15691532,39.0617104,-120.7018417
51.59703414394163,2868.64838576,39.06145,-120.7018176
51.62880802357318,2846.75534044,39.0611377,-120.7022655
51.68005173060698,2805.03289816,39.0604566,-120.7026142
51.711158328044334,2783.16281872,39.0600047,-120.7026035
51.748574666690644,2746.19103276,39.0594798,-120.702692
51.775154184643505,2735.58407704,39.0591237,-120.7024989
51.79998642885204,2721.1286959999998,39.0587738,-120.7023835
51.815471522839005,2700.83341976,39.0586572,-120.7025847
51.84426799966788,2677.57882584,39.0584051,-120.7030138
51.887782553324996,2655.90231596,39.0577949,-120.7029146
51.918465908557835,2612.4672751999997,39.0577012,-120.7034645
51.97926448923739,2587.03748436,39.0571138,-120.7043254
52.01665742290531,2570.03617148,39.0567827,-120.7048833
52.03775677916083,2551.5584806,39.056589,-120.7051945
52.09383916257423,2514.189713,39.0558766,-120.7048136
52.11525876378462,2496.6044106,39.0556038,-120.70465
52.14071900211944,2473.3793442399997,39.055233,-120.7046446
52.17551404573883,2442.78879208,39.0547998,-120.7042986
52.22759172563533,2399.48498492,39.0543437,-120.7050175
52.25790858007527,2367.9626742,39.05405,-120.7054466
52.29194704696994,2338.1693661599998,39.0535584,-120.7055646
52.33187065419336,2308.67461456,39.0530106,-120.7052991
52.35535375618753,2283.67133292,39.0526711,-120.7052159
52.38414018457384,2270.177238,39.0522816,-120.7051221
52.40137930877276,2254.1208070400003,39.0521087,-120.7053098
52.42637926588166,2218.6188374,39.0519671,-120.7057363
52.447379364587,2192.58865284,39.0519379,-120.7060984
52.46152473544562,2177.5427206,39.0518713,-120.7062942
52.485665433485494,2151.44035756,39.0521191,-120.7065839
52.50910147601202,2126.6864197600003,39.0523753,-120.7068762
52.53190604903842,2105.55781016,39.0526211,-120.707131
52.55342739497903,2082.31305876,39.0523337,-120.7072517
52.58631189629142,2054.1175198,39.0518608,-120.7073832
52.624470759189926,2010.6004580400001,39.0515817,-120.7079759
52.646280045342806,1991.39442068,39.051463,-120.7081154
52.666227133365545,1977.8675173600002,39.0516984,-120.70833
52.68396329937242,1955.01646676,39.0517109,-120.7086545
52.70836798652816,1939.7441565600002,39.051388,-120.7086921
52.722814847771154,1923.9173844,39.0511839,-120.7086599
52.74789125957048,1903.3957302,39.0514109,-120.7089791
52.7670979255751,1885.8694829199999,39.0511776,-120.7090864
52.77954835867213,1875.23628048,39.0513359,-120.7091668
52.81026805365192,1843.57617448,39.0509235,-120.7090917
52.82682939733277,1830.5545205199999,39.0507215,-120.7089737
52.84747438151889,1818.29730228,39.0504736,-120.7087484
52.86110800605,1807.6411339600002,39.0505298,-120.7089603
52.87068067233842,1801.2533384800001,39.0504319,-120.7088557
52.882114528473096,1779.82617244,39.0503799,-120.7090354
52.9,1788.1070126,39.0502034,-120.7092712
52.92390737639784,1795.3740732,39.0501836,-120.7096963
52.94231011897788,1810.8104253999998,39.0503253,-120.7099726
52.95210229036635,1817.06698728,39.0502024,-120.7099591
52.96697492754857,1837.05386456,39.0500003,-120.7100289
52.995009489889235,1864.2782748799998,39.0496212,-120.7098626
53.0201635291869,1901.84389288,39.0492921,-120.7096775
53.04205115168155,1919.2520299200003,39.0490921,-120.7093825
53.06131085222043,1937.7789334,39.0488359,-120.7092886
53.09616259080174,1964.85898676,39.0483777,-120.7095273
53.11537215446095,1981.5847090799998,39.0481277,-120.7096453
53.137365184600064,2009.26187532,39.0484089,-120.7098197
53.15228515322628,2016.97184932,39.0486089,-120.7098036
53.16352167951946,2034.00268976,39.0487526,-120.7098572
53.21017548010252,2090.4364186,39.0482485,-120.7104044
53.26402194453882,2122.67395244,39.0474924,-120.7104634
53.29854187192241,2153.6778904400003,39.047007,-120.7105814
53.327405049182104,2193.1693615199997,39.0471736,-120.7108952
53.35418189472422,2220.2690999200004,39.0474986,-120.7111474
53.371955547754524,2243.64836576,39.0476486,-120.7114022
53.40332834291634,2268.38589936,39.0480944,-120.7113968
53.428167961286334,2279.6555847600002,39.0477944,-120.7116194
53.45655693643109,2315.5446935200002,39.0474424,-120.7118742
53.50179320296713,2345.65624304,39.046807,-120.711893
53.567254397112116,2399.9180558,39.0460279,-120.7112278
53.63422747924472,2451.3780312,39.045078,-120.7112842
53.664551492949556,2475.88262516,39.0447718,-120.7116543
53.707007571929104,2506.59128756,39.0443781,-120.7122471
53.73206245490444,2524.78026452,39.0441406,-120.7125797
53.77435117519105,2556.8504755199997,39.0435782,-120.7128425
53.82719818336861,2602.60507016,39.0428261,-120.7129364
53.86468068475723,2635.63984812,39.0424636,-120.7134272
53.92276609738002,2688.23171332,39.0429178,-120.7143097
53.95040986779662,2689.38000732,39.0425386,-120.7144036
54.01721517828259,2751.5059935599998,39.0419033,-120.7153155
54.04690474350888,2771.66347452,39.0416533,-120.7157527
54.07090268301889,2788.878042,39.0418366,-120.7161121
54.0905034624907,2805.40691392,39.0419866,-120.7163777
54.10785960974509,2816.03355468,39.0419803,-120.7166781
54.14298467061411,2826.3353922799997,39.0418428,-120.7172923
54.172703898640094,2852.1916923199997,39.0420366,-120.7177724
54.21487703052143,2869.4489107199997,39.0419158,-120.7185234
54.2408993800833,2888.55652288,39.0420303,-120.7189767
54.26563750566316,2902.19169392,39.0420303,-120.7193952
54.29220786579555,2911.43053936,39.0420887,-120.7198619
54.30757063626621,2916.50599884,39.042210102,-120.720097751
54.33475768716907,2936.64379476,39.0425366,-120.7203554
54.360309789734195,2967.71006872,39.042872,-120.7205297
54.40630870077875,2980.6267358,39.0434407,-120.7208945
54.42677067194573,2985.27240524,39.0435927,-120.7212056
54.47418316096614,3011.08277352,39.0439177,-120.7219352
54.52836842208359,3011.21400712,39.0445864,-120.7224073
54.55703416455151,3015.18710436,39.0449697,-120.7225923
54.60943172790105,3021.3091518,39.0453905,-120.7233836
54.62327651142262,3021.90298384,39.0453259,-120.7235767
54.64205259042849,3018.80587088,39.0451676,-120.7233112
54.675592156321535,3031.57490016,39.0447489,-120.7230108
54.704855616246256,3061.7979982399997,39.0443406,-120.7230564
54.724962930765024,3077.9200459999997,39.0441323,-120.7233005
54.743733312540606,3091.52897032,39.0443344,-120.72322
54.78421155725536,3108.61558504,39.0448468,-120.7235445
54.8026183653551,3122.41151724,39.0449385,-120.7237296
54.839360881897186,3133.2546934399998,39.0444656,-120.7234507
54.878693164994026,3158.74025856,39.0441573,-120.7240139
54.925595358439836,3186.0565324,39.0439344,-120.7248293
54.93885962332507,3191.1877661599997,39.0438177,-120.7249715
54.97614135362067,3212.7789742,39.0433136,-120.7247783
54.99839894589139,3228.10377784,39.0430115,-120.7248454
55.026306943075525,3240.00010368,39.043374,-120.7250493
55.06080006094855,3260.92202036,39.0429032,-120.7250814
55.09993882021298,3283.3235958799996,39.0424741,-120.7255106
55.141412172839146,3307.04078824,39.0423345,-120.7262455
55.18024449417845,3340.6431515199997,39.042497,-120.7269214
55.229078980108156,3377.75273276,39.0428699,-120.7276349
55.26985759568321,3407.0079830399995,39.042747,-120.7283323
55.29797157761285,3424.28488648,39.0428282,-120.7288365
55.33234431369912,3460.67268292,39.0429199,-120.7294266
55.362242799236135,3483.15956028,39.0427803,-120.7298987
55.40082939410876,3520.36756672,39.0428782,-120.7305853
55.43546778879755,3532.00142536,39.0427657,-120.7312022
55.46262877619414,3534.25864328,39.0428449,-120.731685
55.544565626426404,3532.73961436,39.041997,-120.7327257
55.576637006574046,3513.8879077199995,39.0416699,-120.7331173
55.61732178656326,3499.17334032,39.041522,-120.7338388
55.6528919633633,3484.5473555999997,39.041247,-120.734378
55.7,3474.00273584,39.0410606,-120.7350552
55.7762035837905,3488.6648098,39.0415606,-120.7362354
55.81878023565864,3494.6228152400004,39.0418897,-120.7368523
55.85375340208076,3494.59000684,39.0421105,-120.7373888
55.903975242181154,3491.07950804,39.0425189,-120.7380915
55.94893803108344,3485.09525588,39.0430897,-120.7383436
56.014589308199675,3493.6352823999996,39.0429105,-120.7394326
56.101613839521335,3488.7468307999998,39.0428438,-120.7409346
56.15647635593689,3487.7428937600002,39.042744696,-120.741895598
56.17827227873619,3490.78423244,39.042648,-120.7422543
56.22570094525669,3484.6162532400003,39.0421772,-120.7428336
56.26335404320726,3469.85247324,39.0421064,-120.7434666
56.28435813546681,3462.1523417599997,39.0421564,-120.7438261
56.307528699500644,3446.69958536,39.0418522,-120.7439119
56.35780553216549,3413.385936,39.0411731,-120.7440406
56.43604170746704,3368.6352784,39.0401148,-120.7438153
56.470856490068655,3359.49157732,39.0400689,-120.7443249
56.54322913321416,3346.84065828,39.0404731,-120.745489
56.573277448772764,3347.8183486,39.0404523,-120.7460094
56.638466354966965,3337.03422752,39.0397815,-120.746755
56.673845371767506,3346.57819108,39.0394981,-120.7472432
56.74306823878916,3363.18252232,39.0395606,-120.7484609
56.773163697907556,3373.99617096,39.0393606,-120.7489062
56.81001491095831,3388.2711057999995,39.0388815,-120.748772
56.857657498631006,3404.9935472800003,39.0384648,-120.7482463
56.91717377720212,3422.4279310399997,39.0377721,-120.7487653
56.944517780034055,3432.332787,39.0376325,-120.7491489
56.98459750644433,3463.1201895599997,39.0377992,-120.7498195
57.017303515402524,3479.3472242000003,39.0379908,-120.7503318
57.04258174994124,3490.62347128,39.03787,-120.7507341
57.07123614686315,3508.51717264,39.03782,-120.7512115
57.128584236336046,3538.53029696,39.0384013,-120.7518848
57.17875610376205,3566.4732112399997,39.0389846,-120.7523488
57.22526451689819,3586.9456528399996,39.0389492,-120.7531239
57.27505309230121,3604.18974788,39.0392637,-120.7538401
57.34328075752125,3646.18778072,39.040115,-120.7542419
57.37066548887871,3658.7501170799997,39.0404243,-120.754498
57.408252686226874,3676.65038012,39.0404217,-120.7551411
57.436134256809005,3687.7363384799996,39.0404876,-120.7556182
57.46884597176625,3696.41087944,39.040673,-120.7561359
57.51069712315008,3706.0696723999995,39.0407928,-120.7568467
57.559084393839356,3708.48437064,39.0412725,-120.7574253
57.63666040093091,3722.3393579599997,39.0423328,-120.7574817
57.64564380744187,3724.66547352,39.0423766,-120.7575782
57.67552528597159,3719.91153636,39.0419974,-120.7577713
57.70889350339366,3710.9417198,39.0416745,-120.7581817
57.77417247250465,3674.4390939600003,39.0415475,-120.759319
57.84832695359378,3626.1156016,39.0412996,-120.7605635
57.877150459392155,3614.5243938800004,39.0413808,-120.7610597
57.91971220357838,3593.9764929599996,39.0411912,-120.761741
57.96355952696765,3583.0972275199997,39.0407683,-120.7622667
58.041831085166685,3577.5821354799996,39.0399329,-120.763125
58.078397301729694,3579.04867096,39.0397163,-120.763699
58.12349582220266,3573.0348912399995,39.0394246,-120.7643884
58.17723293916537,3553.6418460000004,39.0390621,-120.7652118
58.2002615542418,3548.5237356,39.0388746,-120.7655363
58.26747193332919,3533.1562810399996,39.0386704,-120.766687
58.308903509047376,3521.1976192399998,39.0385274,-120.7673866
58.35893574494614,3515.8728159199995,39.038394,-120.7682503
58.40606946135466,3486.11231628,39.0381649,-120.7690281
58.4358432508349,3473.0972239999996,39.0380649,-120.7695002
58.49766995933694,3449.9410552799995,39.0382472,-120.770561
58.52935186971978,3443.62215744,39.0381722,-120.7711082
58.54775332665003,3439.34722292,39.0381576,-120.7714193
58.57725581777909,3429.73764256,39.0384409,-120.7717895
58.610054884970666,3418.9600831599996,39.0380742,-120.7719611
58.61867067059612,3412.19827192,39.0380576,-120.7720791
58.65063023194915,3397.52963628,39.0383284,-120.7725083
58.6752607740838,3381.7422342000004,39.0380451,-120.7727095
58.697171066411784,3365.6201864399995,39.0379951,-120.7730662
58.71104911043328,3354.07819132,39.0378201,-120.7730903
58.728040022223496,3342.1228103599997,39.037818,-120.773372
58.7410904748463,3330.18055276,39.0376909,-120.7734658
58.755448124351226,3327.0014188,39.0375659,-120.7732781
58.76944618073071,3324.38658932,39.0374784,-120.7730662
58.79067827792709,3311.89643144,39.0372097,-120.7729616
58.822795484193044,3287.61821544,39.0367721,-120.7729187
58.85187958459392,3252.79209884,39.0363951,-120.7730796
58.867404121031264,3234.00272816,39.0362534,-120.7732727
58.90105909981317,3200.3117822,39.036045,-120.7737931
58.91785167840374,3182.18186036,39.0359305,-120.7740345
58.946176186246355,3146.25666236,39.0357096,-120.7744314
58.97266156553673,3123.19235716,39.0360409,-120.7745468
58.98681596700347,3111.794719,39.0359117,-120.7746862
59.037680130010074,3064.54734216,39.0353096,-120.7750591
59.049218262286,3052.61492708,39.0353471,-120.7752334
59.071378325928734,3032.92004456,39.0353325,-120.7754131
59.08592225668628,3019.31440108,39.0353179,-120.7755285
59.10542033592163,3006.07293084,39.0352617,-120.7756492
59.12100327291901,2985.27240524,39.0351971,-120.7758396
59.152364497919436,2958.38920228,39.0352846,-120.776022
59.17132543394218,2947.59851952,39.0350492,-120.7761481
59.186918913064076,2934.7441884,39.0349158,-120.7761159
59.212574254229494,2908.0184657600003,39.035045,-120.7765343
59.234051145122244,2899.29799304,39.0348158,-120.7763278
59.255777533141305,2874.01255916,39.0348179,-120.7766818
59.275432968098485,2864.2717451999997,39.0349679,-120.7769581
59.286552830874314,2848.52699404,39.03487,-120.7770815
59.30618989792091,2838.6713506799997,39.0350791,-120.7772484
59.3330412116604,2813.21531312,39.035145,-120.7777114
59.343523153670596,2804.18972228,39.0350356,-120.7776109
59.36169695023162,2792.59851456,39.0350304,-120.777918
59.41008572803132,2741.32554704,39.0347512,-120.7786851
59.43715482439767,2716.8242339199996,39.0346731,-120.7791102
59.458500247144116,2694.01583424,39.0345043,-120.77885
59.47572627955979,2671.19103036,39.0344116,-120.7791223
59.501936199759115,2635.49549116,39.0341907,-120.7792376
59.52034598374518,2626.97514968,39.034172,-120.7795434
59.53152410005095,2630.30848312,39.0340449,-120.779479
59.575067034814964,2667.44759192,39.0336167,-120.7799953
59.58984707875152,2686.82423296,39.0338001,-120.7799565
59.604092712965,2698.8846008,39.0339616,-120.7799739
59.642537063171275,2727.15231824,39.0335876,-120.7804258
59.73635564129311,2785.64969544,39.0327854,-120.781716
59.75904353160506,2794.1962836400003,39.0326021,-120.7820392
59.78713604798343,2808.38919748,39.0323562,-120.782408
59.82761639522201,2848.92725652,39.0320802,-120.7830262
59.881122855776525,2887.11623412,39.0318833,-120.7839141
59.92492214142703,2879.9377562,39.0316489,-120.7846222
59.95127973350312,2890.13788776,39.031751,-120.785062
60.00562468279777,2884.16019728,39.0311842,-120.7856669
60.02576652896572,2882.8445804400003,39.0311186,-120.7860062
60.049497929519205,2883.46794004,39.0311238,-120.7863951
60.08498147154369,2880.22975096,39.0308978,-120.7869047
60.1102014336745,2889.6162342,39.0308071,-120.7873339
60.150362867457815,2904.46859688,39.0304425,-120.7878542
60.18481504619487,2923.12345312,39.0302248,-120.788341
60.21713387104674,2942.75599968,39.0297976,-120.7884832
60.24060753451198,2963.31046228,39.0295872,-120.7887836
60.26726701083323,2988.20875704,39.029807,-120.7891202
60.29989995299685,3018.2973406799997,39.0299987,-120.7896406
60.341316872894446,3054.8163707199997,39.0302602,-120.790283
60.40193993978915,3090.59721176,39.0306681,-120.7912091
60.43608734467271,3107.83802596,39.0304805,-120.7917375
60.464069821458125,3111.0401258,39.0304097,-120.792223
60.50883820516588,3125.7317273199997,39.0304243,-120.7930035
60.54219067143245,3136.1713602,39.030741,-120.7934166
60.56523083839706,3145.85311904,39.0310077,-120.7936177
60.60096156660899,3160.7448518,39.0309598,-120.7942319
60.66687886871266,3188.56309416,39.0308368,-120.7953692
60.70037639520013,3202.65102112,39.0308472,-120.7959271
60.73807335740466,3220.2625702399996,39.0303889,-120.7962356
60.811815751178294,3246.89642936,39.0296554,-120.7971314
60.85435569258626,3266.3157213199997,39.0290929,-120.7973326
60.92366091910871,3297.900368,39.0281802,-120.7975686
60.96706592681005,3315.92530296,39.0277823,-120.7981292
61.00428860393279,3328.88462096,39.0273426,-120.7984457
61.08258306274195,3350.92858492,39.0266279,-120.7994247
61.16349166004698,3375.32163032,39.0261091,-120.800688
61.22956700807776,3388.6287173600003,39.0264133,-120.8017555
61.25379184830465,3384.7999770799997,39.0262945,-120.802123
61.33473915603527,3369.45876924,39.0255527,-120.8031825
61.41276890854308,3351.57162956,39.0249568,-120.8043197
61.52334156730702,3332.05063156,39.0241274,-120.8059505
61.55260013140529,3330.9384268,39.0239878,-120.8064333
61.604924909540586,3330.19695696,39.0236086,-120.8072165
61.76744565076422,3319.0945944,39.0224021,-120.8096332
61.88732297008648,3300.48238908,39.0213893,-120.8112935
61.96875428820453,3280.64643044,39.0208642,-120.8125112
61.99174523324491,3273.87149584,39.0208621,-120.8129028
62.01753002398031,3265.14774228,39.020908,-120.8133507
62.265729314492106,3226.94236048,39.020012805,-120.81766672
62.409588577277425,3214.25863304,39.0195034,-120.8201716
62.452383446442894,3201.99485312,39.018947,-120.8202601
62.4743289916703,3197.9134881600003,39.0186991,-120.8204237
62.51229633478573,3190.9187372799997,39.0185032,-120.8210514
62.54988257746285,3178.32359252,39.0179885,-120.8211372
62.56453730926426,3174.9607315199996,39.0177905,-120.8210782
62.585658540134716,3168.77962896,39.0175342,-120.8210272
62.62589673896082,3159.93448432,39.0169757,-120.8210755
62.6846867375298,3126.9948507199997,39.0161554,-120.8210892
62.71178149783163,3111.38133316,39.015786,-120.8210255
62.752584855635945,3088.8944558,39.01524,-120.8208244
62.79106871994827,3071.66676496,39.0147127,-120.8208887
62.84082443848219,3038.73697388,39.0141063,-120.8213206
62.86086831843032,3026.8242438400002,39.0139979,-120.8213501
62.87822573438948,3013.90429592,39.0140646,-120.8210953
62.91631454662119,2987.86754968,39.013702,-120.8215808
62.95016377778835,2959.68513408,39.0136499,-120.8221843
62.9774673733519,2945.94169532,39.0140042,-120.8221199
62.99797097128492,2937.81505464,39.0142626,-120.8222406
63.014499394764535,2935.77109132,39.0142876,-120.8225195
63.02931703201872,2933.67463456,39.0140917,-120.8225061
63.06593046705901,2919.21269184,39.0136436,-120.8225678
63.09226484309138,2913.1726654,39.0133268,-120.8223801
63.12999224241456,2898.18250744,39.0130247,-120.8218275
63.1573379979468,2888.57948876,39.0129475,-120.8213796
63.183764164085616,2869.07489496,39.012587,-120.8214413
63.20310155588313,2853.06439576,39.0123765,-120.8212428
63.216388794637886,2845.96793884,39.0122494,-120.8213715
63.247121650278864,2823.736967,39.012066,-120.8218624
63.272676353590576,2806.68644152,39.0121973,-120.8222835
63.309213875180355,2795.0788296,39.0125099,-120.8226912
63.32799437931172,2773.77961632,39.0122952,-120.8228682
63.38297664480789,2737.13263352,39.0116262,-120.8233403
63.444814766084995,2727.9922132799998,39.0109614,-120.8240296
63.464824838996904,2717.28683236,39.0107092,-120.8241664
63.479684400906905,2711.91281644,39.0105529,-120.8240001
63.530159036327326,2663.5991666,39.009888,-120.8237238
63.54613718059441,2648.1496910399997,39.0097067,-120.8238767
63.56473557629747,2634.66871948,39.0096067,-120.8241369
63.59097320199631,2631.89312884,39.009888,-120.8244078
63.614846970836176,2620.08210484,39.0096359,-120.824676
63.67322258982997,2586.53879668,39.0094941,-120.8256953
63.69853916126799,2570.22317936,39.009763,-120.825942
63.72265290031152,2562.14575128,39.0100965,-120.8259098
63.75754666300885,2548.53026528,39.0105758,-120.8257999
63.81127057261818,2513.82553976,39.009911,-120.8262424
63.835986949262036,2499.1995550399997,39.0095921,-120.8264061
63.8653612996556,2473.46792692,39.0098693,-120.8264838
63.87457690492304,2473.9666146,39.009911,-120.8265992
63.89741842677797,2450.869501,39.0097588,-120.8269452
63.931036418351084,2433.09062904,39.0098609,-120.8275245
63.9537594190086,2409.79010336,39.0097838,-120.8277606
63.985189270201616,2396.45020792,39.0095796,-120.8272697
64.00090514488922,2396.54207144,39.0094816,-120.8270793
64.0369004971606,2369.76057452,39.0091669,-120.8275809
64.07950206438271,2344.7015186,39.0086417,-120.8279242
64.11161228338594,2330.40361788,39.0083499,-120.8275487
64.1318080669191,2317.87408992,39.0081811,-120.8273019
64.16169426327832,2311.83406348,39.0079247,-120.8268888
64.16953696423865,2296.98498164,39.0078747,-120.8269371
64.20618956380538,2274.9377368399996,39.0080894,-120.8275326
64.2528936753528,2252.9200196,39.008056,-120.8283667
64.29073737500892,2216.57815492,39.0077684,-120.8288817
64.31512036521424,2202.46726208,39.0077705,-120.8284579
64.34122645446712,2199.0814351999998,39.007833,-120.8279993
64.35221903527574,2183.85505676,39.007758,-120.8278786
64.38053745608146,2158.70413732,39.0076058,-120.8283399
64.40532206078726,2140.30190576,39.0073724,-120.8286564
64.4430558437038,2111.1286764799997,39.0070598,-120.8291687
64.47426234302071,2089.5112217200003,39.0074162,-120.8294691
64.51505425525211,2066.39442308,39.0068951,-120.8293431
64.53559499713819,2061.72578776,39.0067242,-120.8290775
64.54991918573374,2037.3852358,39.0065929,-120.8291312
64.5753092211137,2028.81896256,39.0068013,-120.8294986
64.58585039911665,2026.10570788,39.0068722,-120.8296006
64.60676569397717,2018.2284110399999,39.0065825,-120.8296247
64.62340250474465,2018.7435029199999,39.0063532,-120.8296596
64.63718427545592,2005.4200116799998,39.0062594,-120.8295845
64.64906052979094,1983.4219794800001,39.0061093,-120.8296032
64.6658867209688,1963.0578056000002,39.0060134,-120.829512
64.67571461537462,1959.13392096,39.0059864,-120.8296113
64.68444425613782,1956.86029884,39.0059676,-120.8297052
64.69234697648531,1953.12342208,39.005878,-120.8296676
64.73186523064899,1940.6759151200001,39.005334,-120.8296676
64.76291386737384,1930.87604604,39.0049025,-120.8296971
64.80200435498713,1914.1995363199999,39.0043898,-120.829842
64.81483767602033,1910.6398249200001,39.0042522,-120.8299627
64.8375740383025,1903.3301133999998,39.0039812,-120.8297642
64.89369084505965,1891.24349884,39.0035268,-120.8289917
64.92490378375525,1898.70740984,39.0033518,-120.8284874
64.99544076821118,1893.59914196,39.0024909,-120.8279081
65.03049782888526,1898.8714518399997,39.0020344,-120.8276908
65.07677134082978,1896.16475884,39.0014216,-120.8279376
65.12931221450492,1890.5348374,39.0007046,-120.828128
65.16132109100091,1911.51252836,39.0004565,-120.8286001
65.19856412602438,1898.6057038000001,39.0000855,-120.8285679
65.25292021986957,1879.6752569999999,38.9993768,-120.8282219
65.28642718927088,1886.8996666799999,38.9989328,-120.8283963
65.33525478214068,1876.4764380000001,38.9987535,-120.8275567
65.36400482257963,1881.069614,38.998395,-120.8274548
65.42888501871268,1877.59520444,38.9975174,-120.8277337
65.47829741671976,1879.66869532,38.9968316,-120.8276586
65.52471481221407,1901.04336792,38.9961874,-120.8275755
65.54168227681079,1888.6188268399999,38.9960623,-120.8278196
65.58126946030474,1885.22643828,38.9958351,-120.8284633
65.60152839689475,1880.57092632,38.9956767,-120.8287423
65.63427166035872,1877.15229104,38.9954849,-120.8291553
65.67671782097135,1880.0984853599998,38.9949554,-120.8294906
65.7,1886.0564908,38.9947345,-120.8297803
65.71939432489567,1889.90491612,38.9948574,-120.830086
65.74137776195754,1887.03746196,38.9949367,-120.8304696
65.84529654900064,1901.01384036,38.9956058,-120.8321487
65.88307341283716,1902.27368292,38.9952973,-120.8327012
65.91177728537993,1900.30189808,38.9951201,-120.8331277
65.93796515546865,1906.87998228,38.9951681,-120.8335917
65.96079716919118,1899.42919464,38.995043,-120.8339565
65.98308253645662,1898.7402182399999,38.994945,-120.8342944
66.02487764531709,1916.9324760399998,38.9949596,-120.835032
66.06600686659309,1977.68707116,38.9952306,-120.8356838
66.07974130730786,2005.3740799200002,38.9953515,-120.8358474
66.10413432534527,2030.34455316,38.9951952,-120.8361854
66.133605383472,2064.9771001999998,38.9955871,-120.8360057
66.14285435901783,2075.5250008,38.9956413,-120.8360137
66.17588550040011,2083.50400368,38.9952994,-120.8364214
66.19825477633903,2087.9101717999997,38.9950994,-120.836732
66.21791773909764,2095.03287544,38.995088,-120.8370767
66.23061813807263,2103.20216704,38.9949389,-120.8369747
66.26817184720602,2097.17198312,38.9945334,-120.8365389
66.3675770723992,2086.8110904,38.9932691,-120.8357503
66.38739277574061,2091.3550538,38.9930221,-120.8358214
66.43253568501689,2085.7874683200002,38.9926171,-120.8364235
66.45773846831435,2090.47250784,38.992392,-120.8367588
66.49378914971497,2079.09783556,38.9918958,-120.8366247
66.52847845292399,2070.96135236,38.9914184,-120.8365791
66.57290191792528,2059.37342548,38.9908764,-120.8369841
66.58574888370526,2062.2966539199997,38.9907972,-120.8371906
66.61349298669576,2048.5466534800003,38.9905762,-120.8367776
66.64025118899139,2046.3780182399998,38.9903781,-120.8364155
66.65952073301293,2049.01253276,38.9901175,-120.8364772
66.68351773533041,2039.15360856,38.9899945,-120.8360722
66.70874820350613,2036.5617449600002,38.9896464,-120.8360239
66.72886615125098,2041.57158764,38.9894296,-120.8362546
66.76558714672845,2028.04140348,38.9889188,-120.8363753
66.80134197117384,2031.0564954400002,38.9884935,-120.8367132
66.81285281998545,2029.5374665199997,38.9883434,-120.8367105
66.84793336111485,2021.0433717600001,38.9878952,-120.8364477
66.89624561716487,2015.86620624,38.9873322,-120.8359568
66.92624002900406,2018.5138441200002,38.9869132,-120.8359622
66.95220453348033,2010.4495393999998,38.9865525,-120.8359595
66.96858676866265,2004.9803791200002,38.9863273,-120.8359488
66.9948104427065,2008.29730836,38.9861501,-120.8363511
67.0473978025641,1977.2999320400002,38.9857686,-120.8371343
67.07431631572794,1970.61358012,38.9855726,-120.8375152
67.11232133205422,1968.64507612,38.9851202,-120.8378505
67.14826218389378,1955.11489196,38.9846844,-120.837534
67.1817658424814,1950.71200468,38.9842258,-120.8375313
67.21179350634564,1944.7704034399999,38.9838275,-120.8374589
67.2522928657928,1941.78483904,38.9835732,-120.8368178
67.27894613485432,1936.67329032,38.9833397,-120.836453
67.3173978340981,1943.1759152,38.9828997,-120.83685
67.34249542376702,1940.74153192,38.9826224,-120.837129
67.37687411179427,1937.8511118800002,38.9821846,-120.8373999
67.422848654274,1921.89310612,38.9816258,-120.8371987
67.44387098083824,1915.1542607600002,38.9814069,-120.8369546
67.47328741993196,1927.411479,38.9810566,-120.8372014
67.50993986754663,1942.2244716,38.9806313,-120.8375822
67.6139901767371,1954.5505874799999,38.9793948,-120.83858
67.64009843470019,1947.66082348,38.9796179,-120.8389287
67.67858567535873,1961.7323462400002,38.9799411,-120.8394786
67.71332864484602,1962.4081992800002,38.9802017,-120.8400016
67.74314830048412,1946.3517683200002,38.9805624,-120.8402752
67.77441477085803,1958.0742096400002,38.9809086,-120.8406051
67.8025476728695,1982.7920582000002,38.981288,-120.8407553
67.81171924679626,1987.95281952,38.9813235,-120.8408867
67.85462266648173,1975.7776222799998,38.9809211,-120.8414634
67.91192329082124,1978.04796356,38.9806021,-120.8424075
67.94666466628755,1972.29008936,38.9810024,-120.8427616
67.99093829391909,1988.53680904,38.9816091,-120.8429091
68.01014415640688,1986.9029507199998,38.9815862,-120.8432363
68.04168620673629,1991.6536070400002,38.981386,-120.843687
68.06702355213648,1987.8478326399998,38.9813131,-120.8441376
68.12043777881492,2001.9849722000001,38.9818281,-120.8447625
68.17800440734091,2012.6148938000001,38.9824515,-120.8454277
68.21657846259362,2013.49087808,38.9829602,-120.8452131
68.2307678364886,2011.1385158,38.9831103,-120.8453365
68.26814924618974,2025.6398285999999,38.9834648,-120.8458381
68.31477348467241,2035.82355596,38.9840006,-120.8462994
68.3417678305597,2049.92788712,38.9843634,-120.8462029
68.38667679126183,2054.39311036,38.9847157,-120.8455243
68.4285776246661,2070.18379328,38.9849513,-120.8448376
68.45880904365336,2063.6122707600002,38.9853725,-120.84491
68.48749660501024,2062.92985604,38.9854017,-120.8453767
68.51001114946477,2068.56633916,38.985508,-120.8457549
68.53500332524025,2073.2776254,38.985754,-120.8460795
68.57246715176606,2060.1870738000002,38.9862356,-120.8463316
68.61378631818557,2051.3648950399997,38.9867902,-120.8461492
68.65100316591925,2052.4606956000002,38.9872739,-120.846345
68.69767052064415,2041.64376612,38.9879118,-120.8465328
68.70829295071698,2042.650984,38.9877972,-120.8466347
68.77233171538158,2062.03746756,38.9870112,-120.8472087
68.81526826232064,2077.7001977200002,38.98654,-120.8476942
68.85449921673103,2084.06502732,38.9860667,-120.848067
68.87370929421365,2092.3032165600002,38.98595,-120.8483594
68.9211640841562,2117.8511176399998,38.9864462,-120.8489307
68.97510004981302,2137.6345828400003,38.9871529,-120.8492901
69.02280194368845,2181.56503044,38.9878222,-120.849392
69.05146659659628,2181.29272072,38.9881307,-120.8497112
69.06975531607151,2182.8708047600003,38.987891,-120.8498265
69.08359368228,2190.97447956,38.9877555,-120.8500062
69.1025437477158,2196.38130388,38.98767,-120.8503093
69.1287658144634,2162.3294655199998,38.9878222,-120.8507412
69.15003566230999,2155.5446884,38.9877826,-120.8509531
69.18204167867233,2158.2448197199997,38.9873468,-120.8510657
69.21925664386389,2167.20479376,38.9868506,-120.8512615
69.23794615119736,2175.53156568,38.986663,-120.8514707
69.27868787468078,2161.91279884,38.9861564,-120.8511247
69.31888291349685,2157.22775932,38.9855893,-120.8511623
69.36817067815447,2176.38130324,38.9850034,-120.8516424
69.38758206221885,2190.90886276,38.9847449,-120.851755
69.42429754915864,2207.65427012,38.9842779,-120.8520259
69.45033457678146,2209.64574,38.9839214,-120.8519562
69.48798095639637,2204.14377132,38.9834085,-120.8521198
69.53226948525734,2198.42854804,38.9828497,-120.8524819
69.6023800987781,2204.18642224,38.9820032,-120.8530291
69.6494390854907,2204.27828576,38.9814173,-120.8534234
69.67538064998783,2206.87671104,38.9812797,-120.8538445
69.71762781808307,2216.863588,38.9809378,-120.8544533
69.75143625356907,2222.3918034,38.9809002,-120.8550649
69.77647024640606,2208.2677872,38.9806187,-120.8553063
69.81797924507683,2166.80125044,38.9800454,-120.8554404
69.85152885954281,2121.71594716,38.9795762,-120.8554806
69.91859477787368,2034.76712548,38.9786296,-120.8555691
69.94323452630364,2002.98234756,38.9783126,-120.8556898
69.95741765632664,1991.98497188,38.978444,-120.8558722
69.99463581829352,1954.2979627999998,38.9788735,-120.8562612
70.0540796138978,1917.57223984,38.9796617,-120.8566393
70.10376891633454,1890.8432363599998,38.9803081,-120.8569853
70.14904041738056,1851.3583269599999,38.9807564,-120.857562
70.16555093756948,1863.7303746000002,38.9809357,-120.857739
70.1928988719296,1833.1004523600002,38.980552,-120.8577712
70.25525156044677,1817.2933652399997,38.979693,-120.8579965
70.33475680676922,1783.41869224,38.978688,-120.8586242
70.37176360144495,1761.4075366799998,38.9781729,-120.8587395
70.41403825035006,1750.62669644,38.9775954,-120.8589326
70.45284406249763,1732.8412627999999,38.9770532,-120.8590319
70.4979641677371,1727.2146222000001,38.9764569,-120.8592518
70.54625071386701,1738.33338896,38.9761941,-120.8599841
70.5739869481371,1748.8386386400002,38.976044,-120.8604427
70.6085502186861,1736.138507,38.9755874,-120.8602898
70.6420209096158,1731.44362496,38.9751432,-120.8604829
70.66631607444336,1717.97577676,38.9748409,-120.8606895
70.68955599390748,1716.7224958799998,38.9746115,-120.8606627
70.7157121308272,1706.16147192,38.9742737,-120.8603676
70.77078177302774,1660.70871456,38.9734083,-120.8599063
70.8437350587317,1591.96855488,38.9724845,-120.8588066
70.86178664012523,1575.84978796,38.9722426,-120.8585625
70.90499821059852,1528.17262108,38.9717714,-120.8578517
70.91603016223537,1522.0538544800002,38.9716692,-120.8577873
70.93637230837403,1513.8517544800002,38.9719924,-120.8579402
70.96470744426665,1493.55647824,38.9724418,-120.8581749
70.99960091067678,1469.55713364,38.9729965,-120.8584525
71.00472285919226,1452.6247184,38.9730069,-120.8583774
71.040785268178,1417.46395612,38.9725471,-120.8578423
71.09056287250843,1399.9508322,38.971896,-120.8571255
71.12072541811432,1386.7881021199998,38.9714059,-120.8571148
71.1635760017613,1383.74676344,38.9707303,-120.8574956
71.19271863179156,1356.46985968,38.9703028,-120.8575788
71.21136872682784,1355.34125072,38.9705947,-120.8574179
71.27018094556846,1327.1752393200002,38.9714706,-120.8567661
71.29531623361302,1309.2848188,38.9718709,-120.8566025
71.31433136806992,1296.44361104,38.9721483,-120.856809
71.3406435527873,1271.5485971199998,38.971823,-120.8564147
71.38743002343759,1228.4810104399999,38.9710306,-120.8565783
71.42930578058873,1205.40358188,38.9703403,-120.8568412
71.4539881758392,1203.74675768,38.9699566,-120.8570665
71.48649008288184,1178.07090384,38.9694019,-120.8570155
71.49966054308247,1167.40817384,38.9692101,-120.856986
71.53094288969588,1153.0905880799999,38.9697335,-120.8568305
71.55279993469142,1142.0932124,38.970088,-120.8567044
71.57755857218454,1120.83993088,38.9704425,-120.856404
71.58969175082143,1099.53087508,38.9702444,-120.8563959
71.60312282174314,1095.9317936,38.9700359,-120.856514
71.61439190427686,1085.77431296,38.9698523,-120.8565381
71.66272853520111,1046.81105712,38.9690224,-120.8564925
71.69050587350577,1036.52890456,38.9685657,-120.8566749
71.75008336094807,1029.5341536800001,38.9675396,-120.8565971
71.764888713494,1038.24150304,38.9674124,-120.8568465
71.80292753067089,1032.68376008,38.967279,-120.8576646
71.83528868249411,1030.86945556,38.9670788,-120.8583298
71.85239503495438,1017.98887772,38.967012,-120.8580482
71.90229519286731,992.2145986800001,38.9667201,-120.8570128
71.95495947559463,991.17129156,38.9661716,-120.856117
71.97326022455594,995.8661736,38.9658755,-120.8559829
72.00370562729177,988.81892928,38.9653916,-120.8557388
72.05839950832808,982.1325773599999,38.9644907,-120.8554089
72.07909156869655,983.4810025999999,38.9641508,-120.8554116
72.10639790293787,973.59911252,38.9637774,-120.8550951
72.13058375897384,973.1069865200001,38.9634333,-120.8548778
72.16144128517521,968.82877116,38.9629099,-120.8547544
72.20086680979908,963.88782612,38.9623363,-120.8543038
72.22606741607542,951.6601354399999,38.9619296,-120.8541268
72.25979934957462,942.6279829199999,38.9614499,-120.8537164
72.29244276888478,914.0092156,38.9609682,-120.8533463
72.34377458105925,891.7979288,38.9601047,-120.8531236
72.36971195760545,892.3425482399999,38.9597251,-120.8534106
72.42360373665318,945.98756308,38.9594728,-120.8545506
72.44297473840003,976.8832333600001,38.9594769,-120.8549636
72.4612655595857,988.6712914799999,38.9596209,-120.8546418
72.4788944814076,1013.2874340000001,38.9598941,-120.8544782
72.50694787824797,1040.41013828,38.9601902,-120.8539954
72.52027958128953,1055.60042748,38.9601548,-120.8542475
72.55874739225192,1099.43573072,38.9599295,-120.8550361
72.58987187231851,1137.11617812,38.9597314,-120.8556261
72.6366269442091,1197.5098808399998,38.9594165,-120.856581
72.67688285651884,1206.94885752,38.959356,-120.8574661
72.70777875271203,1180.68245248,38.9588638,-120.8576163
72.74079039554557,1158.9075174,38.9583236,-120.857796
72.77595714482325,1173.6745782399998,38.9580378,-120.8584666
72.79372240984745,1147.8674908,38.9577437,-120.8585632
72.81903134095086,1130.58074484,38.9573829,-120.8588743
72.8531410642407,1119.40292296,38.9568656,-120.8592096
72.89619709687206,1078.11027072,38.9561544,-120.8594724
72.93808552717476,1037.8904531599999,38.9554661,-120.8596843
72.97937495376789,992.05055668,38.9547548,-120.8596682
73.0,971.18769512,38.9544315,-120.8594858
73.02691764848888,967.23100208,38.9540874,-120.8594188
73.05251948515027,963.63848228,38.9537537,-120.8594456
73.08302639523934,952.53940056,38.9533699,-120.8595744
73.1098822463292,971.9685350399999,38.9531321,-120.8598962
73.16200697613712,998.2086933600001,38.9532447,-120.8607411
73.19267265086793,988.927197,38.9535075,-120.8611059
73.23492719091571,1008.47116088,38.9539247,-120.8615055
73.30487793244329,1027.0079068799998,38.9546881,-120.8621439
73.3353616520656,1035.6365160799999,38.9548424,-120.8625114
73.37717014358851,1044.87536152,38.9552075,-120.8630022
73.43387102308213,1093.85830272,38.9558144,-120.8635199
73.47011604265326,1112.63783088,38.9556455,-120.8640563
73.52583309284245,1114.4029228,38.9556371,-120.8649924
73.55530538225447,1117.9101407599999,38.9555912,-120.8654806
73.57685046740407,1115.52497008,38.9553848,-120.8657139
73.63694726074722,1097.21788288,38.9552575,-120.866709
73.66896498271464,1081.8241816,38.9552241,-120.8672401
73.71831448628792,1049.85895748,38.9553785,-120.8680206
73.74840975710887,1035.44622736,38.9554515,-120.8684551
73.78653265253607,1016.13520312,38.955585,-120.869064
73.82355742079008,1017.1096126,38.9559396,-120.8694851
73.84746864333769,1016.67982256,38.9560459,-120.8698526
73.89890071196827,988.08402112,38.9562795,-120.8706438
73.95829573706658,966.9455690000001,38.9565549,-120.8715719
73.98686367569302,959.1699782000001,38.9566341,-120.8720198
74.01433269298934,953.4875633199999,38.9566341,-120.872465
74.08124692400945,942.63126376,38.9567926,-120.8735567
74.13316318644098,934.83598792,38.9568823,-120.8744204
74.21100265399463,902.0144645600001,38.9570534,-120.8757078
74.29212409229316,893.97312572,38.9572828,-120.8770382
74.345842493439,904.6096090000001,38.9574997,-120.8778965
74.37684222143805,899.15685292,38.9575206,-120.8784035
74.43099228302476,900.2395301199999,38.9574955,-120.8793074
74.53043604848568,899.4685327200001,38.9576791,-120.8809569
74.62570223639254,844.07483016,38.957873737,-120.882531751
74.6735751252992,814.52430428,38.9581609,-120.8832422
74.71014546800117,816.18440932,38.9585426,-120.8836123
74.74914330503745,798.36288644,38.95887,-120.8841032
74.76878196162252,800.95475004,38.9588679,-120.8844036
74.80427965002224,810.2198422,38.9592788,-120.8846745
74.88793568646174,801.92259784,38.9597189,-120.8859566
74.95661133304166,809.14044584,38.9600651,-120.8870133
74.99322976369324,803.22837216,38.9600422,-120.8876276
75.05752044346627,807.63454028,38.9600901,-120.8887058
75.1078018281828,817.7329658,38.9601965,-120.88954
75.15918679000625,817.2408398,38.9601965,-120.8903929
75.19775323860985,809.17325424,38.9599775,-120.8909696
75.24086994390194,812.81498664,38.9597522,-120.8916133
75.26442882407095,808.3267975199999,38.9595228,-120.8918735
75.31518319395813,801.93244036,38.9591182,-120.8925414
75.36671615652192,802.6640676799999,38.9587928,-120.8932844
75.41308656151945,799.85894948,38.9584341,-120.8938986
75.45406493950856,805.60370032,38.9581358,-120.8944618
75.49224683146821,802.76577372,38.9577145,-120.8947998
75.51248121288961,812.73624648,38.9575581,-120.8950707
75.54017957611093,807.90685,38.9572807,-120.8953336
75.56027376811392,806.6437266,38.9570846,-120.8954891
75.59267125522766,808.53349044,38.9568865,-120.8959478
75.6430771026908,806.20737488,38.9564631,-120.8965915
75.69098637522767,799.7572434399999,38.9560543,-120.8971977
75.74202100673857,805.9547502,38.9556934,-120.8979192
75.86466767406151,833.21196892,38.9546526,-120.8994749
75.89258554572837,842.51315032,38.9544169,-120.8998316
75.95075598791718,851.0203684400001,38.9538183,-120.9004324
76.00399394322375,865.7775867600001,38.9536368,-120.9012639
76.03757482870536,873.88126156,38.9539101,-120.9016958
76.0852181450865,871.00724572,38.9542146,-120.9023905
76.16622966312549,859.2618385200001,38.9543627,-120.9037342
76.19525616653982,855.2953029600001,38.9545212,-120.9041741
76.22187147315563,855.6594762,38.9545546,-120.9046113
76.25168285328584,868.2414976,38.9545379,-120.9050351
76.2839901697976,891.45672144,38.9547423,-120.905475
76.3049655980365,906.23034396,38.9547715,-120.9058076
76.35024186774373,949.9016052,38.9548779,-120.9065425
76.4626767989087,931.48296944,38.9550406,-120.9084174
76.51806645215628,916.9685332800001,38.9552575,-120.9092998
76.5578752389097,917.2638088799999,38.9553827,-120.9099382
76.62198082386553,911.92916304,38.9557331,-120.9109118
76.66157318184233,912.72640716,38.9559166,-120.911518
76.69632933974009,905.9711576,38.9561273,-120.9119928
76.74550159510494,904.6719449600001,38.956048,-120.9128108
76.76415685551619,901.15160364,38.956119868,-120.913110156
76.81236678105448,897.7001599600001,38.9562045,-120.9138998
76.89863094201019,906.4862494800001,38.9568135,-120.9151175
76.94305796489847,906.62404476,38.957287,-120.915544
77.03355234482848,895.57417564,38.9580816,-120.9166169
77.06125468106204,899.2848056799999,38.9582234,-120.917038
77.11408189309817,910.73165644,38.958601,-120.9177676
77.21256240489632,898.71065868,38.9592037,-120.919232
77.25819825711694,872.18834812,38.9595228,-120.9198785
77.30279778257356,851.5485836800001,38.9600234,-120.9202164
77.33384023853225,843.96000076,38.9602361,-120.9206348
77.3979389937818,814.8458266,38.9607492,-120.9214663
77.4592114201863,793.5203666,38.9613749,-120.9220832
77.50604869844949,778.55317452,38.9616126,-120.9228047
77.58785150629096,734.73427548,38.9619567,-120.9240707
77.64581576711963,766.8668224400001,38.9622383,-120.924972
77.7424214037252,806.17128564,38.9626533,-120.9265062
77.78908875316887,789.19293864,38.9627388,-120.9272733
77.84710407630288,772.11616644,38.962743,-120.9282416
77.91310329478243,743.3399188,38.9626846,-120.9293467
77.9743790978924,733.43506284,38.9626137,-120.9303686
78.00521419327757,732.09648012,38.9626262,-120.9308165
78.03298604440499,702.7559279999999,38.9622362,-120.9307414
78.05542316637964,705.5610462,38.961915,-120.9307682
78.06902842939029,718.79267392,38.9618358,-120.9305751
78.09128484598861,733.8287636399999,38.9617398,-120.9301916
78.10958574627203,746.0794202,38.9617169,-120.929875
78.16002759820124,788.1299464800001,38.9613394,-120.9306288
78.18860659676767,805.4199732799999,38.961427,-120.9311437
78.20746147257995,807.7920206,38.9614771,-120.9314656
78.24879304380246,840.74477756,38.9613436,-120.9322032
78.30209565848168,872.7690567999999,38.961573,-120.9331313
78.34655441961216,881.2729940800001,38.9620235,-120.9336972
78.40413030472898,900.74806032,38.962718,-120.9342605
78.45997893669038,927.25068584,38.9630579,-120.9351858
78.48598108217968,949.5800828800001,38.9629432,-120.9356284
78.53300660306364,971.2598736000001,38.9626658,-120.9364223
78.60106700333247,1003.0348090000001,38.9620381,-120.9373852
78.63397848127818,1028.97313004,38.9615751,-120.9373772
78.68697916519476,1061.4436035200001,38.9608931,-120.9369534
78.7401339231741,1086.122082,38.9601756,-120.9366396
78.77645267280671,1109.79006176,38.9599066,-120.936071
78.8248885440578,1125.47247696,38.9593163,-120.9356472
78.84974229019868,1133.2972803599998,38.9592287,-120.9352529
78.87299169132159,1142.90029904,38.9594415,-120.9349256
78.9079920490971,1151.7126352799999,38.9596959,-120.9343731
78.95198729067774,1160.74150696,38.9600651,-120.9337294
78.9754760818474,1157.87733364,38.9601277,-120.9333056
79.00014231725531,1159.2520055999998,38.9598628,-120.9330615
79.05633560266627,1171.5649981200002,38.9590911,-120.9327906
79.12551036837021,1189.1404579999999,38.9581379,-120.9324339
79.14650257825274,1195.74150808,38.9579085,-120.9326833
79.17889120658853,1203.9698548000001,38.9574663,-120.9326055
79.21484976566597,1227.28350384,38.9569637,-120.9326645
79.24875411205848,1251.74544688,38.9566675,-120.9321844
79.29478418646839,1289.3865242,38.9564256,-120.9314039
79.32357866947885,1309.18967444,38.9563484,-120.9308836
79.37114452862062,1319.88521284,38.9556976,-120.9307146
79.42126329194811,1338.49741816,38.9549801,-120.9307655
79.43801768689053,1340.62340248,38.9547924,-120.9309479
79.4600008040794,1347.5558174,38.9546193,-120.9312805
79.48460988848677,1353.55647376,38.9542855,-120.9312001
79.54395264375567,1381.54860064,38.9537933,-120.9303042
79.58683947001586,1383.3038500399998,38.9533407,-120.9305912
79.61541148364999,1393.21526768,38.9529652,-120.9306368
79.63587683173414,1397.21789248,38.952692,-120.9307387
79.66659163374304,1400.99742016,38.9522998,-120.9308648
79.69695183731325,1403.04138348,38.9519536,-120.9311303
79.72753590512934,1406.53875892,38.9516699,-120.9315246
79.75404365233278,1416.83403484,38.9513382,-120.9313315
79.79154092393675,1430.39374656,38.9510066,-120.9307897
79.80352957301595,1429.63587252,38.9508459,-120.930779
79.82645925371105,1438.48101716,38.9505497,-120.9309318
79.85925141770132,1458.1496529600001,38.950118,-120.9307173
79.88299002144208,1442.2900724,38.9499886,-120.9310874
79.92394119409683,1417.77563592,38.9496048,-120.9316265
79.95160540360654,1414.28482216,38.9492982,-120.9319028
80.00407060061687,1384.27825952,38.948566,-120.9317285
80.02994210139659,1372.00791792,38.9482197,-120.9318545
80.06544877953786,1354.99020084,38.9477483,-120.9320771
80.09769305504015,1334.5636909999998,38.9475209,-120.9325599
80.14714484811955,1309.71788968,38.9470474,-120.9331152
80.18717845162129,1289.58665544,38.946576,-120.9327101
80.22036048878316,1280.0033217999999,38.9461149,-120.9326565
80.26202943926161,1266.6043712399999,38.945535,-120.932627
80.30107379488858,1242.08993476,38.9450719,-120.9329971
80.3297852052093,1234.1863912000001,38.9446818,-120.9328603
80.36013555723963,1227.8838975600002,38.9442875,-120.9330749
80.38711936643568,1222.81171892,38.9440435,-120.9334102
80.40738025768029,1219.0945272,38.943814,-120.9336167
80.44646723721688,1205.7513509199998,38.9432799,-120.9335738
80.48919087879433,1199.40620636,38.9427918,-120.9331125
80.5232656016515,1179.99675692,38.9423871,-120.9327692
80.5525936484962,1162.96591648,38.9420136,-120.9325331
80.57238272752419,1165.9252341600002,38.9420053,-120.9321791
80.60603610896584,1155.48888212,38.9415568,-120.9322193
80.6403161514024,1175.88258356,38.9410853,-120.9320664
80.66937237105837,1198.39898848,38.9406847,-120.9322005
80.72578157032304,1244.6555516399999,38.9399775,-120.9326511
80.75999463612591,1272.83140556,38.939748,-120.9321013
80.78550823973008,1288.63849268,38.9395519,-120.9317231
80.82740024642858,1304.59977928,38.9389615,-120.9316185
80.85194174242474,1306.25332264,38.9386611,-120.9318331
80.8788142008876,1298.18901792,38.9384149,-120.9322086
80.89874752609664,1299.79991036,38.938223,-120.9324714
80.92580401002841,1321.33206328,38.9378558,-120.9325251
80.96644094787867,1323.72379564,38.93733,-120.9322461
81.013125382957,1323.8320633600001,38.9366687,-120.9322569
81.03968024080817,1320.87274568,38.9363119,-120.9321227
81.1100453285807,1287.44098608,38.9353835,-120.9316829
81.13878794650259,1280.78744256,38.9350935,-120.9313181
81.17250816224919,1265.89242896,38.9348744,-120.9307709
81.19761741237272,1251.43048624,38.9346052,-120.9305054
81.2619453506169,1211.39767656,38.9339751,-120.9296873
81.29430437005949,1197.63127192,38.9335641,-120.9294647
81.33261464726743,1184.48822688,38.9332845,-120.928896
81.38528947280481,1183.19229508,38.9329507,-120.9280511
81.41524567172456,1176.63389592,38.9328443,-120.9276193
81.44433645758704,1183.11683576,38.9326461,-120.9280726
81.48752275688683,1162.78875112,38.9327379,-120.9288531
81.51905982858729,1172.02759656,38.9325793,-120.9293923
81.5467831967105,1168.13652032,38.932402,-120.9298107
81.56827831917063,1163.9764151999998,38.9321725,-120.9300092
81.5834068294289,1160.3346828,38.9322851,-120.9301942
81.61242537557852,1158.40554888,38.9323039,-120.9306851
81.64060290518862,1158.2349451999999,38.9322121,-120.9311866
81.6869677932705,1163.5991186,38.9318386,-120.931884
81.7433516828115,1179.76381728,38.9312189,-120.9324956
81.7690550157435,1192.18507752,38.9309957,-120.9321496
81.79207678430545,1190.76775464,38.930737,-120.9321415
81.83039929002136,1194.6982009600001,38.9302362,-120.9323883
81.86097080202151,1223.3957084400001,38.9299128,-120.9320289
81.90363822869381,1235.29531512,38.9294224,-120.9316238
81.92001883450416,1257.91998776,38.929243,-120.9314415
81.94928388103942,1265.0361297200002,38.9288883,-120.9317016
81.99556937841028,1276.15489648,38.928231,-120.9316346
82.0223836222583,1283.8222195600001,38.9279765,-120.9312859
82.06038961421079,1279.89177324,38.9276113,-120.9308943
82.11018263240423,1270.25594616,38.9270667,-120.9314817
82.1296997444529,1265.00660216,38.9268413,-120.9316507
82.17765196578762,1254.1010899999999,38.9263489,-120.9310472
82.20370563537477,1239.3307483199999,38.9261381,-120.9312671
82.22475253955713,1230.35437008,38.9258627,-120.9313932
82.2451722339997,1235.15751984,38.9256207,-120.9311893
82.26920703569164,1232.18835964,38.9254266,-120.9315407
82.29334684364643,1236.7946590000001,38.9251679,-120.9312564
82.31216407713391,1242.54597152,38.9250072,-120.9309855
82.33722949843423,1235.0754988400001,38.9248089,-120.9313047
82.35840829695158,1238.6286485599999,38.9245356,-120.9314227
82.41450307672228,1245.98429184,38.9239033,-120.9308219
82.44349564766702,1251.12864896,38.9236675,-120.9303927
82.45693261062102,1249.39964628,38.9234985,-120.9303739
82.496306260313,1249.61618172,38.9229998,-120.9306502
82.50765792883024,1247.72641788,38.9228683,-120.9307468
82.5358385991939,1241.54531532,38.9224885,-120.9308621
82.54631874239567,1229.4587007599998,38.9223737,-120.9308648
82.56441453803396,1208.96985496,38.9225094,-120.9311357
82.58404743858377,1194.00594372,38.9222798,-120.9311706
82.6033846690305,1198.7926892799999,38.9220253,-120.9311893
82.62348426075775,1215.39373968,38.9222339,-120.9314307
82.65617511265545,1225.88914684,38.9226262,-120.9317231
82.69626549292616,1225.6824539200002,38.9231938,-120.9316855
82.76553877067397,1223.02497352,38.9238658,-120.9326082
82.79002269526613,1241.8405909199998,38.923895,-120.9328067
82.80588485638391,1253.47444956,38.923728,-120.9327048
82.83337497757466,1267.57878072,38.9234296,-120.9324205
82.85316112291282,1281.31893864,38.9232126,-120.9321898
82.87607042582265,1301.80122276,38.9229038,-120.9320932
82.9031978584173,1321.8996486,38.9231563,-120.9324178
82.9235082506484,1328.70082992,38.9232752,-120.9327557
83.0158469735362,1359.94426924,38.9242914,-120.9338233
83.04678012224443,1367.91999128,38.9245752,-120.9342336
83.06890048282396,1374.08797048,38.9246858,-120.9345716
83.13873356198945,1407.2900712800001,38.9255748,-120.9351295
83.16635853676537,1417.58206636,38.9257208,-120.9355801
83.18437459087535,1426.3419091600001,38.9258377,-120.9358108
83.23482834618696,1445.12143732,38.9265346,-120.9356793
83.28872779109194,1463.1332489200001,38.9266953,-120.9366235
83.3185632948349,1472.6739316399999,38.9270688,-120.936704
83.36219308441157,1479.76710772,38.927676,-120.9366074
83.42128864834204,1476.7717008,38.9284105,-120.936189
83.43898332848418,1480.83338072,38.9285544,-120.9364491
83.45474800003672,1488.8780004,38.9284522,-120.9366852
83.49842225413626,1505.659497,38.9279118,-120.9370339
83.53801754584514,1501.5650086800001,38.9280432,-120.9377044
83.57312451404444,1511.0892872,38.9277928,-120.9382516
83.59257383541548,1502.8051662,38.9278033,-120.9385976
83.62250615479121,1500.6693393599999,38.9277782,-120.9391179
83.66178431272824,1508.17262044,38.9278846,-120.9398207
83.68964441268558,1517.93968112,38.9279785,-120.9403115
83.71167176247924,1519.5538544,38.9282581,-120.940172
83.76101045375883,1520.36094104,38.9289342,-120.9401291
83.80413722172597,1508.88456272,38.929339,-120.9407004
83.84292454851695,1513.52038964,38.9294788,-120.9413764
83.8801092214937,1515.60372304,38.9293765,-120.9420147
83.91152524703935,1514.45542904,38.9294704,-120.9425619
83.9487580237933,1512.86750248,38.929483,-120.9432432
84.03605795119915,1512.713303,38.9294934,-120.9448203
84.09552319630815,1520.6857442,38.929074,-120.9457591
84.11677208902783,1517.3228832,38.9292096,-120.9459951
84.16905409108122,1524.78023252,38.9296895,-120.9467193
84.21786042240421,1525.70871024,38.930353,-120.946604
84.24261284002289,1528.22839536,38.9307015,-120.946604
84.27812583702959,1522.50004872,38.9309686,-120.9470626
84.35410253049024,1525.85634804,38.9312982,-120.9483582
84.37906976243121,1525.10175484,38.9315924,-120.9485861
84.4064101766484,1526.6306262800001,38.9319805,-120.948562
84.44624015789216,1528.0020174,38.9324833,-120.9488436
84.47990133365711,1529.43902532,38.9329027,-120.9491119
84.51569129713499,1528.92721428,38.9333701,-120.9492835
84.56180131424927,1530.04598072,38.9333534,-120.9499541
84.61387585990082,1527.41802788,38.9334202,-120.9508982
84.64344139200801,1531.37144008,38.9332032,-120.9512388
84.6782216227122,1532.80188632,38.9327191,-120.9511262
84.70745041778098,1528.5236709600001,38.9323143,-120.9511637
84.74887604764736,1529.24545576,38.9317552,-120.9513837
84.7882969283469,1534.7113352,38.9312106,-120.9512254
84.8372826217778,1536.32222764,38.9305241,-120.9510591
84.8820998790929,1535.3346948,38.9299524,-120.9506917
84.93769894904649,1536.97839564,38.9293765,-120.9499943
84.95503839324944,1535.28876304,38.929218,-120.9497931
84.9818552730783,1537.26382872,38.9288737,-120.9499916
85.02236227581677,1540.7382382800001,38.9283207,-120.9497851
85.05047842319895,1537.80844816,38.9279243,-120.9497073
85.07210369813923,1525.31829028,38.9278262,-120.9497583
85.09012534590991,1498.77629468,38.9275717,-120.9497609
85.11186279687547,1481.1614647200001,38.9272837,-120.9496322
85.13725354584551,1462.48692344,38.9269352,-120.9495651
85.15605932430266,1455.9482093200002,38.9267099,-120.94971
85.19081186593132,1453.9042459999998,38.9267015,-120.9503403
85.2265403050426,1450.40687056,38.9271063,-120.9507547
85.25689008940087,1432.81500648,38.9275331,-120.9508151
85.27710223831421,1441.9751117600001,38.9276384,-120.9504945
85.30254150734064,1432.77235556,38.9279932,-120.9506461
85.343580388316,1429.5932216,38.9285638,-120.9508244
85.3963823049683,1410.87931024,38.9291981,-120.9514092
85.44661637581427,1382.22117284,38.929894,-120.9517418
85.48051730216565,1395.1444016,38.9301934,-120.9522433
85.53445330463563,1378.97970292,38.9309602,-120.9524941
85.59367865036188,1369.3930884400002,38.9317218,-120.9530158
85.64067336131845,1344.23560732,38.932186,-120.9536367
85.66612526103651,1345.52497744,38.9320786,-120.9540552
85.6942266865868,1347.7067360400001,38.9324682,-120.9541645
85.74394345311666,1342.9134288,38.9327541,-120.9550308
85.78615301355498,1330.83337592,38.9326956,-120.9557872
85.82668471606047,1328.2611973599999,38.9324035,-120.9564309
85.84791584654292,1320.64636772,38.9322658,-120.9567796
85.87979142439997,1321.48298192,38.9319111,-120.9571685
85.93365903662745,1340.6004366,38.9313749,-120.9578981
85.9736173252056,1323.408835,38.9311934,-120.9585847
86.0185870243592,1332.99216864,38.9311496,-120.9594028
86.05861304815296,1324.74741772,38.9309764,-120.9601324
86.082116192507,1329.50463572,38.9307823,-120.9604998
86.11819184633113,1313.18245672,38.9305194,-120.9610577
86.14614561301654,1311.9652650799999,38.9302837,-120.9614708
86.17725703955479,1305.2821940000001,38.9298851,-120.9617417
86.20229174248405,1303.92392624,38.9295304,-120.9618061
86.23653156614863,1298.94033028,38.9290797,-120.9620555
86.2534775595749,1301.44689204,38.9288857,-120.961857
86.28385041978007,1298.52694444,38.9284725,-120.9620609
86.31050351501702,1299.1962358,38.9281596,-120.9623023
86.35037860170564,1302.247417,38.9276776,-120.9626832
86.36986966015661,1296.11880788,38.9276755,-120.9629541
86.41205123715173,1310.56762724,38.9273103,-120.9635737
86.45425663104074,1314.24872972,38.9270745,-120.9642871
86.49645838156934,1335.38718184,38.9265508,-120.9647216
86.51753317328516,1344.79006928,38.9263087,-120.9649335
86.53968320045216,1365.06237964,38.9261898,-120.9651642
86.58370842883069,1369.7703850399998,38.9267803,-120.9655129
86.64148347386384,1359.252012,38.9275878,-120.965875
86.70428328180738,1356.85371796,38.9283661,-120.9665241
86.74505555748354,1348.5236651999999,38.9286562,-120.9671973
86.79213288878228,1325.70214216,38.9288127,-120.9680261
86.8309213552827,1321.92589532,38.9283828,-120.9685143
86.8850708696959,1332.1883628399999,38.9276713,-120.9689917
86.91667655618993,1332.78875656,38.9275169,-120.9695174
86.9460226733681,1323.5072601999998,38.9276129,-120.9700592
86.9916984976555,1332.3983366,38.9273875,-120.9708693
87.00658611105136,1336.16146008,38.9271872,-120.9707915
87.05885119202229,1344.60634224,38.9265278,-120.9702792
87.0863595178848,1338.84190636,38.9262795,-120.97066
87.12604042302613,1340.79400616,38.9258684,-120.9711858
87.14737919646016,1345.70870448,38.9256556,-120.970998
87.1717148928499,1358.6942692,38.9254052,-120.9706708
87.20961287426583,1374.3045059199999,38.9248835,-120.970416
87.23692122057449,1386.62406012,38.9246457,-120.9700056
87.27555263108307,1410.91868032,38.9244933,-120.9692975
87.30870922450433,1396.7881024399999,38.9240697,-120.969378
87.36855316323988,1391.10568756,38.9232497,-120.9694611
87.38866041905607,1397.6837717600001,38.9230535,-120.9692385
87.43931212366695,1391.12865344,38.9223461,-120.9694531
87.46897748365313,1402.79203964,38.9219204,-120.969335
87.49203700294254,1407.64112116,38.9216762,-120.9694557
87.56022247446009,1393.45804984,38.9224838,-120.9702228
87.60175546578706,1373.1398077200001,38.9227947,-120.970888
87.62539114769902,1366.37471564,38.9226111,-120.9712582
87.64607176915331,1367.2539807599999,38.9223252,-120.9713386
87.66790476604693,1372.06041136,38.9221353,-120.9710034
87.70404792195552,1381.41736704,38.9216596,-120.970711
87.74881585957932,1396.2926956,38.9211295,-120.9702068
87.78433771594764,1381.2762909199998,38.9207038,-120.9699788
87.8101992627462,1372.9068680799999,38.9204179,-120.9702899
87.83539658373506,1376.36815428,38.9200673,-120.9703918
87.86111053995592,1382.6115928000002,38.9197105,-120.9702416
87.88154520427672,1392.95936216,38.9196145,-120.9698822
87.90329009429463,1390.67261668,38.9193307,-120.9698876
87.92893928004968,1383.0216978,38.9189884,-120.9699949
87.95783654050797,1396.64702632,38.9187422,-120.9695523
87.98320630153566,1389.6522754399998,38.9184688,-120.9698742
88.02660053998063,1393.9304908,38.9178427,-120.969724
88.05278978892996,1397.3360027200001,38.9175047,-120.9694799
88.08088406279357,1395.21658008,38.9170998,-120.9695898
88.11805809108085,1399.23232824,38.9165697,-120.9694423
88.13761231279521,1401.76185588,38.9166261,-120.9697454
88.16608061097999,1404.23560924,38.9169308,-120.9701156
88.20162994056254,1405.98429696,38.9174546,-120.9701531
88.24842058798353,1396.4272100399999,38.9180431,-120.9706198
88.27717092591554,1384.4390206799999,38.9183248,-120.9710195
88.303550728419,1386.03350892,38.9185251,-120.9712716
88.34841255240482,1388.38259036,38.91917,-120.9714567
88.43804457160499,1375.71854796,38.9203219,-120.9723042
88.473192377183,1370.13455828,38.9207226,-120.9727119
88.51321292351255,1361.8110672,38.9208123,-120.9734361
88.55404549093693,1364.3045055999999,38.9211295,-120.9740557
88.57980027732054,1355.08206436,38.9213674,-120.9744312
88.60719472834444,1357.94951852,38.921503,-120.9749033
88.63249093551488,1352.3950564,38.9218453,-120.9749945
88.67047739973965,1340.16736572,38.9222501,-120.9745037
88.69262220022436,1334.40621068,38.9225548,-120.9745734
88.7410405791358,1338.6647409999998,38.9231349,-120.9751045
88.78849380097763,1328.45148608,38.9236983,-120.9755926
88.84232864992893,1323.03810008,38.9243181,-120.9762069
88.88988558034696,1313.75004204,38.9248919,-120.9767245
88.95245217495916,1288.68442444,38.9257474,-120.9771805
88.98444109480715,1290.08534312,38.9255033,-120.9776097
89.02967114375983,1274.37996204,38.9253572,-120.9784143
89.06823965118838,1281.48298064,38.925353,-120.9791466
89.10493324837101,1266.53219276,38.9254469,-120.979801
89.14022534113317,1261.00397736,38.925232,-120.9803911
89.16349363003815,1256.92589324,38.9250087,-120.9806701
89.19505612009682,1254.45870156,38.9245831,-120.9804984
89.24255543501434,1252.27694296,38.9241156,-120.9798708
89.30691897849297,1253.04137868,38.9235647,-120.978881
89.3274725261774,1239.69164072,38.9233561,-120.9791036
89.36424490250556,1238.9698559199999,38.9228657,-120.9793987
89.38017468684929,1236.28940964,38.9226508,-120.9795113
89.41602680829364,1229.70476376,38.9223795,-120.9800934
89.45739346658429,1224.81631216,38.9217889,-120.9801497
89.49172533762845,1214.2520073599999,38.9213549,-120.9798386
89.5271200227728,1207.27037984,38.9212672,-120.9791868
89.55533421950008,1208.83862136,38.9213924,-120.9787791
89.58372864765116,1190.16408008,38.9209772,-120.9787845
89.62428937607224,1198.9337654,38.9205723,-120.9782239
89.6524360899939,1187.91998552,38.920324,-120.9786369
89.6754159350551,1179.9212976,38.9200277,-120.9788408
89.69446988194247,1181.82746564,38.9199025,-120.9790634
89.74845769149309,1173.20541812,38.9198065,-120.9799861
89.81716559785441,1170.6201162,38.9188987,-120.9805574
89.84500685370782,1166.62733392,38.9185105,-120.980721
89.88185082829196,1161.52234688,38.9179972,-120.9809517
89.90437648938325,1161.8602733999999,38.9176841,-120.9810697
89.93668510692821,1179.05843668,38.9180556,-120.9813782
89.97523707882974,1160.12470904,38.9186024,-120.981177
90.02764872479166,1129.61289704,38.9193724,-120.9810536
90.06422665523901,1106.91276508,38.919901834,-120.980910392
90.11790558408862,1056.8143382800001,38.920673955,-120.980958672
90.19301198732343,1035.91538748,38.921709002,-120.981484385
90.23217624223473,1023.14963904,38.922268255,-120.981634589
90.27759375706033,1007.0210296,38.922898452,-120.98185453
90.29892493111768,997.69688232,38.923119646,-120.982128115
90.3339507531432,988.9107928000001,38.923470216,-120.982557269
90.38556585692456,978.4974066399999,38.923958507,-120.983313652
90.42957097821775,962.24740612,38.924350807,-120.983984204
90.47288591417853,935.1411060400001,38.924659637,-120.9847084
90.54331003349563,912.68703708,38.925039413,-120.98595831
90.58838792934378,876.8471409199999,38.925389973,-120.986687871
90.6254804295558,828.61223124,38.925769745,-120.987192126
90.64257572369759,813.46459296,38.925968669,-120.987389335
90.6566737309975,795.05251888,38.926053596,-120.987633977
90.67397367309373,771.6174787599999,38.926156885,-120.987935725
90.68088923180787,767.73624504,38.926163145,-120.988008145
90.68507347188802,767.81826604,38.926202791,-120.988002781
90.6882406506996,766.92259672,38.926204877,-120.988034967
90.69168545744631,766.89306916,38.926179838,-120.98805106
90.69697844585096,766.6601295199999,38.926167318,-120.9880752
90.70383418555294,766.85369908,38.926236177,-120.988166395
90.71164547538427,768.12994584,38.926334404,-120.988241841
90.73884563329314,751.42062772,38.926579362,-120.988624426
90.74947653662318,742.31301588,38.9265821,-120.988824
90.78629792348026,711.1778442799999,38.9265883,-120.9895106
90.81739318793986,688.14306664,38.926363,-120.9899505
90.90603307149702,677.28676708,38.925088,-120.9901892
90.97622493953682,696.13847372,38.9240572,-120.9902348
91.04891380216337,697.4606522400001,38.923018,-120.9904762
91.08671024030392,703.63191228,38.9225694,-120.9908034
91.19587715369886,683.9239064000001,38.9218098,-120.9925871
91.25684456746761,653.29398416,38.9211859,-120.9934132
91.30838983132321,649.5964774800001,38.9209939,-120.9943118
91.34283035409341,631.3714112800001,38.9211399,-120.9949179
91.37575990731406,634.96065024,38.92089012,-120.995441322
91.41133439221527,638.32351124,38.9205285,-120.9959184
91.49635722950651,661.06957496,38.9193265,-120.9963476
91.53143690164961,666.07285596,38.9188507,-120.9965997
91.57117559494411,665.24936512,38.9182831,-120.9966828
91.59051785615605,662.86747528,38.9182768,-120.9970396
91.62724124686594,655.7480524800001,38.9182059,-120.9977209
91.66479449977628,665.1575016,38.9178511,-120.9982412
91.70455599332853,667.2244308,38.9177718,-120.9989708
91.77896130610907,688.67128188,38.9170497,-121.0000168
91.82375623074124,702.06038992,38.9170998,-121.0008564
91.85605054799014,711.4337498,38.9171645,-121.0014464
91.90377608467819,731.4599971600001,38.9173398,-121.0023182
91.96548362631692,742.99871144,38.9176194,-121.0034125
92.04404242830978,779.98033992,38.917849,-121.0048502
92.08137161482546,774.89175708,38.9176633,-121.0054993
92.11213162702813,774.79989356,38.9172814,-121.005738
92.15383774461004,795.3018627199999,38.9166782,-121.0057916
92.18620812490126,808.4153802,38.9162087,-121.0058587
92.25494727680719,818.39569548,38.9152445,-121.0061886
92.30348306711612,852.75265196,38.9146122,-121.0057889
92.31945725029273,868.87141888,38.9144014,-121.0058399
92.34791230378126,875.00330884,38.9142115,-121.0063039
92.3905078556472,906.59779804,38.9136459,-121.0066312
92.44947583154057,941.8504238400001,38.9133287,-121.0075994
92.49356367965541,969.97706516,38.9133266,-121.008396
92.56289225429447,1019.2684053199999,38.9124166,-121.0088949
92.67158926108208,1116.83730608,38.9108805,-121.0093938
92.78640423313476,1172.79531312,38.9092046,-121.0096299
92.81979571516257,1173.06106116,38.9087162,-121.0096701
92.85655714817526,1185.12470984,38.9081923,-121.0097962
92.88185169970362,1188.5170984,38.9078417,-121.0098418
92.89830387766347,1196.75528764,38.9077373,-121.0096111
92.91297785901124,1202.53612772,38.9078709,-121.0094636
92.94776309572397,1221.8799603599998,38.90737,-121.009367
92.97000565162347,1232.91342528,38.9070632,-121.0094448
93.01256932687325,1247.50332076,38.906508,-121.0097774
93.03668450244537,1260.1050272,38.9061949,-121.0096191
93.05794408670674,1272.8379672400001,38.9059319,-121.0097157
93.09533261422236,1281.88324312,38.9057795,-121.0103862
93.13010592562401,1306.34190532,38.9054101,-121.0108127
93.17602691431499,1311.74872964,38.9050344,-121.0115262
93.19930999258841,1315.11487148,38.9048611,-121.011891
93.23427527087857,1326.14177472,38.9043643,-121.0118266
93.26399291313831,1327.10962252,38.903949,-121.0119929
93.28871950460689,1319.04203696,38.9040304,-121.0124167
93.31153302951812,1333.83862536,38.9037361,-121.0126071
93.33086935263562,1330.6890189599999,38.9035691,-121.0128646
93.35434129912318,1321.56172208,38.9035169,-121.0132938
93.37102903900981,1318.32681384,38.9033186,-121.013444
93.40521181602368,1324.229045,38.9028406,-121.0135432
93.44973452205093,1321.36815252,38.9023668,-121.0140823
93.49483924097514,1302.28678708,38.9027801,-121.0147422
93.51634035116908,1306.05975308,38.9026799,-121.0150747
93.60423831807239,1330.9974179199999,38.9015966,-121.0159572
93.66299957803217,1339.87209012,38.9008952,-121.0165929
93.71526835304984,1349.99348152,38.9002481,-121.0170703
93.75258878643488,1355.8104108399998,38.8998056,-121.0174512
93.79137069089649,1385.33797084,38.899816,-121.0181754
93.83018298206495,1421.6404654399998,38.8996782,-121.0188781
93.86105341202509,1448.8320673599999,38.8995697,-121.0193716
93.8866263889729,1477.2736693200002,38.899219,-121.0195165
93.90792856816074,1509.90162312,38.8989184,-121.0196184
93.96270360135661,1547.13587628,38.898192,-121.0200342
94.01065567327558,1562.53942008,38.897501,-121.0199
94.08735554528698,1567.45739924,38.8963821,-121.0200288
94.13556477690443,1571.2631736399999,38.8957872,-121.0205062
94.21104627949995,1566.79466956,38.8952444,-121.0217481
94.27151752237187,1572.17196632,38.8951693,-121.0228746
94.29276098220366,1572.13587708,38.8952549,-121.0232528
94.33210196420384,1569.81304236,38.8952173,-121.0239877
94.38067212993847,1563.80254348,38.8952695,-121.0248782
94.40419704118577,1547.80844848,38.8953739,-121.0252913
94.44163767574244,1541.9455874,38.8957246,-121.0258277
94.4800566175815,1542.59519372,38.8962694,-121.0259699
94.51189030615708,1537.43115156,38.896712,-121.0260745
94.57419656772221,1513.7631718,38.89762,-121.0260584
94.62431464213832,1493.91080896,38.8983506,-121.0259779
94.66029203359807,1476.72576904,38.8988161,-121.0256775
94.71429761018376,1467.2277372400001,38.8995947,-121.0257955
94.75855617325603,1455.544666,38.9002147,-121.025994
94.81319837107806,1433.1201246,38.900985,-121.0262247
94.83828704643764,1421.4665809199998,38.9012271,-121.0258814
94.87258611997542,1392.62799732,38.9016592,-121.0261013
94.89923015594633,1386.03678976,38.9019744,-121.0263481
94.95179026089956,1367.23429572,38.9027196,-121.026568
94.99266235773766,1356.76841612,38.90316,-121.027083
95.04866436430515,1331.8045045600002,38.9039678,-121.0271071
95.1022663798314,1314.89177436,38.9047067,-121.0274424
95.13893786716307,1305.02628848,38.9052243,-121.0274129
95.17892058372065,1292.80187864,38.9057294,-121.0271447
95.21281534309898,1277.4606708000001,38.9058066,-121.0265278
95.27560319338184,1249.92458068,38.9067,-121.0267048
95.31877389466706,1230.46591864,38.9072594,-121.0263508
95.34951492673099,1210.62996,38.9075787,-121.0259457
95.40093338444983,1190.11814832,38.9072197,-121.026796
95.43199683914828,1160.83993216,38.9075683,-121.0269113
95.46006649872416,1138.43835664,38.9079502,-121.0267477
95.49318104554837,1138.45804168,38.9083906,-121.0268094
95.54882048210932,1122.17195192,38.908806809,-121.027695694
95.61358876479741,1090.61027112,38.9095072,-121.028518
95.68785287102705,1054.7802174800001,38.9103609,-121.0293575
95.76571730130081,1019.51118748,38.9107637,-121.0307228
95.7849951977093,1007.7690611200001,38.9106781,-121.0310553
95.80893231691931,1002.56892972,38.9103358,-121.0310929
95.8329238695228,983.6548871199999,38.9099873,-121.0311331
95.86623977275413,981.32877156,38.9095323,-121.0309078
95.88038567790761,974.7900574399999,38.9094217,-121.0310795
95.90578690886205,954.25199904,38.9096679,-121.0314335
95.95396678384753,933.3169590000001,38.9096575,-121.0323374
95.99096647088842,927.1161713999999,38.9093215,-121.0328819
96.0153979244081,918.0085595600001,38.9092317,-121.0333057
96.05090575882284,887.58861108,38.9094384,-121.0338824
96.0815001751517,887.5328367999999,38.9093152,-121.0344001
96.09822820681993,858.12666788,38.9095552,-121.0343974
96.15056252389847,824.18309724,38.9103129,-121.0345449
96.17566526157687,818.53020992,38.9105884,-121.0348373
96.25001067037546,780.72180976,38.9113773,-121.035717
96.30124826528399,775.57089096,38.9120034,-121.0362106
96.37548892517856,748.59910532,38.9127798,-121.0371896
96.42542441942817,724.49805468,38.9134205,-121.0376107
96.49212440010172,726.20737232,38.9139318,-121.0386809
96.52854896103406,718.36288388,38.9143242,-121.0391422
96.5586230229692,715.3149835199999,38.9145308,-121.0396357
96.60925121572762,685.64962824,38.914249,-121.0404324
96.64637596460737,675.83007412,38.9137482,-121.0406469
96.66485999239008,693.8615707600001,38.9134977,-121.0406308
96.69973470982278,654.59647764,38.9130177,-121.040824
96.71902282618129,643.26117544,38.9127652,-121.0407328
96.74600069966151,613.23492776,38.9130114,-121.0410788
96.75823553299958,618.23820876,38.9131847,-121.0410734
96.82542160333759,533.08072572,38.9124521,-121.0419129
96.88663725658434,594.71130512,38.9117676,-121.0426425
96.97567987309438,606.37469132,38.9106082,-121.0433761
97.02269269660599,616.14831368,38.9099361,-121.0435692
97.0958924094521,604.0223290399999,38.9088759,-121.0437355
97.16423809692454,616.7683924400001,38.9080869,-121.0444704
97.2124902936401,630.89240864,38.9075985,-121.0451034
97.3027880391634,633.97967908,38.9064547,-121.0458705
97.334492748234,644.00264528,38.9064088,-121.0464177
97.35378832578697,648.47771104,38.9064965,-121.0466537
97.38423249573671,654.58335428,38.906317,-121.047158
97.40649269172104,640.47902312,38.9060331,-121.0473457
97.44290234651969,652.92653008,38.9059413,-121.0480163
97.48835792813284,668.9960844,38.9062669,-121.048762
97.51705416952156,673.39569084,38.9063921,-121.0491857
97.55075540876337,670.1542209200001,38.9059454,-121.049395
97.61437434890841,679.0288931199999,38.9055948,-121.0505054
97.6457328688803,664.9770554,38.9052316,-121.0508541
97.66555209741084,678.95015296,38.9050824,-121.051129
97.70204911082729,693.0052715200001,38.9045606,-121.0510378
97.75676162667384,683.1036964,38.9037653,-121.0510351
97.80011350448271,700.97771272,38.9031725,-121.0513141
97.84943095323047,711.33860544,38.9025401,-121.0517245
97.9031135244222,713.17915668,38.9019431,-121.0523816
97.95404042116402,721.6732514400001,38.9016425,-121.0532506
98.00475154413151,730.55120448,38.9011958,-121.0539802
98.06976581322768,734.6949054,38.9003817,-121.0545971
98.13489178798824,747.18834412,38.8994842,-121.0550102
98.2095326312794,753.5925437999999,38.8984112,-121.055273
98.25192693258708,765.24608748,38.897977,-121.0558068
98.26724014973105,779.5243031599999,38.8980877,-121.0558765
98.28422806379517,797.06695464,38.8983215,-121.0557826
98.30453010376495,804.31104936,38.898501,-121.0556324
98.33781830949883,819.32745404,38.8982985,-121.0561984
98.35982935479511,828.02496088,38.8982213,-121.0565819
98.37438924215296,832.46721824,38.8981064,-121.0568099
98.40205442324388,847.2113132000001,38.8977432,-121.0566651
98.42074297563947,867.93966032,38.8977453,-121.0568609
98.44049764727295,875.8530463999999,38.8975658,-121.0567187
98.47309985670876,894.2782438400001,38.8971295,-121.0565176
98.48990255437579,921.9521292400001,38.8969082,-121.0566356
98.50993304114756,951.25331128,38.8967287,-121.0568367
98.53728559346541,953.7434688400001,38.8963801,-121.0566114
98.59956979270147,1013.2382213999999,38.8955388,-121.0570245
98.65307759987637,1061.47641192,38.8947622,-121.0570513
98.6949943106968,1073.06761964,38.8943426,-121.0564854
98.73352967550444,1100.04268612,38.8939022,-121.0560562
98.79904197620817,1128.07418308,38.8931235,-121.0553428
98.84599284082103,1165.37405304,38.8926809,-121.0547205
98.87909245034632,1174.1896701199998,38.8925661,-121.0541331
98.9,1182.45410608,38.8923907,-121.0538809
98.93236123437906,1199.05187564,38.8922613,-121.0544844
99.00177648397998,1240.77103708,38.89223,-121.0558416
99.09040340897702,1297.17195752,38.8925703,-121.057518
99.12658616655554,1328.22838896,38.8928667,-121.0581027
99.21067869243143,1362.9101486,38.893374,-121.0595592
99.26026267348365,1367.3261592400002,38.8930922,-121.0604524
99.33385615706321,1392.58862724,38.8938479,-121.0614475
99.42415680576778,1374.35371852,38.8951735,-121.0615896
99.4890537318553,1370.49545068,38.8961191,-121.0618042
99.61555153835546,1366.67983376,38.8976305,-121.0633223
99.6720813059615,1381.6601492,38.8984446,-121.0636791
99.74598535893622,1367.03088364,38.8990061,-121.0648968
99.77306517860735,1365.30188096,38.8987932,-121.0652482
99.80888344619116,1351.91277292,38.8982567,-121.0651999
99.87073273942859,1332.91014764,38.8975136,-121.0659402
99.92673254291311,1310.26250912,38.8967788,-121.0664981
99.98366499774838,1297.0964982,38.8961358,-121.0672169
100.00279017760928,1291.89308596,38.8960064,-121.0675307
100.02532141037592,1288.0709073599999,38.895687,-121.0676165
100.08430689296443,1285.843217,38.8951088,-121.0684668
100.11650802466045,1285.58731148,38.894756,-121.0688986
100.13599635812075,1285.93508052,38.8944784,-121.068845
100.1610248155386,1291.0203825199999,38.8943531,-121.0684078
100.18279425033386,1291.80778412,38.8945598,-121.0680832
