runner_id,year,bib,first_name,last_name,name,gender,age,city,state,country,finish_min,finished,overall_place,gender_place
2017-46,2017,46,Ryan,Sandes,Ryan Sandes,M,35,Cape Town,ZAF,ZAF,979.6166666666667,True,1.0,1.0
2017-27,2017,27,Alex,Nichols,Alex Nichols,M,32,Colorado Springs,CO,USA,1008.3833333333333,True,2.0,2.0
2017-202,2017,202,Mark,Hammond,Mark Hammond,M,32,Millcreek,UT,USA,1012.95,True,3.0,3.0
2017-M3,2017,M3,Jeff,Browning,Jeff Browning,M,45,Bend,OR,USA,1052.1,True,4.0,4.0
2017-M9,2017,M9,Christopher,Denucci,Christopher Denucci,M,37,Menlo Park,CA,USA,1056.1833333333334,True,5.0,5.0
2017-31,2017,31,Avery,Collins,Avery Collins,M,25,steamboat springs,CO,USA,1057.1833333333334,True,6.0,6.0
2017-M6,2017,M6,Ian,Sharman,Ian Sharman,M,36,Bend,OR,USA,1062.1,True,7.0,7.0
2017-M10,2017,M10,Jesse,Haynes,Jesse Haynes,M,44,Capistrano Beach,CA,USA,1064.3833333333334,True,8.0,8.0
2017-M5,2017,M5,Paul,Giblin,Paul Giblin,M,39,Paisley,GBR,GBR,1079.1,True,9.0,9.0
2017-M8,2017,M8,Kyle,Pietari,Kyle Pietari,M,30,Edgewater,CO,USA,1091.7333333333333,True,10.0,10.0
2017-14,2017,14,Tofol,Castanyer,Tofol Castanyer,M,45,Soller,ESP,ESP,1105.7,True,11.0,11.0
2017-44,2017,44,Jonas,Buud,Jonas Buud,M,43,Mora,SWE,SWE,1112.95,True,12.0,12.0
2017-28,2017,28,Elov,Olsson,Elov Olsson,M,27,Gavle,SWE,SWE,1124.9333333333334,True,13.0,13.0
2017-248,2017,248,Dominick,Layfield,Dominick Layfield,M,45,Los Angeles,CA,USA,1169.1666666666667,True,14.0,14.0
2017-204,2017,204,Cat,Bradley,Cat Bradley,F,23,Boulder,CO,USA,1171.5,True,15.0,1.0
2017-16,2017,16,Erik,Clavery,Erik Clavery,M,37,REMOUILLE,FRA,FRA,1186.25,True,16.0,15.0
2017-38,2017,38,Magdalena,Boulet,Magdalena Boulet,F,43,Oakland,CA,USA,1189.25,True,17.0,2.0
2017-189,2017,189,Davide,Grazielli,Davide Grazielli,M,42,Pieve Ligure,ITA,ITA,1193.6166666666666,True,18.0,16.0
2017-39,2017,39,Zachary,Szablewski,Zachary Szablewski,M,27,Newcastle,WA,USA,1195.2333333333333,True,19.0,17.0
2017-243,2017,243,Jesse,Lang,Jesse Lang,M,32,Richland,WA,USA,1209.8333333333333,True,20.0,18.0
2017-22,2017,22,Sabrina,Stanley,Sabrina Stanley,F,27,Steamboat Springs,CO,USA,1211.6833333333334,True,21.0,3.0
2017-40,2017,40,Jared,Burdick,Jared Burdick,M,30,Fayetteville,NY,USA,1223.8166666666666,True,22.0,19.0
2017-33,2017,33,Kaytlyn,Gerbin,Kaytlyn Gerbin,F,28,Issaquah,WA,USA,1246.9166666666667,True,23.0,4.0
2017-11,2017,11,Fiona,Hayvice,Fiona Hayvice,F,41,Wellington,NZL,NZL,1251.45,True,24.0,5.0
2017-25,2017,25,Nicole,Kalogeropoulos,Nicole Kalogeropoulos,F,35,Dallas,TX,USA,1260.8666666666666,True,25.0,6.0
2017-350,2017,350,Jeremy,Wolf,Jeremy Wolf,M,37,Bellingham,WA,USA,1262.9,True,26.0,20.0
2017-29,2017,29,Jacqueline,Merritt,Jacqueline Merritt,F,29,Atlanta,GA,USA,1267.3833333333334,True,27.0,7.0
2017-24,2017,24,Ryan,Kaiser,Ryan Kaiser,M,38,Bend,OR,USA,1298.3333333333333,True,28.0,21.0
2017-74,2017,74,Katsutoshi,Saijo,Katsutoshi Saijo,M,43,Yokohama,JPN,JPN,1298.65,True,29.0,22.0
2017-290,2017,290,James,Player,James Player,M,44,Roseville,CA,USA,1300.5,True,30.0,23.0
2017-51,2017,51,Dan,Barger,Dan Barger,M,51,Auburn,CA,USA,1309.2166666666667,True,31.0,24.0
2017-15,2017,15,Ildiko,Wermescher,Ildiko Wermescher,F,52,Budapest,HUN,HUN,1310.5333333333333,True,32.0,8.0
2017-F6,2017,F6,Meghan,Arbogast,Meghan Arbogast,F,56,Cool,CA,USA,1317.15,True,33.0,9.0
2017-344,2017,344,Xiaolin,Wang,Xiaolin Wang,M,41,Kunming,CHN,CHN,1335.8833333333334,True,34.0,25.0
2017-144,2017,144,Lon,Freeman,Lon Freeman,M,42,Kensington,CA,USA,1336.8,True,35.0,26.0
2017-13,2017,13,Andrea,Huser,Andrea Huser,F,43,Sigriswil,CHE,CHE,1351.75,True,36.0,10.0
2017-294,2017,294,Jake,Rankinen,Jake Rankinen,M,32,Alexandria,VA,USA,1358.0666666666666,True,37.0,27.0
2017-82,2017,82,Kelly,Barber,Kelly Barber,M,47,Davis,CA,USA,1360.3666666666666,True,38.0,28.0
2017-342,2017,342,Leif,Van Acker,Leif Van Acker,M,22,Blacksburg,VA,USA,1363.8666666666666,True,39.0,29.0
2017-297,2017,297,Mallory,Richard,Mallory Richard,F,32,Winnipeg,MB,CAN,1364.3333333333333,True,40.0,11.0
2017-216,2017,216,John,Horns,John Horns,M,54,Edina,MN,USA,1366.9,True,41.0,30.0
2017-338,2017,338,Alexandre,Tilmant,Alexandre Tilmant,M,47,Brooklyn,NY,USA,1368.1166666666666,True,42.0,31.0
2017-108,2017,108,Alex,Brennwald,Alex Brennwald,M,34,Zurich,CHE,CHE,1370.1833333333334,True,43.0,32.0
2017-284,2017,284,Michael,Ohler,Michael Ohler,M,47,Kandel,DEU,DEU,1370.7166666666667,True,44.0,33.0
2017-254,2017,254,Gary,Geist,Gary Geist,M,51,Portland,OR,USA,1370.8666666666666,True,45.0,34.0
2017-17,2017,17,Stephanie,Howe Violett,Stephanie Howe Violett,F,33,Bend,OR,USA,1372.4333333333334,True,46.0,12.0
2017-45,2017,45,Michael,Wardian,Michael Wardian,M,43,Arlington,VA,USA,1376.2666666666667,True,47.0,35.0
2017-110,2017,110,Kim,Espat,Kim Espat,M,32,Hayward,CA,USA,1378.5,True,48.0,36.0
2017-176,2017,176,Elijah,Flenner,Elijah Flenner,M,43,Fort Collins,CO,USA,1379.1666666666667,True,49.0,37.0
2017-304,2017,304,Sebastien,Roulier,Sebastien Roulier,M,43,Sherbrooke,QC,CAN,1382.2,True,50.0,38.0
2017-19,2017,19,Jeff,Ball,Jeff Ball,M,28,Cedar Hill,TX,USA,1383.1833333333334,True,51.0,39.0
2017-115,2017,115,Ted,Bross,Ted Bross,M,27,Dayton,OH,USA,1387.2166666666667,True,52.0,40.0
2017-70,2017,70,John,Andersen,John Andersen,M,41,Crozet,VA,USA,1391.85,True,53.0,41.0
2017-156,2017,156,Mario,Diego,Mario Diego,M,43,Novato,CA,USA,1394.8,True,54.0,42.0
2017-M4,2017,M4,Thomas,Lorblanchet,Thomas Lorblanchet,M,37,Clermont Ferrand,FRA,FRA,1395.6333333333334,True,55.0,43.0
2017-306,2017,306,Ian,Seabury,Ian Seabury,M,27,Los Angeles,CA,USA,1399.1333333333334,True,56.0,44.0
2017-174,2017,174,Jonathan,Faryadi,Jonathan Faryadi,M,28,Concord,NC,USA,1400.1,True,57.0,45.0
2017-M7,2017,M7,Chris,Mocko,Chris Mocko,M,31,Mill Valley,CA,USA,1402.5166666666667,True,58.0,46.0
2017-285,2017,285,Gregory,Pace,Gregory Pace,M,39,San Anselmo,CA,USA,1403.3,True,59.0,47.0
2017-150,2017,150,Peter,Dawson,Peter Dawson,M,37,Los Angeles,CA,USA,1403.5833333333333,True,60.0,48.0
2017-213,2017,213,Josef,Hoelscher,Josef Hoelscher,M,34,Denver,CO,USA,1407.8333333333333,True,61.0,49.0
2017-206,2017,206,Karl,Hoagland,Karl Hoagland,M,52,Fairfax,CA,USA,1408.2666666666667,True,62.0,50.0
2017-114,2017,114,Lewis,Hayden,Lewis Hayden,M,43,Zeeland,MI,USA,1413.2666666666667,True,63.0,51.0
2017-133,2017,133,Matt,Zuchetto,Matt Zuchetto,M,42,Spokane,WA,USA,1414.9,True,64.0,52.0
2017-372,2017,372,Kent,Ryhorchuk,Kent Ryhorchuk,M,42,Portola Valley,CA,USA,1417.5,True,65.0,53.0
2017-275,2017,275,Jordi,Moncada,Jordi Moncada,M,41,San Francisco,CA,USA,1417.9333333333334,True,66.0,54.0
2017-181,2017,181,Cristobal,Forno,Cristobal Forno,M,35,Santiago,CHL,CHL,1422.15,True,67.0,55.0
2017-361,2017,361,Matthew,Zabriskie,Matthew Zabriskie,M,30,Salt Lake City,UT,USA,1422.3,True,68.0,56.0
2017-261,2017,261,Kristy,McBride,Kristy McBride,F,31,Charlevoix,MI,USA,1422.8166666666666,True,69.0,13.0
2017-215,2017,215,Mandie,Holmes,Mandie Holmes,F,31,Mountain View,CA,USA,1422.85,True,70.0,14.0
2017-270,2017,270,Paulo,Medina,Paulo Medina,M,33,Auburn,CA,USA,1426.2,True,71.0,57.0
2017-317,2017,317,Richard,Snipes,Richard Snipes,M,42,San Anselmo,CA,USA,1429.1333333333334,True,72.0,58.0
2017-283,2017,283,Angel,Ochoa,Angel Ochoa,M,29,Tucson,AZ,USA,1429.9,True,73.0,59.0
2017-322,2017,322,Andrew,Stevens,Andrew Stevens,M,40,Stourport,GBR,GBR,1435.0833333333333,True,74.0,60.0
2017-305,2017,305,Philip,Sanderson,Philip Sanderson,M,49,Sf,CA,USA,1435.3666666666666,True,75.0,61.0
2017-120,2017,120,Stephanie,Case,Stephanie Case,F,35,Geneva,CHE,CHE,1438.4166666666667,True,76.0,15.0
2017-F1,2017,F1,Kaci,Lickteig,Kaci Lickteig,F,30,Omaha,NE,USA,1442.3,True,77.0,16.0
2017-360,2017,360,Gareth,Williams,Gareth Williams,M,36,Calgary,AB,CAN,1450.0333333333333,True,78.0,62.0
2017-391,2017,391,Jeremy,Lucier,Jeremy Lucier,M,32,Chantilly,VA,USA,1476.9666666666667,True,79.0,63.0
2017-363,2017,363,Nic,Errol,Nic Errol,M,31,London,GBR,GBR,1488.15,True,80.0,64.0
2017-53,2017,53,Eddie,Schmidt,Eddie Schmidt,M,53,Elk Grove,CA,USA,1492.35,True,81.0,65.0
2017-119,2017,119,Sean,Greaney,Sean Greaney,M,36,Durharm,CT,USA,1495.2833333333333,True,82.0,66.0
2017-245,2017,245,Chad,Lasater,Chad Lasater,M,45,Houston,TX,USA,1504.0666666666666,True,83.0,67.0
2017-87,2017,87,Joshua,Nichols,Joshua Nichols,M,29,Ypsilanti,MI,USA,1505.2333333333333,True,84.0,68.0
2017-205,2017,205,David,Harvey,David Harvey,M,33,Landford,GBR,GBR,1506.1,True,85.0,69.0
2017-328,2017,328,Suzi,Swinehart,Suzi Swinehart,F,45,Fort Wayne,IN,USA,1509.8333333333333,True,86.0,17.0
2017-152,2017,152,Patrick,Meskell,Patrick Meskell,M,52,Ramona,CA,USA,1514.3333333333333,True,87.0,70.0
2017-307,2017,307,Gregory,Shumavon,Gregory Shumavon,M,42,Lake Oswego,OR,USA,1516.4,True,88.0,71.0
2017-21,2017,21,Emily,Harrison,Emily Harrison,F,31,Flagstaff,AZ,USA,1525.9,True,89.0,18.0
2017-125,2017,125,Jason,Chidester,Jason Chidester,M,39,Dunwoody,GA,USA,1531.75,True,90.0,72.0
2017-101,2017,101,Virgil,Bretz,Virgil Bretz,M,45,Mount Kisco,NY,USA,1538.7666666666667,True,91.0,73.0
2017-30,2017,30,Alondra,Moody,Alondra Moody,F,40,Andersonville,TN,USA,1548.7833333333333,True,92.0,19.0
2017-102,2017,102,Todd,Boese,Todd Boese,M,33,Chico,CA,USA,1549.0,True,93.0,74.0
2017-137,2017,137,Tremayne,Cowdry,Tremayne Cowdry,M,43,Maidstone,GBR,GBR,1550.1166666666666,True,94.0,75.0
2017-320,2017,320,Dana,Anderson,Dana Anderson,F,34,South Jordan,UT,USA,1556.9166666666667,True,95.0,20.0
2017-362,2017,362,Weifeng,Zhang,Weifeng Zhang,M,41,Xi'an,CHN,CHN,1561.0,True,96.0,76.0
2017-157,2017,157,Franz,Dill,Franz Dill,M,41,Half Moon Bay,CA,USA,1563.2833333333333,True,97.0,77.0
2017-210,2017,210,Richard,Hensser,Richard Hensser,M,53,Dallas,TX,USA,1568.5,True,98.0,78.0
2017-83,2017,83,Greg,Bargo,Greg Bargo,M,34,Tallahassee,FL,USA,1568.8,True,99.0,79.0
2017-105,2017,105,Shavinder,Singh,Shavinder Singh,M,39,Fair Oaks,CA,USA,1569.45,True,100.0,80.0
2017-165,2017,165,Troy,Dzioba,Troy Dzioba,M,45,Spruce Grove,AB,CAN,1571.3166666666666,True,101.0,81.0
2017-381,2017,381,Sean,Nowak,Sean Nowak,M,41,Nairobi,KEN,KEN,,False,,
2017-158,2017,158,David,Dirito,David Dirito,M,36,Chapel Hill,NC,USA,1578.3666666666666,True,102.0,82.0
2017-359,2017,359,Robin,Young,Robin Young,F,27,Woodside,CA,USA,1582.3833333333334,True,103.0,21.0
2017-334,2017,334,Tomas,Tencer,Tomas Tencer,M,40,Malacky,SVK,SVK,1584.3,True,104.0,83.0
2017-64,2017,64,Robert,Gierula,Robert Gierula,M,53,Krakow,POL,POL,1591.75,True,105.0,84.0
2017-171,2017,171,Daniel,Evans,Daniel Evans,M,39,Littleton,CO,USA,1594.2833333333333,True,106.0,85.0
2017-278,2017,278,Jess,Mullen,Jess Mullen,F,42,Seattle,WA,USA,1599.8666666666666,True,107.0,22.0
2017-262,2017,262,Maddy,McCarthy,Maddy McCarthy,F,33,Newburyport,MA,USA,,False,,
2017-106,2017,106,West,Bourgault,West Bourgault,M,40,Auburn,CA,USA,1605.6833333333334,True,108.0,86.0
2017-265,2017,265,Dan,Mcintyre,Dan Mcintyre,M,50,Fort Worth,TX,USA,1606.0333333333333,True,109.0,87.0
2017-186,2017,186,Bob,Gerenz,Bob Gerenz,M,49,Fort Collins,CO,USA,1606.15,True,110.0,88.0
2017-201,2017,201,Ron,Hammett,Ron Hammett,M,47,Las Vegas,NV,USA,1606.3333333333333,True,111.0,89.0
2017-242,2017,242,Yuri,Lane,Yuri Lane,M,41,San Francisco,CA,USA,1608.0333333333333,True,112.0,90.0
2017-97,2017,97,David,Binder,David Binder,M,49,LOS ANGELES,CA,USA,1608.05,True,113.0,91.0
2017-168,2017,168,Stephen,England,Stephen England,M,37,New York,NY,USA,1611.6333333333334,True,114.0,92.0
2017-354,2017,354,Robert,Scott,Robert Scott,M,47,Diamond Springs,CA,USA,1621.5333333333333,True,115.0,93.0
2017-230,2017,230,Eric,Johnson,Eric Johnson,M,51,Red Bluff,CA,USA,1622.7,True,116.0,94.0
2017-160,2017,160,Jason,Donaldson,Jason Donaldson,M,35,Portland,OR,USA,1625.45,True,117.0,95.0
2017-343,2017,343,Katie,Wallace,Katie Wallace,F,34,Antioch,CA,USA,1627.8666666666666,True,118.0,23.0
2017-218,2017,218,Paul,Huggins,Paul Huggins,M,42,Austin,TX,USA,1631.35,True,119.0,96.0
2017-274,2017,274,Jason,Mintz,Jason Mintz,M,37,Syracuse,NY,USA,1634.0,True,120.0,97.0
2017-75,2017,75,Kuni,Yamagata,Kuni Yamagata,M,64,Citrus Heights,CA,USA,1637.25,True,121.0,98.0
2017-F8,2017,F8,Maggie,Guterl,Maggie Guterl,F,36,Newtown Square,PA,USA,1642.2166666666667,True,122.0,24.0
2017-308,2017,308,Ronald,Green,Ronald Green,M,49,Bel Air,MD,USA,1643.1666666666667,True,123.0,99.0
2017-244,2017,244,Mark,Lantz,Mark Lantz,M,51,Gold River,CA,USA,1649.1833333333334,True,124.0,100.0
2017-224,2017,224,Chris,Perillo,Chris Perillo,M,47,Lincoln,CA,USA,1654.55,True,125.0,101.0
2017-272,2017,272,Graham,Melvin,Graham Melvin,M,36,Bellingham,WA,USA,1656.5666666666666,True,126.0,102.0
2017-369,2017,369,Luke,Laga,Luke Laga,M,40,Milwaukee,WI,USA,1657.1,True,127.0,103.0
2017-220,2017,220,David,Iler,David Iler,M,40,Austin,TX,USA,1657.3333333333333,True,128.0,104.0
2017-136,2017,136,Michael,Courtney,Michael Courtney,M,33,Wellington,NZL,NZL,1657.4833333333333,True,129.0,105.0
2017-340,2017,340,Randy,Troyer,Randy Troyer,M,52,Lagrange,IN,USA,1657.55,True,130.0,106.0
2017-20,2017,20,Joel,Frost-Tift,Joel Frost-Tift,M,29,Huntington Park,CA,USA,1661.0666666666666,True,131.0,107.0
2017-228,2017,228,John,Jenkins III,John Jenkins III,M,43,Absecon,NJ,USA,1662.1333333333334,True,132.0,108.0
2017-79,2017,79,Phil,Atkinson,Phil Atkinson,M,44,Casper,WY,USA,1662.9333333333334,True,133.0,109.0
2017-131,2017,131,Stephanie,Dempsey,Stephanie Dempsey,F,40,Arlington,VA,USA,1664.4833333333333,True,134.0,25.0
2017-269,2017,269,Nicholas,Balbach,Nicholas Balbach,M,35,Brownsburg,IN,USA,1666.5833333333333,True,135.0,110.0
2017-143,2017,143,Steven,Labranche,Steven Labranche,M,43,Oakdale,CT,USA,1667.9,True,136.0,111.0
2017-123,2017,123,Matthew,Searfus,Matthew Searfus,M,44,Lake Oswego,OR,USA,1668.8333333333333,True,137.0,112.0
2017-226,2017,226,Tj,Jeannette,Tj Jeannette,M,42,North Mankato,MN,USA,1669.7166666666667,True,138.0,113.0
2017-325,2017,325,Cindy,Stonesmith,Cindy Stonesmith,F,53,Louisville,CO,USA,1669.9833333333333,True,139.0,26.0
2017-52,2017,52,John,Nichols,John Nichols,M,52,Sacramento,CA,USA,1670.4166666666667,True,140.0,114.0
2017-67,2017,67,Nicholas,Banaszak,Nicholas Banaszak,M,30,Roseville,CA,USA,1670.8666666666666,True,141.0,115.0
2017-56,2017,56,Alex,Massey,Alex Massey,M,29,Sydney,AUS,AUS,1671.2833333333333,True,142.0,116.0
2017-398,2017,398,John,Fegyveresi,John Fegyveresi,M,40,Quechee,VT,USA,1671.7666666666667,True,143.0,117.0
2017-41,2017,41,Ashley,Truan,Ashley Truan,F,34,Wixom,MI,USA,1673.35,True,144.0,27.0
2017-393,2017,393,Andrew,Gzybowski,Andrew Gzybowski,M,35,Larkspur,CO,USA,1679.1,True,145.0,118.0
2017-293,2017,293,Matt,Provencher,Matt Provencher,M,27,Santa Clara,CA,USA,1683.35,True,146.0,119.0
2017-124,2017,124,Sam,Patterson,Sam Patterson,M,43,Cameron Park,CA,USA,1685.55,True,147.0,120.0
2017-77,2017,77,Melissa,Johnson,Melissa Johnson,F,41,Auburn,CA,USA,1686.3333333333333,True,148.0,28.0
2017-332,2017,332,Marc,Teismann,Marc Teismann,M,35,Salt Lake City,UT,USA,1688.1666666666667,True,149.0,121.0
2017-195,2017,195,Kristin,Gustafsson,Kristin Gustafsson,F,48,Folsom,CA,USA,1688.4,True,150.0,29.0
2017-257,2017,257,Pedro,Martinez,Pedro Martinez,M,31,Van Nuys,CA,USA,1693.0833333333333,True,151.0,122.0
2017-185,2017,185,Andrea,Gautschi,Andrea Gautschi,F,45,Lotus,CA,USA,1693.7666666666667,True,152.0,30.0
2017-98,2017,98,Johanna,Blanchard,Johanna Blanchard,F,32,Roseburg,OR,USA,1693.9,True,153.0,31.0
2017-233,2017,233,Genia,Kacey-McKnight,Genia Kacey-McKnight,F,41,Bothell,WA,USA,1693.9166666666667,True,154.0,32.0
2017-63,2017,63,David,Aguayo,David Aguayo,M,41,Los Osos,CA,USA,1694.6666666666667,True,155.0,123.0
2017-200,2017,200,Gary,Wang,Gary Wang,M,49,Corte Madera,CA,USA,1694.8,True,156.0,124.0
2017-172,2017,172,Geoff,Evison,Geoff Evison,M,51,Sydney,AUS,AUS,1696.2666666666667,True,157.0,125.0
2017-314,2017,314,Jim,Roche,Jim Roche,M,48,Swansboro,NC,USA,1696.35,True,158.0,126.0
2017-286,2017,286,Kevin,Patja,Kevin Patja,M,41,Lincoln,CA,USA,1697.4833333333333,True,159.0,127.0
2017-279,2017,279,Gregory,Lynch,Gregory Lynch,M,49,El Macero,CA,USA,1698.5333333333333,True,160.0,128.0
2017-208,2017,208,Dale,Hawkins,Dale Hawkins,M,43,Erie,CO,USA,1702.05,True,161.0,129.0
2017-130,2017,130,Pete,Coleman,Pete Coleman,M,43,Marietta,GA,USA,1705.8,True,162.0,130.0
2017-155,2017,155,Ron,Delozier,Ron Delozier,M,39,Columbus,OH,USA,1705.85,True,163.0,131.0
2017-129,2017,129,Emily,Clay,Emily Clay,F,27,Baltimore,MD,USA,1708.1833333333334,True,164.0,33.0
2017-231,2017,231,Chris,Jones,Chris Jones,M,45,Sonoma,CA,USA,1711.3833333333334,True,165.0,132.0
2017-100,2017,100,John,Lacroix,John Lacroix,M,35,Castle Rock,CO,USA,1711.5333333333333,True,166.0,133.0
2017-249,2017,249,David,Leeke,David Leeke,M,40,Nevada City,CA,USA,1711.8333333333333,True,167.0,134.0
2017-132,2017,132,Brent,Colwell,Brent Colwell,M,39,Martinsville,IN,USA,1712.9166666666667,True,168.0,135.0
2017-396,2017,396,James,Whipple,James Whipple,M,39,Norwalk,CT,USA,1713.1333333333334,True,169.0,136.0
2017-319,2017,319,Adam,Stepanovic,Adam Stepanovic,M,33,Santa Cruz,CA,USA,1715.2,True,170.0,137.0
2017-153,2017,153,Michael,Dehaye,Michael Dehaye,M,47,Huntsville,AL,USA,1715.7333333333333,True,171.0,138.0
2017-225,2017,225,Alyson,Jay,Alyson Jay,F,38,Flagstaff,AZ,USA,1715.9,True,172.0,34.0
2017-282,2017,282,Jamie,Nott,Jamie Nott,M,42,Calgary,AB,CAN,1715.9666666666667,True,173.0,139.0
2017-141,2017,141,Jordan,Cravens,Jordan Cravens,M,23,Evansville,IN,USA,1716.2833333333333,True,174.0,140.0
2017-348,2017,348,Troy,Windsor,Troy Windsor,M,49,Oakland,CA,USA,1720.2,True,175.0,141.0
2017-212,2017,212,Michael,Chu,Michael Chu,M,34,Jackson Heights,NY,USA,1720.7,True,176.0,142.0
2017-166,2017,166,Andrew,Ewing,Andrew Ewing,M,39,Corte Madera,CA,USA,1722.0333333333333,True,177.0,143.0
2017-277,2017,277,Jason,Moriarty,Jason Moriarty,M,33,Foresthill,CA,USA,1722.1833333333334,True,178.0,144.0
2017-177,2017,177,Gary,Klein,Gary Klein,M,51,Folsom,CA,USA,1722.5,True,179.0,145.0
2017-58,2017,58,Kenneth,Gregorich,Kenneth Gregorich,M,58,Castro Valley,CA,USA,1724.2,True,180.0,146.0
2017-78,2017,78,Eric,Geidel,Eric Geidel,M,39,Trier,DEU,DEU,1724.2333333333333,True,181.0,147.0
2017-219,2017,219,Charles,Humphrey III,Charles Humphrey III,M,40,Asheville,NC,USA,1724.4666666666667,True,182.0,148.0
2017-333,2017,333,David,Files,David Files,M,42,Batavia,IL,USA,1728.2333333333333,True,183.0,149.0
2017-260,2017,260,Charley,Jones,Charley Jones,M,45,Folsom,CA,USA,1728.5666666666666,True,184.0,150.0
2017-60,2017,60,Keith,Blom,Keith Blom,M,60,San Jose,CA,USA,1731.1166666666666,True,185.0,151.0
2017-203,2017,203,Kevin,Harris,Kevin Harris,M,39,Stellenbosch,ZAF,ZAF,1731.55,True,186.0,152.0
2017-68,2017,68,Petr,Hruby,Petr Hruby,M,43,Velke Popovice,CZE,CZE,1732.55,True,187.0,153.0
2017-374,2017,374,Thomas,Wong,Thomas Wong,M,47,Bloomfield,NJ,USA,1732.8,True,188.0,154.0
2017-57,2017,57,Brent,Abbott,Brent Abbott,M,34,Boulder,CO,USA,1734.5333333333333,True,189.0,155.0
2017-235,2017,235,Sarah,Keyes,Sarah Keyes,F,32,Saranac Lake,NY,USA,1735.65,True,190.0,35.0
2017-80,2017,80,Paul,Grimes,Paul Grimes,M,42,Loomis,CA,USA,1736.6833333333334,True,191.0,156.0
2017-345,2017,345,Rebecca,Watters,Rebecca Watters,F,31,ATLANTA,GA,USA,1737.75,True,192.0,36.0
2017-411,2017,411,Kelly,Valentine,Kelly Valentine,F,39,Sacramento,CA,USA,1738.1666666666667,True,193.0,37.0
2017-113,2017,113,Joel,Tapley,Joel Tapley,M,49,Dallas,GA,USA,1738.6666666666667,True,194.0,157.0
2017-142,2017,142,Luis,Barrios,Luis Barrios,M,52,Tampa,FL,USA,1740.2166666666667,True,195.0,158.0
2017-358,2017,358,Mikiko,Yatsuhashi,Mikiko Yatsuhashi,F,41,Fujisawa,JPN,JPN,1743.1666666666667,True,196.0,38.0
2017-281,2017,281,Kevin,Niksich,Kevin Niksich,M,43,Cumming,GA,USA,1744.45,True,197.0,159.0
2017-336,2017,336,Scott,Thomsen,Scott Thomsen,M,36,Pinole,CA,USA,1745.0,True,198.0,160.0
2017-382,2017,382,Peter,Brewer,Peter Brewer,M,54,Bend,OR,USA,1745.2,True,199.0,161.0
2017-139,2017,139,Peter,Coyle,Peter Coyle,M,51,Warrenpoint,GBR,IRL,1747.8833333333334,True,200.0,162.0
2017-291,2017,291,John,Pollard,John Pollard,M,36,Locust Grove,GA,USA,1748.45,True,201.0,163.0
2017-247,2017,247,Sean,Hensley,Sean Hensley,M,44,Mentor,OH,USA,1749.2833333333333,True,202.0,164.0
2017-182,2017,182,Wilson,Frazier,Wilson Frazier,M,44,Louisville,KY,USA,1751.2666666666667,True,203.0,165.0
2017-337,2017,337,Craig,Thornley,Craig Thornley,M,53,Auburn,CA,USA,1751.8166666666666,True,204.0,166.0
2017-355,2017,355,Pete,Wright,Pete Wright,M,44,St Saviour,GBR,GBR,1753.25,True,205.0,167.0
2017-335,2017,335,Bill,Thompson,Bill Thompson,M,51,Moon Twp,PA,USA,1755.8333333333333,True,206.0,168.0
2017-311,2017,311,Charlotte,Smith,Charlotte Smith,F,42,London,GBR,GBR,1757.1166666666666,True,207.0,39.0
2017-292,2017,292,Mariano,Pontillas,Mariano Pontillas,M,43,Sacramento,CA,USA,1760.3666666666666,True,208.0,169.0
2017-126,2017,126,Charles,Christopher,Charles Christopher,M,43,Holly Springs,NC,USA,1760.8333333333333,True,209.0,170.0
2017-161,2017,161,Marie,Donovan,Marie Donovan,F,39,Henderson,NV,USA,1762.15,True,210.0,40.0
2017-289,2017,289,Brian,Pfister,Brian Pfister,M,45,Wilmette,IL,USA,1764.25,True,211.0,171.0
2017-300,2017,300,Brian,Robinson,Brian Robinson,M,55,Seaside,CA,USA,1764.6,True,212.0,172.0
2017-89,2017,89,Alan,Barichievich,Alan Barichievich,M,50,South Lake Tahoe,CA,USA,1764.85,True,213.0,173.0
2017-88,2017,88,Caroline,Barichievich,Caroline Barichievich,F,45,South Lake Tahoe,CA,USA,1764.85,True,214.0,41.0
2017-295,2017,295,Rick,Rawls,Rick Rawls,M,46,Huntsville,AL,USA,1765.8333333333333,True,215.0,174.0
2017-232,2017,232,Craig,Jordan,Craig Jordan,M,54,Dubai,ARE,ARE,1765.9166666666667,True,216.0,175.0
2017-370,2017,370,Jimmy,Brown,Jimmy Brown,M,47,Omaha,NE,USA,1766.0,True,217.0,176.0
2017-330,2017,330,Keisuke,Tanaka,Keisuke Tanaka,M,35,Osaka-Shi Higashisumiyoshi-Ku,JPN,JPN,1766.7,True,218.0,177.0
2017-389,2017,389,Conan,Blakemore,Conan Blakemore,M,34,Conifer,CO,USA,1767.15,True,219.0,178.0
2017-222,2017,222,Alan,Reynolds,Alan Reynolds,M,50,Pacifica,CA,USA,1767.25,True,220.0,179.0
2017-392,2017,392,Rick,Gaston,Rick Gaston,M,45,San Francisco,CA,USA,1769.25,True,221.0,180.0
2017-127,2017,127,Christian,Beck,Christian Beck,M,45,Eugene,OR,USA,1769.4666666666667,True,222.0,181.0
2017-266,2017,266,John,McKune,John McKune,M,41,Fremont,CA,USA,1769.85,True,223.0,182.0
2017-329,2017,329,Joey,Tajan,Joey Tajan,M,32,Lincoln,CA,USA,1770.6666666666667,True,224.0,183.0
2017-276,2017,276,Deano,Montreuil,Deano Montreuil,M,49,Suwanee,GA,USA,1770.8833333333334,True,225.0,184.0
2017-71,2017,71,James,Baca,James Baca,M,46,St. Louis,MO,USA,1773.0333333333333,True,226.0,185.0
2017-122,2017,122,Steve,Chambers,Steve Chambers,M,37,Lakewood,CO,USA,1773.1333333333334,True,227.0,186.0
2017-268,2017,268,Travis,McWhorter,Travis McWhorter,M,30,Albuquerque,NM,USA,1773.5666666666666,True,228.0,187.0
2017-192,2017,192,Paul,Grove,Paul Grove,M,39,Kent,WA,USA,1774.2666666666667,True,229.0,188.0
2017-395,2017,395,Andrew,Chapello,Andrew Chapello,M,28,San Franciso,CA,USA,1775.8833333333334,True,230.0,189.0
2017-316,2017,316,Willem,Van Dam,Willem Van Dam,M,54,Novato,CA,USA,1776.2333333333333,True,231.0,190.0
2017-59,2017,59,Andy,Black,Andy Black,M,59,Oakland,CA,USA,1776.2333333333333,True,232.0,191.0
2017-112,2017,112,Julie,Seydel,Julie Seydel,F,50,Louisville,CO,USA,1777.6833333333334,True,233.0,42.0
2017-302,2017,302,Chloe,Romero,Chloe Romero,F,26,Auburn,CA,USA,1778.0333333333333,True,234.0,43.0
2017-251,2017,251,Jeffery,Lung,Jeffery Lung,M,38,Chicago,IL,USA,1778.75,True,235.0,192.0
2017-303,2017,303,Charles,West,Charles West,M,48,Cary,NC,USA,1779.5166666666667,True,236.0,193.0
2017-180,2017,180,Geoffrey,Foote,Geoffrey Foote,M,49,Chandler,AZ,USA,1780.7666666666667,True,237.0,194.0
2017-288,2017,288,Thomas,Peterson,Thomas Peterson,M,56,Newtown,PA,USA,1781.6166666666666,True,238.0,195.0
2017-66,2017,66,Scott,Mills,Scott Mills,M,66,Oceanside,CA,USA,1784.85,True,239.0,196.0
2017-196,2017,196,Lourdes,Gutierrez-Kellam,Lourdes Gutierrez-Kellam,F,49,Calgary,AB,CAN,1785.1166666666666,True,240.0,44.0
2017-191,2017,191,Patrick,Grengs,Patrick Grengs,M,52,West Richland,WA,USA,1785.1333333333334,True,241.0,197.0
2017-193,2017,193,Sean,Grove,Sean Grove,M,44,Novato,CA,USA,1787.6833333333334,True,242.0,198.0
2017-296,2017,296,Hector,Reyes,Hector Reyes,M,34,ARVADA,CO,USA,1789.4666666666667,True,243.0,199.0
2017-252,2017,252,Steven,Macdonald,Steven Macdonald,M,50,Dallas,TX,USA,1792.9166666666667,True,244.0,200.0
2017-187,2017,187,Lance,Gilbert,Lance Gilbert,M,61,Folsom,CA,USA,1799.1166666666666,True,245.0,201.0
2017-103,2017,103,Karen,Bonnett-Natraj,Karen Bonnett-Natraj,F,61,Auburn,CA,USA,1799.85,True,246.0,45.0
2017-134,2017,134,Mindy,Coolman,Mindy Coolman,F,35,Fremont,NE,USA,,False,,
2017-26,2017,26,Clare,Gallagher,Clare Gallagher,F,25,ENGLEWOOD,CO,USA,,False,,
2017-221,2017,221,Rebekah,Isenberg,Rebekah Isenberg,F,37,Pacifica,CA,USA,,False,,
2017-54,2017,54,Dan,Burke,Dan Burke,M,58,Danville,CA,USA,,False,,
2017-116,2017,116,John,Bruno,John Bruno,M,31,Greenville,SC,USA,,False,,
2017-236,2017,236,Kim,Kortz,Kim Kortz,F,52,Folsom,CA,USA,,False,,
2017-104,2017,104,Aaron,Boothe,Aaron Boothe,M,40,Red Rock,AZ,USA,,False,,
2017-61,2017,61,Jason,Abernathy,Jason Abernathy,M,43,Dorado,PRI,PRI,,False,,
2017-234,2017,234,Pete,Keating,Pete Keating,M,45,Oak Harbor,WA,USA,,False,,
2017-169,2017,169,Phoebe,Erdman,Phoebe Erdman,F,28,Boulder,CO,USA,,False,,
2017-259,2017,259,Laura,Matz,Laura Matz,F,31,Sacramento,CA,USA,,False,,
2017-84,2017,84,Laney,Baris,Laney Baris,F,42,Brick,NJ,USA,,False,,
2017-167,2017,167,Michelle,Edmonson,Michelle Edmonson,F,34,Reno,NV,USA,,False,,
2017-96,2017,96,John,Bertram,John Bertram,M,54,Columbus,OH,USA,,False,,
2017-86,2017,86,Deanna,Beland,Deanna Beland,F,48,Fair Oaks,CA,USA,,False,,
2017-163,2017,163,Renee,Drucas,Renee Drucas,F,48,Del Mar,CA,USA,,False,,
2017-197,2017,197,Tin,Ha,Tin Ha,M,43,Charlotte,NC,USA,,False,,
2017-12,2017,12,David,Byrne,David Byrne,M,36,Darlington,AUS,AUS,,False,,
2017-287,2017,287,Dominique,Perrier,Dominique Perrier,M,50,Boulder,CO,USA,,False,,
2017-135,2017,135,Kevin,Corell,Kevin Corell,M,42,Forest,VA,USA,,False,,
2017-351,2017,351,Dale,Wong,Dale Wong,M,47,Flagstaff,AZ,USA,,False,,
2017-69,2017,69,Wesley,Rolnick,Wesley Rolnick,M,29,Ballston Lake,NY,USA,,False,,
2017-263,2017,263,Matthew,McDonald,Matthew McDonald,M,52,Calgary,AB,CAN,,False,,
2017-35,2017,35,Jim,Walmsley,Jim Walmsley,M,27,Flagstaff,AZ,USA,,False,,
2017-223,2017,223,Nate,Jaqua,Nate Jaqua,M,35,Eugene,OR,USA,,False,,
2017-250,2017,250,Steve,Liechty,Steve Liechty,M,47,Victor,MT,USA,,False,,
2017-373,2017,373,Eric,Pope,Eric Pope,M,54,Albuquerque,NM,USA,,False,,
2017-164,2017,164,Brian,Dugovich,Brian Dugovich,M,35,Corvallis,OR,USA,,False,,
2017-240,2017,240,Robert,Lalus,Robert Lalus,M,43,Renton,WA,USA,,False,,
2017-237,2017,237,Cassie,Kottke,Cassie Kottke,F,34,Neenah,WI,USA,,False,,
2017-188,2017,188,Eric,Giovanola,Eric Giovanola,M,38,Los Altos,CA,USA,,False,,
2017-149,2017,149,Alex,Danner,Alex Danner,M,60,Nevada City,CA,USA,,False,,
2017-229,2017,229,Peter,Hulbert,Peter Hulbert,M,38,Edina,MN,USA,,False,,
2017-313,2017,313,Jay,Smithberger,Jay Smithberger,M,47,Yellow Springs,OH,USA,,False,,
2017-346,2017,346,Tim,Weber,Tim Weber,M,54,Indianapolis,IN,USA,,False,,
2017-170,2017,170,Isaac,Espy,Isaac Espy,M,54,Northport,AL,USA,,False,,
2017-37,2017,37,Yiou,Wang,Yiou Wang,F,32,San Anselmo,CA,USA,,False,,
2017-352,2017,352,Jodie,Wood,Jodie Wood,F,40,Roseville,CA,USA,,False,,
2017-94,2017,94,Irving,Bennett,Irving Bennett,M,56,Panama,PAN,PAN,,False,,
2017-273,2017,273,Brett,Miller,Brett Miller,M,38,Atlanta,GA,USA,,False,,
2017-256,2017,256,Cara,Marrs,Cara Marrs,F,47,Steamboat Springs,CO,USA,,False,,
2017-147,2017,147,Matthew,Curtis,Matthew Curtis,M,41,Castle Rock,CO,USA,,False,,
2017-327,2017,327,Peter,Strickland,Peter Strickland,M,39,Rome,GA,USA,,False,,
2017-241,2017,241,Bree,Lambert,Bree Lambert,F,48,San Jose,CA,USA,,False,,
2017-410,2017,410,Zac,Marion,Zac Marion,M,31,Salt Lake City,UT,USA,,False,,
2017-258,2017,258,Marvin,Mastin,Marvin Mastin,M,51,Prairie Village,KS,USA,,False,,
2017-F5,2017,F5,Alissa,St Laurent,Alissa St Laurent,F,32,Edmonton,AB,CAN,,False,,
2017-148,2017,148,Mike,Dahn,Mike Dahn,M,48,Phoenix,AZ,USA,,False,,
2017-194,2017,194,Rob,Gryfe,Rob Gryfe,M,50,Toronto,ON,CAN,,False,,
2017-326,2017,326,Eric,Strand,Eric Strand,M,56,Wildwood,MO,USA,,False,,
2017-280,2017,280,Jarrod,Neeley,Jarrod Neeley,M,44,Canton,CT,USA,,False,,
2017-310,2017,310,Daniel,Slater,Daniel Slater,M,45,Farmington Hills,MI,USA,,False,,
2017-386,2017,386,Zelko,Krajcar,Zelko Krajcar,M,45,Gothenburg,SWE,SWE,,False,,
2017-379,2017,379,Kim,Russell,Kim Russell,F,50,Greenwood,SC,USA,,False,,
2017-42,2017,42,Brian,Rusiecki,Brian Rusiecki,M,38,South Deerfield,MA,USA,,False,,
2017-85,2017,85,Alec,Bath,Alec Bath,M,47,Gurnee,IL,USA,,False,,
2017-356,2017,356,Hal,Wrigley,Hal Wrigley,M,42,Perkasie,PA,USA,,False,,
2017-371,2017,371,Cody,Reeder,Cody Reeder,M,46,Logan,UT,USA,,False,,
2017-81,2017,81,Nathan,Augustine,Nathan Augustine,M,43,Tucson,AZ,USA,,False,,
2017-318,2017,318,Craig,Stahl,Craig Stahl,M,49,Providence,UT,USA,,False,,
2017-50,2017,50,Mark,Nassi,Mark Nassi,M,50,San Francisco,CA,USA,,False,,
2017-321,2017,321,Barrak,Blakeley,Barrak Blakeley,M,18,Terrebonne,OR,USA,,False,,
2017-93,2017,93,Ernie,Cervantes,Ernie Cervantes,M,49,Tiburon,CA,USA,,False,,
2017-175,2017,175,John,Fisher,John Fisher,M,36,Longfield,GBR,GBR,,False,,
2017-349,2017,349,Joshua,Witte,Joshua Witte,M,45,Flower Mound,TX,USA,,False,,
2017-253,2017,253,Tim,Madden,Tim Madden,M,48,Sacramento,CA,USA,,False,,
2017-121,2017,121,Derek,Tinnin,Derek Tinnin,M,49,Lebanon,OH,USA,,False,,
2017-65,2017,65,Timothy,Allen,Timothy Allen,M,48,Houston,TX,USA,,False,,
2017-92,2017,92,Martin,Short,Martin Short,M,47,Grand Forks,ND,USA,,False,,
2017-190,2017,190,Sarah,Greer,Sarah Greer,F,33,Simsbury,CT,USA,,False,,
2017-380,2017,380,Terry,Hall,Terry Hall,M,39,Roseville,CA,USA,,False,,
2017-179,2017,179,David,Foote,David Foote,M,54,San Jose,CA,USA,,False,,
2017-95,2017,95,Chris,Oles,Chris Oles,M,44,Keller,TX,USA,,False,,
2017-209,2017,209,Jason,Healey,Jason Healey,M,46,Stevenson Ranch,CA,USA,,False,,
2017-154,2017,154,Robert,Dell Angelo,Robert Dell Angelo,M,55,Altadena,CA,USA,,False,,
2017-323,2017,323,Shane,Jones,Shane Jones,M,39,Riverbank,CA,USA,,False,,
2017-55,2017,55,Mark,Thill,Mark Thill,M,41,Greenwood,IN,USA,,False,,
2017-138,2017,138,Trent,Cox,Trent Cox,M,35,Waunakee,WI,USA,,False,,
2017-109,2017,109,John,Brooks,John Brooks,M,55,San Ramon,CA,USA,,False,,
2017-207,2017,207,Janet,Hausken,Janet Hausken,F,52,Stillwater,MN,USA,,False,,
2017-99,2017,99,Travis,Green,Travis Green,M,45,Allen,TX,USA,,False,,
2017-357,2017,357,Di,Wu,Di Wu,M,33,Pullman,WA,USA,,False,,
2017-F2,2017,F2,Amy,Sproston,Amy Sproston,F,43,Bend,OR,USA,,False,,
2017-90,2017,90,Daniel,Bellingham,Daniel Bellingham,M,31,Tampa,FL,USA,,False,,
2017-159,2017,159,Jeffrey,Dodd,Jeffrey Dodd,M,54,Tucson,AZ,USA,,False,,
2017-107,2017,107,Rebekka,Bremner,Rebekka Bremner,F,54,Manitou Spgs,CO,USA,,False,,
2017-239,2017,239,Michael,Shoup,Michael Shoup,M,43,Menlo Park,CA,USA,,False,,
2017-227,2017,227,Mark,Gavorski,Mark Gavorski,M,51,Greenwood,IN,USA,,False,,
2017-178,2017,178,Eric,Fogleman,Eric Fogleman,M,56,Aberdeen,NC,USA,,False,,
2017-238,2017,238,Paul,Krauter,Paul Krauter,M,46,Elmhurst,IL,USA,,False,,
2017-199,2017,199,Paula,Hamilton,Paula Hamilton,F,54,Carmichael,CA,USA,,False,,
2017-309,2017,309,Diran,Sirinian,Diran Sirinian,M,51,Buenos Aires,ARG,ARG,,False,,
2017-271,2017,271,Brian,Medley,Brian Medley,M,43,Folsom,CA,USA,,False,,
2017-301,2017,301,Stephen,Rodgers,Stephen Rodgers,M,49,Twin Lakes,CO,USA,,False,,
2017-324,2017,324,Steven,Stewart,Steven Stewart,M,54,Brampton,ON,CAN,,False,,
2017-312,2017,312,Tim,Smith,Tim Smith,M,55,Middletown,OH,USA,,False,,
2017-145,2017,145,Jon,Crays,Jon Crays,M,46,Warren,OH,USA,,False,,
2017-376,2017,376,Larry,Huffman,Larry Huffman,M,56,Great Falls,VA,USA,,False,,
2017-F4,2017,F4,Amanda,Basham,Amanda Basham,F,27,SALT LAKE CITY,UT,USA,,False,,
2017-151,2017,151,Amy,Nangle,Amy Nangle,F,47,Talent,OR,USA,,False,,
2017-173,2017,173,Gus,Exarchos,Gus Exarchos,M,48,El Dorado Hills,CA,USA,,False,,
2017-72,2017,72,Gunhild,Swanson,Gunhild Swanson,F,72,Spokane Valley,WA,USA,,False,,
2017-383,2017,383,Sheryl,Schlueter,Sheryl Schlueter,F,48,Brighton,MI,USA,,False,,
2017-299,2017,299,Mark,Robbins,Mark Robbins,M,40,Cottonwood Heights,UT,USA,,False,,
2017-18,2017,18,Camille,Herron,Camille Herron,F,35,Warr Acres,OK,USA,,False,,
2017-183,2017,183,Jamie,Frink,Jamie Frink,F,44,Folsom,CA,USA,,False,,
2017-347,2017,347,Clint,Welch,Clint Welch,M,40,Carmichael,CA,USA,,False,,
2017-73,2017,73,Wally,Hesseltine,Wally Hesseltine,M,73,Lafayette,CA,USA,,False,,
2017-298,2017,298,Karen,Ringheiser,Karen Ringheiser,F,53,Newton,MA,USA,,False,,
2017-353,2017,353,Lisa,Wright,Lisa Wright,F,56,Lincoln,CA,USA,,False,,
2017-315,2017,315,Spring,Vick,Spring Vick,F,41,La Mesa,CA,USA,,False,,
2017-118,2017,118,Lisa,Buzzeo,Lisa Buzzeo,F,35,Scottsdale,AZ,USA,,False,,
2017-255,2017,255,Chris,Mak,Chris Mak,M,56,Hk,CHN,CHN,,False,,
2017-331,2017,331,Susan,Bush,Susan Bush,F,49,Palo Alto,CA,USA,,False,,
2017-111,2017,111,Sandy,Baker,Sandy Baker,F,55,Foresthill,CA,USA,,False,,
2017-117,2017,117,Rebecca,Burns,Rebecca Burns,F,34,Tucker,GA,USA,,False,,
2017-184,2017,184,Tina,Frizner,Tina Frizner,F,39,Sacramento,CA,USA,,False,,
2017-341,2017,341,Tyson,Underwood,Tyson Underwood,M,30,Mill Valley,CA,USA,,False,,
2017-394,2017,394,Pamela,Kian,Pamela Kian,F,57,Orangevale,CA,USA,,False,,
2017-375,2017,375,Juli,Aistars,Juli Aistars,F,58,Palatine,IL,USA,,False,,
2017-91,2017,91,Laura,Bello,Laura Bello,F,54,San Francisco,CA,USA,,False,,
2018-20,2018,20,Jim,Walmsley,Jim Walmsley,M,28,Flagstaff,AZ,USA,870.0666666666667,True,1.0,1.0
2018-13,2018,13,Francois,Dhaene,Francois Dhaene,M,32,Saint Julien,FRA,FRA,954.8833333333333,True,2.0,2.0
2018-M3,2018,M3,Mark,Hammond,Mark Hammond,M,33,Millcreek,UT,USA,968.9833333333333,True,3.0,3.0
2018-M7,2018,M7,Ian,Sharman,Ian Sharman,M,37,Bend,OR,USA,983.5333333333333,True,4.0,4.0
2018-M4,2018,M4,Jeff,Browning,Jeff Browning,M,46,North Logan,UT,USA,1005.4833333333333,True,5.0,5.0
2018-M10,2018,M10,Kyle,Pietari,Kyle Pietari,M,31,Edgewater,CO,USA,1014.3833333333333,True,6.0,6.0
2018-22,2018,22,Cody,Reed,Cody Reed,M,26,Flagstaff,AZ,USA,1014.8166666666667,True,7.0,7.0
2018-26,2018,26,Charlie,Ware,Charlie Ware,M,32,Tucson,AZ,USA,1019.2833333333333,True,8.0,8.0
2018-M9,2018,M9,Paul,Giblin,Paul Giblin,M,40,Paisley,GBR,GBR,1029.65,True,9.0,9.0
2018-135,2018,135,Kris,Brown,Kris Brown,M,29,Santa Barbara,CA,USA,1040.15,True,10.0,10.0
2018-41,2018,41,Zach,Bitter,Zach Bitter,M,32,Phoenix,AZ,USA,1046.6666666666667,True,11.0,11.0
2018-27,2018,27,Courtney,Dauwalter,Courtney Dauwalter,F,33,Golden,CO,USA,1047.0,True,12.0,1.0
2018-118,2018,118,Adam,Kimble,Adam Kimble,M,31,Tahoe City,CA,USA,1053.1666666666667,True,13.0,12.0
2018-29,2018,29,Tim,Freriks,Tim Freriks,M,27,Flagstaff,AZ,USA,1086.4666666666667,True,14.0,13.0
2018-353,2018,353,Jonathan,Thery,Jonathan Thery,M,33,Annecy Le vieux,FRA,FRA,1095.0666666666666,True,15.0,14.0
2018-21,2018,21,Mario,Mendoza,Mario Mendoza,M,32,Bend,OR,USA,1113.1833333333334,True,16.0,15.0
2018-12,2018,12,Erik,Clavery,Erik Clavery,M,38,REMOUILLE,FRA,FRA,1114.0833333333333,True,17.0,16.0
2018-F4,2018,F4,Kaytlyn,Gerbin,Kaytlyn Gerbin,F,29,Issaquah,WA,USA,1120.3166666666666,True,18.0,2.0
2018-70,2018,70,Masazumi,Fujioka,Masazumi Fujioka,M,46,Mill Creek,WA,USA,1132.45,True,19.0,17.0
2018-11,2018,11,Lucy,Bartholomew,Lucy Bartholomew,F,22,Melbourne,AUS,AUS,1139.75,True,20.0,3.0
2018-285,2018,285,Michael,Owen,Michael Owen,M,29,Pomeroy,OH,USA,1140.9833333333333,True,21.0,18.0
2018-108,2018,108,Amanda,Basham,Amanda Basham,F,28,North Logan,UT,USA,1157.9833333333333,True,22.0,4.0
2018-183,2018,183,John,Fitzgerald,John Fitzgerald,M,30,Helena,MT,USA,1167.3666666666666,True,23.0,19.0
2018-M8,2018,M8,Jesse,Haynes,Jesse Haynes,M,45,Ladera Ranch,CA,USA,1168.4333333333334,True,24.0,20.0
2018-369,2018,369,Coree,Woltering,Coree Woltering,M,28,Ottawa,IL,USA,1171.8333333333333,True,25.0,21.0
2018-326,2018,326,Kenneth,Ringled,Kenneth Ringled,M,37,Simi Valley,CA,USA,1180.8,True,26.0,22.0
2018-15,2018,15,Cecilia,Flori,Cecilia Flori,F,37,Hamilton,NZL,NZL,1182.9166666666667,True,27.0,5.0
2018-270,2018,270,Joel,Meredith,Joel Meredith,M,44,Nashville,TN,USA,1184.55,True,28.0,23.0
2018-17,2018,17,Stephanie,Howe Violett,Stephanie Howe Violett,F,34,Bend,OR,USA,1186.0666666666666,True,29.0,6.0
2018-40,2018,40,Camelia,Mayfield,Camelia Mayfield,F,25,Bend,OR,USA,1186.95,True,30.0,7.0
2018-35,2018,35,Aliza,Lapierre,Aliza Lapierre,F,38,Williston,VT,USA,1198.2833333333333,True,31.0,8.0
2018-373,2018,373,Corrine,Malcolm,Corrine Malcolm,F,28,Bellingham,WA,USA,1201.1,True,32.0,9.0
2018-28,2018,28,Kate,Elliott,Kate Elliott,F,32,Santa Barbara,CA,USA,1204.6333333333334,True,33.0,10.0
2018-384,2018,384,Stephen,Redfern,Stephen Redfern,M,46,Heathcote,AUS,AUS,1217.1666666666667,True,34.0,24.0
2018-25,2018,25,Florian,Neuschwander,Florian Neuschwander,M,37,Offenbach am Main,DEU,DEU,1222.0666666666666,True,35.0,25.0
2018-223,2018,223,Alex,Ho,Alex Ho,M,34,San Francisco,CA,USA,1226.5166666666667,True,36.0,26.0
2018-14,2018,14,Lecomte,Emilie,Lecomte Emilie,F,39,Thorens-Glieres,FRA,FRA,1227.2833333333333,True,37.0,11.0
2018-187,2018,187,Brian,Oestrike,Brian Oestrike,M,38,New Paltz,NY,USA,1228.1333333333334,True,38.0,27.0
2018-310,2018,310,Nick,Presniakov,Nick Presniakov,M,38,Santa Barbara,CA,USA,1236.3666666666666,True,39.0,28.0
2018-156,2018,156,Michael,Cordsen,Michael Cordsen,M,37,Paso Robles,CA,USA,1240.4166666666667,True,40.0,29.0
2018-155,2018,155,Lee,Cordova,Lee Cordova,M,31,Denver,CO,USA,1246.6166666666666,True,41.0,30.0
2018-18,2018,18,Kaci,Lickteig,Kaci Lickteig,F,31,Omaha,NE,USA,1248.9333333333334,True,42.0,12.0
2018-50,2018,50,Karl,Meltzer,Karl Meltzer,M,50,Sandy,UT,USA,1252.05,True,43.0,31.0
2018-199,2018,199,Chen,Guohui,Chen Guohui,M,32,Guangzhou,CHN,CHN,1255.4833333333333,True,44.0,32.0
2018-31,2018,31,Ailsa,Macdonald,Ailsa Macdonald,F,37,St Albert,AB,CAN,1259.1,True,45.0,13.0
2018-32,2018,32,Paige,Pattillo,Paige Pattillo,F,29,Ellensburg,WA,USA,1259.2833333333333,True,46.0,14.0
2018-36,2018,36,Jasmine,Chiaramonte,Jasmine Chiaramonte,F,42,Meadowbrook,PA,USA,1282.1333333333334,True,47.0,15.0
2018-61,2018,61,Rob,Houghton,Rob Houghton,M,61,Murphys,CA,USA,1287.5833333333333,True,48.0,33.0
2018-263,2018,263,Katherine,Macmillan,Katherine Macmillan,F,40,Kinglake West,AUS,AUS,1290.8833333333334,True,49.0,16.0
2018-144,2018,144,Lon,Freeman,Lon Freeman,M,43,Kensington,CA,USA,1294.5,True,50.0,34.0
2018-202,2018,202,Robert,Hackel,Robert Hackel,M,40,Bagarmossen,SWE,SWE,1306.7833333333333,True,51.0,35.0
2018-52,2018,52,Dan,Barger,Dan Barger,M,52,Auburn,CA,USA,1310.7,True,52.0,36.0
2018-269,2018,269,Finn,Melanson,Finn Melanson,M,26,Alta,UT,USA,1310.95,True,53.0,37.0
2018-F6,2018,F6,Nicole,Kalogeropoulos,Nicole Kalogeropoulos,F,36,Phoenix,AZ,USA,1313.3,True,54.0,17.0
2018-137,2018,137,John,Burton,John Burton,M,45,San Jose,CA,USA,1313.35,True,55.0,38.0
2018-245,2018,245,Nathan,Leehman,Nathan Leehman,M,44,Charlotte,NC,USA,1313.5,True,56.0,39.0
2018-78,2018,78,Ricky,Roane,Ricky Roane,M,35,Temecula,CA,USA,1313.7333333333333,True,57.0,40.0
2018-142,2018,142,Nathan,Toben,Nathan Toben,M,33,Chapel Hill,NC,USA,1317.0833333333333,True,58.0,41.0
2018-152,2018,152,Johnny,Clemons,Johnny Clemons,M,41,Cleveland,TN,USA,1324.0666666666666,True,59.0,42.0
2018-168,2018,168,Franz,Dill,Franz Dill,M,42,Moss Beach,CA,USA,1325.1833333333334,True,60.0,43.0
2018-138,2018,138,Jared,Byrd,Jared Byrd,M,34,California,MD,USA,1329.1666666666667,True,61.0,44.0
2018-100,2018,100,Philip,Sanderson,Philip Sanderson,M,50,Mill Valley,CA,USA,1334.5666666666666,True,62.0,45.0
2018-F9,2018,F9,Meghan,Laws,Meghan Laws,F,57,Cool,CA,USA,1336.8166666666666,True,63.0,18.0
2018-357,2018,357,Ben,Vanhoose,Ben Vanhoose,M,36,Greenville,MI,USA,1347.8333333333333,True,64.0,46.0
2018-65,2018,65,Bill,Clements,Bill Clements,M,39,Irvine,CA,USA,1348.8333333333333,True,65.0,47.0
2018-365,2018,365,Theoharis,Lezpouridis,Theoharis Lezpouridis,M,35,Thessaloniki,GRC,GRC,1360.1333333333334,True,66.0,48.0
2018-325,2018,325,Annie,Rutledge,Annie Rutledge,F,38,Reno,NV,USA,1361.55,True,67.0,19.0
2018-192,2018,192,Brandon,Dase,Brandon Dase,M,42,Spanish Fork,UT,USA,1362.0333333333333,True,68.0,49.0
2018-58,2018,58,Vicent,Acosta Frances,Vicent Acosta Frances,M,35,Banyeres de Mariola,ESP,ESP,1362.8166666666666,True,69.0,50.0
2018-222,2018,222,Pam,Smith,Pam Smith,F,43,Salem,OR,USA,1364.4333333333334,True,70.0,20.0
2018-42,2018,42,Brett,Hornig,Brett Hornig,M,26,Ashland,OR,USA,1365.6166666666666,True,71.0,51.0
2018-87,2018,87,Peter,Broomhall,Peter Broomhall,M,39,Truckee,CA,USA,1369.4333333333334,True,72.0,52.0
2018-215,2018,215,Torsten,Heycke,Torsten Heycke,M,59,Ashland,OR,USA,1370.8833333333334,True,73.0,53.0
2018-347,2018,347,Johan,Steene,Johan Steene,M,44,Stockholm,SWE,SWE,1373.7333333333333,True,74.0,54.0
2018-207,2018,207,Devin,Featherstone,Devin Featherstone,M,33,Calgary,AB,CAN,1375.05,True,75.0,55.0
2018-398,2018,398,Sean,O'Connor,Sean O'Connor,M,38,Phillipsburg,NJ,USA,1375.8166666666666,True,76.0,56.0
2018-237,2018,237,Rachel,Kelley,Rachel Kelley,F,38,Chapel Hill,NC,USA,1378.1333333333334,True,77.0,21.0
2018-38,2018,38,Eric,Senseman,Eric Senseman,M,29,Flagstaff,AZ,USA,1380.6333333333334,True,78.0,57.0
2018-125,2018,125,Joe,Blanchard,Joe Blanchard,M,36,Roseburg,OR,USA,1389.2666666666667,True,79.0,58.0
2018-76,2018,76,Sean,Nowak,Sean Nowak,M,42,Nairobi,KEN,KEN,1392.5833333333333,True,80.0,59.0
2018-273,2018,273,Christopher,Moore,Christopher Moore,M,32,Broadlands,VA,USA,1393.1833333333334,True,81.0,60.0
2018-204,2018,204,Andy,Hamilton,Andy Hamilton,M,54,Eugene,OR,USA,1394.1,True,82.0,61.0
2018-172,2018,172,Chris,Eide,Chris Eide,M,42,Palo Alto,CA,USA,1394.9666666666667,True,83.0,62.0
2018-200,2018,200,Grant,Guthrie,Grant Guthrie,M,26,Coshocton,OH,USA,1396.95,True,84.0,63.0
2018-274,2018,274,Frank,Morris,Frank Morris,M,36,Vancouver,WA,USA,1399.25,True,85.0,64.0
2018-166,2018,166,Peter,Diak,Peter Diak,M,39,Gaithersburg,MD,USA,1401.2,True,86.0,65.0
2018-163,2018,163,Ted,Davison,Ted Davison,M,46,Austin,TX,USA,1401.7666666666667,True,87.0,66.0
2018-219,2018,219,Clark,Hind,Clark Hind,M,28,Huddersfield,GBR,GBR,1402.1166666666666,True,88.0,67.0
2018-355,2018,355,Richard,Turgeon,Richard Turgeon,M,52,Gatineau,QC,CAN,1404.1333333333334,True,89.0,68.0
2018-101,2018,101,Zachary,Miller,Zachary Miller,M,27,The Woodlands,TX,USA,1404.5666666666666,True,90.0,69.0
2018-115,2018,115,Matt,Beard,Matt Beard,M,42,Spokane,WA,USA,1405.7166666666667,True,91.0,70.0
2018-272,2018,272,Patrick,Montoya,Patrick Montoya,M,33,Portland,OR,USA,1405.9666666666667,True,92.0,71.0
2018-94,2018,94,Trevor,Baine,Trevor Baine,M,36,Washington,DC,USA,1406.9166666666667,True,93.0,72.0
2018-343,2018,343,Matt,Smith,Matt Smith,M,39,San Antonio,TX,USA,1409.9666666666667,True,94.0,73.0
2018-221,2018,221,Todd,Hlasney,Todd Hlasney,M,45,Overland Park,KS,USA,1413.0666666666666,True,95.0,74.0
2018-225,2018,225,Jamie,Hobbs,Jamie Hobbs,M,43,Rochester,NY,USA,1413.3666666666666,True,96.0,75.0
2018-214,2018,214,Michael,Henson,Michael Henson,M,43,Bellevue,WA,USA,1413.5333333333333,True,97.0,76.0
2018-328,2018,328,Johann Peter,Santer,Johann Peter Santer,M,41,Krumpendorf,AUT,AUT,1413.7,True,98.0,77.0
2018-230,2018,230,Jiro,Ishiduka,Jiro Ishiduka,M,39,Ventura,CA,USA,1415.7333333333333,True,99.0,78.0
2018-252,2018,252,Nicki,Mcpeak,Nicki Mcpeak,M,42,Limavady,IRL,IRL,1415.8666666666666,True,100.0,79.0
2018-224,2018,224,Kevin,Skiles,Kevin Skiles,M,44,Mill Valley,CA,USA,1416.85,True,101.0,80.0
2018-182,2018,182,Richard,Heath,Richard Heath,M,46,Heswall,GBR,GBR,1417.2666666666667,True,102.0,81.0
2018-213,2018,213,Paul,Heffernan,Paul Heffernan,M,44,Wenatchee,WA,USA,1419.2666666666667,True,103.0,82.0
2018-171,2018,171,Luke,Dumonthier,Luke Dumonthier,M,35,Hayward,CA,USA,1420.2,True,104.0,83.0
2018-275,2018,275,Ian,Mortimer,Ian Mortimer,M,42,North Vancouver,BC,CAN,1420.7,True,105.0,84.0
2018-292,2018,292,Preston,Wood,Preston Wood,M,30,Ogden,UT,USA,1421.4,True,106.0,85.0
2018-149,2018,149,Andreas,Claesson,Andreas Claesson,M,38,Oslo,NOR,NOR,1422.75,True,107.0,86.0
2018-266,2018,266,Jay,Marsh,Jay Marsh,M,55,Cool,CA,USA,1423.2,True,108.0,87.0
2018-212,2018,212,Will,Hayward,Will Hayward,M,50,Hong Kong,HKG,HKG,1423.3333333333333,True,109.0,88.0
2018-321,2018,321,Kyle,Rodemacher,Kyle Rodemacher,M,43,Austin,TX,USA,1423.45,True,110.0,89.0
2018-271,2018,271,Jeffrey,Miller,Jeffrey Miller,M,44,Corpus Christi,TX,USA,1424.4166666666667,True,111.0,90.0
2018-278,2018,278,Eric,Nelson,Eric Nelson,M,43,Farmington,UT,USA,1424.5666666666666,True,112.0,91.0
2018-377,2018,377,Patrick,Meskell,Patrick Meskell,M,53,Ramona,CA,USA,1424.8333333333333,True,113.0,92.0
2018-334,2018,334,Mike,Sears,Mike Sears,M,35,Redding,CA,USA,1426.45,True,114.0,93.0
2018-217,2018,217,Paul,Higgins,Paul Higgins,M,48,Sligo,IRL,IRL,1426.7666666666667,True,115.0,94.0
2018-261,2018,261,Amy,Macintire,Amy Macintire,F,31,Clarksville,TN,USA,1427.3166666666666,True,116.0,22.0
2018-297,2018,297,John,Zerbe,John Zerbe,M,50,San Francisco,CA,USA,1427.45,True,117.0,95.0
2018-264,2018,264,Matthew,Maday,Matthew Maday,M,44,Sofia,BGR,BGR,1427.4666666666667,True,118.0,96.0
2018-206,2018,206,Karl,Hoagland,Karl Hoagland,M,53,Fairfax,CA,USA,1431.7666666666667,True,119.0,97.0
2018-364,2018,364,Mike,Weigand,Mike Weigand,M,44,Middlebury,VT,USA,1431.95,True,120.0,98.0
2018-184,2018,184,Diana,Fitzpatrick,Diana Fitzpatrick,F,60,Larkspur,CA,USA,1432.9333333333334,True,121.0,23.0
2018-228,2018,228,David,Huss,David Huss,M,34,Seattle,WA,USA,1434.2166666666667,True,122.0,99.0
2018-240,2018,240,Chris,Kumm,Chris Kumm,M,33,Broomfield,CO,USA,1434.6,True,123.0,100.0
2018-233,2018,233,Chris,Jacobson,Chris Jacobson,M,40,Taringa,AUS,AUS,1456.8333333333333,True,124.0,101.0
2018-383,2018,383,Todd,Vogel,Todd Vogel,M,54,Bishop,CA,USA,1471.6666666666667,True,125.0,102.0
2018-53,2018,53,Bradley,Fenner,Bradley Fenner,M,53,Tiburon,CA,USA,1473.1,True,126.0,103.0
2018-191,2018,191,Ed,Fisher,Ed Fisher,M,29,Salisbury,GBR,GBR,1478.8333333333333,True,127.0,104.0
2018-250,2018,250,Rhea,Loney,Rhea Loney,F,35,Ponchatoula,LA,USA,1485.2833333333333,True,128.0,24.0
2018-226,2018,226,Mandie,Holmes,Mandie Holmes,F,32,Mountain View,CA,USA,1495.1,True,129.0,25.0
2018-359,2018,359,Adam,Waites,Adam Waites,M,45,Melbourne,AUS,AUS,1496.0,True,130.0,105.0
2018-164,2018,164,Hernan,De Lahitte,Hernan De Lahitte,M,52,Buenos Aires,ARG,ARG,1510.4333333333334,True,131.0,106.0
2018-24,2018,24,Anna,Hailey,Anna Hailey,F,38,Gardendale,TX,USA,1511.25,True,132.0,26.0
2018-345,2018,345,Tim,Spaulding,Tim Spaulding,M,38,Forest,VA,USA,1515.05,True,133.0,107.0
2018-344,2018,344,Paul-Michael,Sosa,Paul-Michael Sosa,M,35,Woodland,CA,USA,1515.65,True,134.0,108.0
2018-216,2018,216,Yuichiro,Hidaka,Yuichiro Hidaka,M,39,Hobbs,NM,USA,1516.9333333333334,True,135.0,109.0
2018-339,2018,339,Katrin,Silva,Katrin Silva,F,47,Las Vegas,NM,USA,1517.5166666666667,True,136.0,27.0
2018-188,2018,188,Stuart,Hughes,Stuart Hughes,M,47,Belgrave,AUS,AUS,1523.3,True,137.0,110.0
2018-162,2018,162,Sara,Davidson,Sara Davidson,F,35,California,MD,USA,1525.7,True,138.0,28.0
2018-F5,2018,F5,Fiona,Hayvice,Fiona Hayvice,F,42,Wellington,NZL,NZL,1527.0833333333333,True,139.0,29.0
2018-309,2018,309,Jenelle,Potvin,Jenelle Potvin,F,39,Truckee,CA,USA,1528.6333333333334,True,140.0,30.0
2018-286,2018,286,Juan,Parra,Juan Parra,M,52,Fairfield,CA,USA,1532.3833333333334,True,141.0,111.0
2018-121,2018,121,Conrado,Bermudez,Conrado Bermudez,M,45,Grneral Santos City,PHL,PHL,1536.05,True,142.0,112.0
2018-34,2018,34,Bob,Shebest,Bob Shebest,M,44,Windsor,CA,USA,1540.8166666666666,True,143.0,113.0
2018-159,2018,159,Lisa,Daane,Lisa Daane,F,47,Reno,NV,USA,1546.2333333333333,True,144.0,31.0
2018-283,2018,283,Jose,Orillac,Jose Orillac,M,46,Panama,PAN,PAN,1549.0,True,145.0,114.0
2018-165,2018,165,Charlotte,Dequeker,Charlotte Dequeker,F,45,Greenwich,CT,USA,1553.6166666666666,True,146.0,32.0
2018-127,2018,127,Ted,Knudsen,Ted Knudsen,M,49,San Rafael,CA,USA,1553.8666666666666,True,147.0,115.0
2018-179,2018,179,Landon,Fenimore,Landon Fenimore,M,39,Burlington,VT,USA,1557.55,True,148.0,116.0
2018-381,2018,381,Mari,Mauland,Mari Mauland,F,41,Stavangar,NOR,NOR,1558.45,True,149.0,33.0
2018-178,2018,178,Neil,Feerick,Neil Feerick,M,43,Coronado,CA,USA,1558.8,True,150.0,117.0
2018-97,2018,97,Jeff,Boutte,Jeff Boutte,M,55,Grass Valley,CA,USA,1563.2833333333333,True,151.0,118.0
2018-147,2018,147,Jon,Christley,Jon Christley,M,48,Phoenix,AZ,USA,1564.55,True,152.0,119.0
2018-229,2018,229,Bennett,Isabella,Bennett Isabella,M,35,rosemount,MN,USA,1564.8333333333333,True,153.0,120.0
2018-376,2018,376,Chad,Bowen,Chad Bowen,M,34,Malta,OH,USA,1566.85,True,154.0,121.0
2018-234,2018,234,Tina,Jeon,Tina Jeon,F,31,New York,NY,USA,1568.1666666666667,True,155.0,34.0
2018-134,2018,134,Peter,Briggs,Peter Briggs,M,38,Half Moon Bay,CA,USA,1569.0833333333333,True,156.0,122.0
2018-195,2018,195,Toni,Gracia,Toni Gracia,F,37,Swan Hill,AUS,AUS,1573.7833333333333,True,157.0,35.0
2018-290,2018,290,Johan,Wikman,Johan Wikman,M,55,Novato,CA,USA,1575.1166666666666,True,158.0,123.0
2018-361,2018,361,Adam,Walton,Adam Walton,M,34,York,PA,USA,1575.9833333333333,True,159.0,124.0
2018-128,2018,128,Andy,Blatecky,Andy Blatecky,M,35,Golden,CO,USA,1579.35,True,160.0,125.0
2018-131,2018,131,Robert,Lawrence,Robert Lawrence,M,33,Auburn,MI,USA,1582.6666666666667,True,161.0,126.0
2018-396,2018,396,Eric,Sauer,Eric Sauer,M,22,Northfield,OR,USA,1583.45,True,162.0,127.0
2018-103,2018,103,Kathleen,Baker,Kathleen Baker,F,40,Kailua,HI,USA,1589.6833333333334,True,163.0,36.0
2018-354,2018,354,Nhut,Tran,Nhut Tran,M,37,Long Beach,CA,USA,1591.5666666666666,True,164.0,128.0
2018-173,2018,173,Ralf,Elsaesser,Ralf Elsaesser,M,43,Millbrae,CA,USA,1593.05,True,165.0,129.0
2018-302,2018,302,Fabrice,Perrin,Fabrice Perrin,M,46,Annecy,FRA,FRA,1593.65,True,166.0,130.0
2018-167,2018,167,Jonathan,Brayton,Jonathan Brayton,M,41,Novato,CA,USA,1594.8666666666666,True,167.0,131.0
2018-220,2018,220,Brad,Hinton,Brad Hinton,M,42,Berryville,VA,USA,1600.2166666666667,True,168.0,132.0
2018-74,2018,74,Andy,Starostka,Andy Starostka,M,50,Reno,NV,USA,1601.2666666666667,True,169.0,133.0
2018-197,2018,197,Tim,Grant,Tim Grant,M,40,Kitchener,ON,CAN,1604.1833333333334,True,170.0,134.0
2018-132,2018,132,Kristen,Brace,Kristen Brace,F,42,Cranebrook,AUS,AUS,1609.0833333333333,True,171.0,37.0
2018-83,2018,83,Tiemo,Arndt,Tiemo Arndt,M,39,Dresden,DEU,DEU,1611.3833333333334,True,172.0,135.0
2018-203,2018,203,Jason,Haddock,Jason Haddock,M,48,Boulder,CO,USA,1614.0,True,173.0,136.0
2018-139,2018,139,Bob,Callahan,Bob Callahan,M,58,San Jose,CA,USA,1616.95,True,174.0,137.0
2018-329,2018,329,Jose Carlos,Sarmiento,Jose Carlos Sarmiento,M,36,Guatemala,GTM,GTM,1618.3333333333333,True,175.0,138.0
2018-366,2018,366,Jenny,Welch,Jenny Welch,F,36,Monrovia,CA,USA,1620.4333333333334,True,176.0,38.0
2018-124,2018,124,Amie,Blackham,Amie Blackham,F,39,Draper,UT,USA,1623.9666666666667,True,177.0,39.0
2018-352,2018,352,Adam,Takacs,Adam Takacs,M,38,Toronto,ON,CAN,1625.8,True,178.0,139.0
2018-388,2018,388,Dean,Karnazes,Dean Karnazes,M,55,Kentfield,CA,USA,1627.3,True,179.0,140.0
2018-154,2018,154,Joe,Cooper,Joe Cooper,M,38,Austin,TX,USA,1633.1166666666666,True,180.0,141.0
2018-243,2018,243,David,Lee,David Lee,M,48,Fullerton,CA,USA,1633.4,True,181.0,142.0
2018-281,2018,281,David,Odell,David Odell,M,51,Santa Barbara,CA,USA,1634.3833333333334,True,182.0,143.0
2018-153,2018,153,Craig,Companion,Craig Companion,M,47,Redmond,WA,USA,1634.6166666666666,True,183.0,144.0
2018-181,2018,181,Michael,Fisher,Michael Fisher,M,47,Commerce Twp,MI,USA,1635.8833333333334,True,184.0,145.0
2018-193,2018,193,Patrick,Gallagher,Patrick Gallagher,M,42,Gainesville,FL,USA,1636.1833333333334,True,185.0,146.0
2018-177,2018,177,Andrew,Featherstone,Andrew Featherstone,M,46,Appleton,WI,USA,1638.85,True,186.0,147.0
2018-161,2018,161,Christopher,Dalton,Christopher Dalton,M,32,Dixon,CA,USA,1642.9166666666667,True,187.0,148.0
2018-169,2018,169,Derek,Dowell,Derek Dowell,M,35,Baton Rouge,LA,USA,1647.5,True,188.0,149.0
2018-333,2018,333,Paul,Schwartz,Paul Schwartz,M,50,Westlake Village,CA,USA,1648.1,True,189.0,150.0
2018-279,2018,279,Anders,Noren,Anders Noren,M,46,Taby,SWE,SWE,1657.3666666666666,True,190.0,151.0
2018-190,2018,190,Lori,Foringer,Lori Foringer,F,45,Centerville,OH,USA,1657.8333333333333,True,191.0,40.0
2018-113,2018,113,Deno,Dean,Deno Dean,M,50,Folsom,CA,USA,1665.7833333333333,True,192.0,152.0
2018-67,2018,67,Scott,Mills,Scott Mills,M,67,Oceanside,CA,USA,1667.45,True,193.0,153.0
2018-244,2018,244,Andy,Stallings,Andy Stallings,M,38,Turner,OR,USA,1673.2833333333333,True,194.0,154.0
2018-346,2018,346,Brett,Standring,Brett Standring,M,46,Glasshouse Mountains,AUS,AUS,1678.3666666666666,True,195.0,155.0
2018-256,2018,256,Jovencio,Luspian,Jovencio Luspian,M,37,La Trinidad,PHL,PHL,1680.05,True,196.0,156.0
2018-130,2018,130,David,Bowers,David Bowers,M,45,Elk Grove,CA,USA,1681.95,True,197.0,157.0
2018-342,2018,342,Mark,Smith,Mark Smith,M,39,Coon Rapids,MN,USA,1682.95,True,198.0,158.0
2018-110,2018,110,Nelson,Medeiros,Nelson Medeiros,M,43,Lincoln,CA,USA,1683.5333333333333,True,199.0,159.0
2018-307,2018,307,David,Pharr,David Pharr,M,34,Chattanooga,TN,USA,1686.0333333333333,True,200.0,160.0
2018-390,2018,390,Mike,Wilkinson,Mike Wilkinson,M,46,Parker,CO,USA,1691.9,True,201.0,161.0
2018-349,2018,349,Keith,Straw,Keith Straw,M,63,Malvern,PA,USA,1695.8833333333334,True,202.0,162.0
2018-239,2018,239,Kim,Kortz,Kim Kortz,F,53,Folsom,CA,USA,1696.7,True,203.0,41.0
2018-194,2018,194,Daniel,Goeckermann,Daniel Goeckermann,M,37,Stevens Point,WI,USA,1700.4,True,204.0,163.0
2018-386,2018,386,Matt,Simmons,Matt Simmons,M,43,Tucson,AZ,USA,1700.5333333333333,True,205.0,164.0
2018-92,2018,92,Chad,Bailey,Chad Bailey,M,40,Grapevine,TX,USA,1701.55,True,206.0,165.0
2018-79,2018,79,Tom,James,Tom James,M,38,New Farm,AUS,AUS,1704.45,True,207.0,166.0
2018-109,2018,109,Harris,Brenner,Harris Brenner,M,44,Newtown,PA,USA,1704.85,True,208.0,167.0
2018-268,2018,268,Mitchell,McLaughlin,Mitchell McLaughlin,M,20,Chico,CA,USA,1705.5833333333333,True,209.0,168.0
2018-294,2018,294,Shaun,Woody,Shaun Woody,M,40,Oakland,CA,USA,1708.8,True,210.0,169.0
2018-174,2018,174,Christopher,Errecart,Christopher Errecart,M,43,Long Beach,CA,USA,1709.4,True,211.0,170.0
2018-348,2018,348,Julieann,Storm,Julieann Storm,F,51,San Diego,CA,USA,1713.3333333333333,True,212.0,42.0
2018-287,2018,287,Van,Patterson,Van Patterson,M,43,Phoenix,AZ,USA,1714.6666666666667,True,213.0,171.0
2018-60,2018,60,Russell,Evans,Russell Evans,M,41,McMahons Point,AUS,AUS,1715.6,True,214.0,172.0
2018-235,2018,235,Alan,Johnson,Alan Johnson,M,54,Ocean View,NJ,USA,1716.0333333333333,True,215.0,173.0
2018-141,2018,141,James,Catron,James Catron,M,43,Nacogdoches,TX,USA,1716.3333333333333,True,216.0,174.0
2018-175,2018,175,Traci,Falbo,Traci Falbo,F,46,Jeffersonville,IN,USA,1716.9333333333334,True,217.0,43.0
2018-136,2018,136,Steven,Brown,Steven Brown,M,41,Indianapolis,IN,USA,1717.8833333333334,True,218.0,175.0
2018-185,2018,185,Sean,Flanagan,Sean Flanagan,M,38,Kings Beach,CA,USA,1718.6666666666667,True,219.0,176.0
2018-210,2018,210,Gina,Harcrow,Gina Harcrow,F,46,Monument,CO,USA,1719.0,True,220.0,44.0
2018-105,2018,105,Daniel,Barnett,Daniel Barnett,M,55,Salt Lake City,UT,USA,1720.1333333333334,True,221.0,177.0
2018-335,2018,335,Stuart,Secker,Stuart Secker,M,44,Leatherhead,GBR,GBR,1722.6666666666667,True,222.0,178.0
2018-318,2018,318,Tim,Hackett,Tim Hackett,M,51,Mesa,AZ,USA,1724.5833333333333,True,223.0,179.0
2018-160,2018,160,Carlos,Paredes,Carlos Paredes,M,36,Quito,ECU,ECU,1724.6,True,224.0,180.0
2018-330,2018,330,Billy,Satterwhite,Billy Satterwhite,M,31,Austin,TX,USA,1725.5666666666666,True,225.0,181.0
2018-280,2018,280,Emmanuel,Odebunmi,Emmanuel Odebunmi,M,35,New York,NY,USA,1728.4,True,226.0,182.0
2018-85,2018,85,Cristiano,Marcelino,Cristiano Marcelino,M,37,Niteroi,BRA,BRA,1729.5,True,227.0,183.0
2018-208,2018,208,John,Hampton,John Hampton,M,51,Long Beach,CA,USA,1730.0833333333333,True,228.0,184.0
2018-358,2018,358,Mariano,Volpedo,Mariano Volpedo,M,47,Santiago,CHL,CHL,1731.7333333333333,True,229.0,185.0
2018-111,2018,111,Jim,Treece,Jim Treece,M,49,Frederick,MD,USA,1732.8166666666666,True,230.0,186.0
2018-180,2018,180,Casey,Fisher,Casey Fisher,M,35,Abingdon,MD,USA,1735.5833333333333,True,231.0,187.0
2018-374,2018,374,Eric,Cuenot,Eric Cuenot,M,43,Chateauneuf les Martigues,FRA,FRA,1738.75,True,232.0,188.0
2018-378,2018,378,Lance,Brady,Lance Brady,M,47,Mountain View,CA,USA,1739.65,True,233.0,189.0
2018-289,2018,289,Lauren,Pearch,Lauren Pearch,F,33,Akron,OH,USA,1742.05,True,234.0,45.0
2018-260,2018,260,Charley,Jones,Charley Jones,M,46,Folsom,CA,USA,1742.1,True,235.0,190.0
2018-306,2018,306,Christa,Petryszyn,Christa Petryszyn,F,36,Cleveland,OH,USA,1744.6166666666666,True,236.0,46.0
2018-356,2018,356,Alim,Valiev,Alim Valiev,M,48,Citrus Heights,CA,USA,1746.2,True,237.0,191.0
2018-201,2018,201,Martin,Hack,Martin Hack,M,47,Frenchville,AUS,AUS,1746.5666666666666,True,238.0,192.0
2018-314,2018,314,Michael,Randall,Michael Randall,M,43,Boulder,CO,USA,1746.7666666666667,True,239.0,193.0
2018-123,2018,123,Paul,Berquam,Paul Berquam,M,45,Auburn,CA,USA,1747.75,True,240.0,194.0
2018-301,2018,301,Paul,Pelletier,Paul Pelletier,M,52,Sacramento,CA,USA,1749.6833333333334,True,241.0,195.0
2018-114,2018,114,Nicholas,Bassett,Nicholas Bassett,M,73,Cheyenne,WY,USA,1749.7,True,242.0,196.0
2018-313,2018,313,Jennifer,Raby,Jennifer Raby,F,35,Decatur,GA,USA,1751.15,True,243.0,47.0
2018-254,2018,254,Carolyn,Luckett,Carolyn Luckett,F,51,Salt Lake City,UT,USA,1751.5,True,244.0,48.0
2018-117,2018,117,Russell,Bennett,Russell Bennett,M,46,Tulsa,OK,USA,1752.9166666666667,True,245.0,197.0
2018-140,2018,140,Carolyn,Caskie,Carolyn Caskie,F,31,Toronto,ON,CAN,1755.55,True,246.0,49.0
2018-102,2018,102,Terry,Eldien,Terry Eldien,M,47,Fergus Falls,MN,USA,1755.7,True,247.0,198.0
2018-55,2018,55,Stephen,Goetz,Stephen Goetz,M,55,New Carlisle,IN,USA,1755.8666666666666,True,248.0,199.0
2018-284,2018,284,Luis,Osca,Luis Osca,M,43,guadassuar,ESP,ESP,1756.1666666666667,True,249.0,200.0
2018-308,2018,308,Michel,Poletti,Michel Poletti,M,63,Chamonix,FRA,FRA,1756.7666666666667,True,250.0,201.0
2018-331,2018,331,Tim,Schmitt,Tim Schmitt,M,35,Livonia,MI,USA,1757.0666666666666,True,251.0,202.0
2018-157,2018,157,Daniel,Crouse,Daniel Crouse,M,41,Oshkosh,WI,USA,1757.95,True,252.0,203.0
2018-146,2018,146,Sophorn,Choup,Sophorn Choup,F,39,Philadelphia,PA,USA,1760.8333333333333,True,253.0,50.0
2018-340,2018,340,Christopher,Sipe,Christopher Sipe,M,37,Colorado Springs,CO,USA,1761.7833333333333,True,254.0,204.0
2018-392,2018,392,Rick,Russell,Rick Russell,M,49,Austin,TX,USA,1762.4833333333333,True,255.0,205.0
2018-176,2018,176,Zhenhua,Fan,Zhenhua Fan,M,51,Palo Alto,CA,USA,1762.9333333333334,True,256.0,206.0
2018-319,2018,319,Carlo,Rizzo,Carlo Rizzo,M,52,Imperia,ITA,ITA,1763.2333333333333,True,257.0,207.0
2018-311,2018,311,Keith,Pronske,Keith Pronske,M,58,Wilton,CA,USA,1763.3666666666666,True,258.0,208.0
2018-277,2018,277,Nattu,Natraj,Nattu Natraj,M,55,Auburn,CA,USA,1763.3833333333334,True,259.0,209.0
2018-327,2018,327,Anthony,Sandoval,Anthony Sandoval,M,44,La Mesa,CA,USA,1764.4666666666667,True,260.0,210.0
2018-98,2018,98,Margaret,Campbell,Margaret Campbell,F,45,Rockville,MD,USA,1766.2833333333333,True,261.0,51.0
2018-88,2018,88,Austin,Twietmeyer,Austin Twietmeyer,M,24,Auburn,CA,USA,1766.6666666666667,True,262.0,211.0
2018-295,2018,295,Kai,Yang,Kai Yang,M,36,Shanghai,CHN,CHN,1767.4833333333333,True,263.0,212.0
2018-69,2018,69,Kyle,Northrop,Kyle Northrop,M,24,Alexandria,VA,USA,1767.8333333333333,True,264.0,213.0
2018-170,2018,170,Kurt,Drengler,Kurt Drengler,M,36,Duluth,MN,USA,1768.2,True,265.0,214.0
2018-249,2018,249,Miles,Lilly,Miles Lilly,M,51,Bend,OR,USA,1768.5,True,266.0,215.0
2018-72,2018,72,Robert,Carstairs,Robert Carstairs,M,44,Calgary,AB,CAN,1768.6166666666666,True,267.0,216.0
2018-367,2018,367,David,Wells,David Wells,M,37,Dublin,OH,USA,1768.9,True,268.0,217.0
2018-231,2018,231,William,Jackson,William Jackson,M,55,Neenah,WI,USA,1769.4666666666667,True,269.0,218.0
2018-322,2018,322,Jack,Roy,Jack Roy,M,47,Concord,CA,USA,1773.5666666666666,True,270.0,219.0
2018-89,2018,89,Mick,Keane,Mick Keane,M,51,Reno,NV,USA,1773.85,True,271.0,220.0
2018-122,2018,122,Brad,Bishop,Brad Bishop,M,32,Fort Collins,CO,USA,1774.3333333333333,True,272.0,221.0
2018-400,2018,400,Roger,Curtis,Roger Curtis,M,56,Folsom,CA,USA,1774.5666666666666,True,273.0,222.0
2018-198,2018,198,Patrick,Grengs,Patrick Grengs,M,53,West Richland,WA,USA,1774.5833333333333,True,274.0,223.0
2018-362,2018,362,Constance,Wannamaker,Constance Wannamaker,F,45,El Paso,TX,USA,1776.7,True,275.0,52.0
2018-320,2018,320,Brent,Robinson,Brent Robinson,M,37,McKinney,TX,USA,1778.7,True,276.0,224.0
2018-68,2018,68,Timothy,Allen,Timothy Allen,M,49,Houston,TX,USA,1779.1666666666667,True,277.0,225.0
2018-363,2018,363,Nick,Wathen,Nick Wathen,M,39,Fairfax,VA,USA,1779.35,True,278.0,226.0
2018-360,2018,360,Nile,Sousa,Nile Sousa,M,64,Modesto,CA,USA,1779.7166666666667,True,279.0,227.0
2018-336,2018,336,Samir,Shah,Samir Shah,M,44,San Francisco,CA,USA,1779.8,True,280.0,228.0
2018-150,2018,150,Erin,Clark,Erin Clark,F,41,Salt Lake City,UT,USA,1781.4,True,281.0,53.0
2018-119,2018,119,Keather,Kehoe,Keather Kehoe,F,45,Elk Grove,CA,USA,1781.6,True,282.0,54.0
2018-77,2018,77,Sarah,Tadlock,Sarah Tadlock,F,41,Auburn,CA,USA,1781.9,True,283.0,55.0
2018-57,2018,57,Garry,Sewell,Garry Sewell,M,57,Granite Bay,CA,USA,1782.55,True,284.0,229.0
2018-186,2018,186,Kevin,Flannery,Kevin Flannery,M,39,Arvada,CO,USA,1785.05,True,285.0,230.0
2018-288,2018,288,John,Peabody,John Peabody,M,63,Wakefield,RI,USA,1785.2833333333333,True,286.0,231.0
2018-276,2018,276,Kelly,Motyka,Kelly Motyka,F,43,Long Beach,CA,USA,1785.5,True,287.0,56.0
2018-351,2018,351,Jim,Tadel,Jim Tadel,M,61,Monticello,AR,USA,1786.6166666666666,True,288.0,232.0
2018-63,2018,63,David,Elsbernd,David Elsbernd,M,63,Salem,OR,USA,1786.7666666666667,True,289.0,233.0
2018-259,2018,259,Andrea,M V Ferreira,Andrea M V Ferreira,F,41,Belo Horizonte,BRA,BRA,1787.5166666666667,True,290.0,57.0
2018-338,2018,338,Daniel,Sheehan,Daniel Sheehan,M,49,Sterling,VA,USA,1787.6666666666667,True,291.0,234.0
2018-305,2018,305,Steve,Klang,Steve Klang,M,50,Placerville,CA,USA,1788.1833333333334,True,292.0,235.0
2018-291,2018,291,Sarah Kirsty,Williams,Sarah Kirsty Williams,F,44,Chelmsford,GBR,GBR,1789.9833333333333,True,293.0,58.0
2018-303,2018,303,Val,Zajac,Val Zajac,F,33,Westminster,CO,USA,1790.3833333333334,True,294.0,59.0
2018-91,2018,91,Heather,Ficke,Heather Ficke,F,29,Cockeysville,MD,USA,1791.35,True,295.0,60.0
2018-242,2018,242,Nickolas,Kunder,Nickolas Kunder,M,48,San Jose,CA,USA,1793.65,True,296.0,236.0
2018-257,2018,257,Joey,Luther,Joey Luther,M,39,Boulder,CO,USA,1794.3166666666666,True,297.0,237.0
2018-316,2018,316,Cory,Reese,Cory Reese,M,40,Hurricane,UT,USA,1795.7333333333333,True,298.0,238.0
2018-56,2018,56,Manouch,Shirvanioun,Manouch Shirvanioun,M,56,Grass Valley,CA,USA,1796.9166666666667,True,299.0,239.0
2018-66,2018,66,Bruce,Shurtleff,Bruce Shurtleff,M,52,Ottawa,ON,CAN,,False,,
2018-80,2018,80,Chuck,Amital,Chuck Amital,M,59,San Francisco,CA,USA,,False,,
2018-107,2018,107,Karey,Elliott,Karey Elliott,F,44,North East,PA,USA,,False,,
2018-262,2018,262,Robert,Johnson,Robert Johnson,M,47,Sparks,NV,USA,,False,,
2018-247,2018,247,Amy,Frank-Hensley,Amy Frank-Hensley,F,49,Peninsula,OH,USA,,False,,
2018-86,2018,86,Christopher,Baca,Christopher Baca,M,45,Sandia Park,NM,USA,,False,,
2018-258,2018,258,Su Lin,Woo,Su Lin Woo,F,43,singapore,SGP,SGP,,False,,
2018-129,2018,129,Paul,Bonnett,Paul Bonnett,M,56,Phoenix,AZ,USA,,False,,
2018-133,2018,133,Samantha,Reilly,Samantha Reilly,F,26,Tallahassee,FL,USA,,False,,
2018-54,2018,54,Eddie,Schmidt,Eddie Schmidt,M,54,Auburn,CA,USA,,False,,
2018-209,2018,209,Scott,Harber,Scott Harber,M,47,Charlotte,NC,USA,,False,,
2018-300,2018,300,Donna,NiCuarta,Donna NiCuarta,F,38,London,GBR,GBR,,False,,
2018-332,2018,332,James,Schwartz,James Schwartz,M,37,Toronto,ON,CAN,,False,,
2018-298,2018,298,Kim,Maltempo,Kim Maltempo,F,36,Goodletsville,TN,USA,,False,,
2018-82,2018,82,Amanda,Clifford,Amanda Clifford,F,32,Lincoln,CA,USA,,False,,
2018-16,2018,16,Didrik,Hermansen,Didrik Hermansen,M,38,Oslo,NOR,NOR,,False,,
2018-30,2018,30,Juan,Moran,Juan Moran,M,36,Beloit,WI,USA,,False,,
2018-323,2018,323,Kevin,Rumon,Kevin Rumon,M,57,San Rafael,CA,USA,,False,,
2018-372,2018,372,Stan,Wiens,Stan Wiens,M,53,Calgary,AB,CAN,,False,,
2018-112,2018,112,Chris,Bassett,Chris Bassett,M,50,Livermore,CA,USA,,False,,
2018-126,2018,126,Megan,Storms,Megan Storms,F,42,San Carlos,CA,USA,,False,,
2018-368,2018,368,Philip,Westlake,Philip Westlake,M,46,Murrysville,PA,USA,,False,,
2018-148,2018,148,Sam,Fiandaca,Sam Fiandaca,M,46,San Pablo,CA,USA,,False,,
2018-379,2018,379,Mary,Walker,Mary Walker,F,34,Terre Haute,IN,USA,,False,,
2018-51,2018,51,Nicholas,Hobbs,Nicholas Hobbs,M,34,Greenwood,IN,USA,,False,,
2018-251,2018,251,Thomas,Lopes,Thomas Lopes,M,46,Modesto,CA,USA,,False,,
2018-90,2018,90,Eric,Whittington,Eric Whittington,M,48,Canal Fulton,OH,USA,,False,,
2018-227,2018,227,Andrew,Barrett,Andrew Barrett,M,51,Tampa,FL,USA,,False,,
2018-211,2018,211,Kenneth,Hawkes,Kenneth Hawkes,M,39,Happy Valley,OR,USA,,False,,
2018-189,2018,189,Matthew,Florence,Matthew Florence,M,39,Conifer,CO,USA,,False,,
2018-218,2018,218,Brian,Purcell,Brian Purcell,M,46,Fairfield,CA,USA,,False,,
2018-96,2018,96,Wade,Blomgren,Wade Blomgren,M,57,San Diego,CA,USA,,False,,
2018-299,2018,299,Stormy,Phillips,Stormy Phillips,M,36,Tulsa,OK,USA,,False,,
2018-350,2018,350,Brett,Szymoniak,Brett Szymoniak,M,35,Portland,OR,USA,,False,,
2018-253,2018,253,Dana,Munari,Dana Munari,M,53,Olympia,WA,USA,,False,,
2018-341,2018,341,Diran,Sirinian,Diran Sirinian,M,52,Buenos Aires,ARG,ARG,,False,,
2018-255,2018,255,Timothy,Lupfer,Timothy Lupfer,M,37,Minneapolis,MN,USA,,False,,
2018-246,2018,246,John,Lesniak,John Lesniak,M,46,Forest Park,IL,USA,,False,,
2018-293,2018,293,Roxanne,Woodhouse,Roxanne Woodhouse,F,55,Weaverville,CA,USA,,False,,
2018-370,2018,370,Lael,Wever,Lael Wever,M,40,Broken Arrow,OK,USA,,False,,
2018-371,2018,371,James,Whiteside,James Whiteside,M,46,Washington,DC,USA,,False,,
2018-151,2018,151,Benjamin,Clayton,Benjamin Clayton,M,30,San Jose,CA,USA,,False,,
2018-93,2018,93,Andy,Bain,Andy Bain,M,45,St. Albans,GBR,GBR,,False,,
2018-99,2018,99,Blair,Noel,Blair Noel,M,56,Penticton,BC,CAN,,False,,
2018-62,2018,62,Josh,Alexander,Josh Alexander,M,37,Lake Forest,CA,USA,,False,,
2018-241,2018,241,Loren,Henry,Loren Henry,M,57,Baker City,OR,USA,,False,,
2018-238,2018,238,Susan,Bush,Susan Bush,F,50,Palo Alto,CA,USA,,False,,
2018-71,2018,71,Wes,Thurman,Wes Thurman,M,46,Colorado Springs,CO,USA,,False,,
2018-59,2018,59,Brad,Addink,Brad Addink,M,47,Sun Prairie,WI,USA,,False,,
2018-304,2018,304,George,Peterka,George Peterka,M,58,Hot Springs,AR,USA,,False,,
2018-296,2018,296,David,Yerden,David Yerden,M,59,Kennesaw,GA,USA,,False,,
2018-84,2018,84,Adam,Aucella,Adam Aucella,M,39,Nevada City,CA,USA,,False,,
2018-104,2018,104,Mary,Baniak,Mary Baniak,F,45,Keyser,WV,USA,,False,,
2018-382,2018,382,David,Laulhey,David Laulhey,M,45,ISSY LES MOULINEAUX,FRA,FRA,,False,,
2018-145,2018,145,Yitzhak,Gilon,Yitzhak Gilon,M,68,Mount Aukum,CA,USA,,False,,
2018-236,2018,236,Ron,Kappus,Ron Kappus,M,58,Milford,NJ,USA,,False,,
2018-64,2018,64,Georganna,Quarles,Georganna Quarles,F,64,The Villages,FL,USA,,False,,
2018-315,2018,315,Craig,Readman,Craig Readman,M,42,Southern Shores,NC,USA,,False,,
2018-73,2018,73,Robert,Becker,Robert Becker,M,73,Fort Lauderdale,FL,USA,,False,,
2018-75,2018,75,Denis,Trafecanty,Denis Trafecanty,M,75,Santa Ysabel,CA,USA,,False,,
2018-196,2018,196,Starchy,Grant,Starchy Grant,M,38,Oakland,CA,USA,,False,,
2018-267,2018,267,Leonard,Martin,Leonard Martin,M,65,Oak Ridge,TN,USA,,False,,
2018-0,2018,0,Gordy,Ainsleigh,Gordy Ainsleigh,M,71,Meadow Vista,CA,USA,,False,,
2018-205,2018,205,Christy,Hammond,Christy Hammond,F,42,Sumner,WA,USA,,False,,
2018-120,2018,120,Kristen,Klink,Kristen Klink,F,43,Auburn,CA,USA,,False,,
2018-232,2018,232,Ken,Neely,Ken Neely,M,46,Richmond,CA,USA,,False,,
2018-265,2018,265,Ian,Maddieson,Ian Maddieson,M,75,Albuquerque,NM,USA,,False,,
2018-312,2018,312,Linda,Pulver,Linda Pulver,F,57,Mason,MI,USA,,False,,
2018-337,2018,337,Kim,Vanyo,Kim Vanyo,F,55,Winchester,MA,USA,,False,,
2018-282,2018,282,Devon,Olson,Devon Olson,M,30,Steamboat Springs,CO,USA,,False,,
2019-M1,2019,M1,Jim,Walmsley,Jim Walmsley,M,29,Flagstaff,AZ,USA,849.4666666666667,True,1.0,1.0
2019-35,2019,35,Jared,Hazen,Jared Hazen,M,24,Flagstaff,AZ,USA,866.7666666666667,True,2.0,2.0
2019-12,2019,12,Tom,Evans,Tom Evans,M,27,Heathfield,GBR,GBR,899.7333333333333,True,3.0,3.0
2019-27,2019,27,Matt,Daniels,Matt Daniels,M,31,Boulder,CO,USA,921.6,True,4.0,4.0
2019-M3,2019,M3,Mark,Hammond,Mark Hammond,M,34,Millcreek,UT,USA,936.2,True,5.0,5.0
2019-15,2019,15,Gediminas,Grinius,Gediminas Grinius,M,39,Ukmerge,LTU,LTU,943.8333333333334,True,6.0,6.0
2019-36,2019,36,Stephen,Kersh,Stephen Kersh,M,27,Flagstaff,AZ,USA,954.25,True,7.0,7.0
2019-20,2019,20,Patrick,Reagan,Patrick Reagan,M,32,Savannah,GA,USA,954.5166666666667,True,8.0,8.0
2019-M5,2019,M5,Jeff,Browning,Jeff Browning,M,47,Logan,UT,USA,955.1,True,9.0,9.0
2019-M6,2019,M6,Kyle,Pietari,Kyle Pietari,M,32,Edgewater,CO,USA,956.2166666666667,True,10.0,10.0
2019-44,2019,44,Ryan,Sandes,Ryan Sandes,M,37,Cape Town,ZAF,ZAF,968.2,True,11.0,11.0
2019-24,2019,24,Chris,Mocko,Chris Mocko,M,33,Boulder,CO,USA,989.5333333333333,True,12.0,12.0
2019-M10,2019,M10,Kris,Brown,Kris Brown,M,30,Santa Barbara,CA,USA,995.3666666666667,True,13.0,13.0
2019-23,2019,23,Tyler,Green,Tyler Green,M,35,Portland,OR,USA,1011.5333333333333,True,14.0,14.0
2019-M4,2019,M4,Ian,Sharman,Ian Sharman,M,38,Bend,OR,USA,1014.2333333333333,True,15.0,15.0
2019-M9,2019,M9,Paul,Giblin,Paul Giblin,M,41,Paisley,GBR,GBR,1029.6333333333334,True,16.0,16.0
2019-13,2019,13,Clare,Gallagher,Clare Gallagher,F,27,Boulder,CO,USA,1043.4166666666667,True,17.0,1.0
2019-40,2019,40,Brian,Condon,Brian Condon,M,32,Boulder,CO,USA,1045.0166666666667,True,18.0,17.0
2019-21,2019,21,Brittany,Peterson,Brittany Peterson,F,33,Pocatello,ID,USA,1054.4833333333333,True,19.0,2.0
2019-25,2019,25,Kaci,Lickteig,Kaci Lickteig,F,32,Omaha,NE,USA,1075.9166666666667,True,20.0,3.0
2019-19,2019,19,Beth,Pascall,Beth Pascall,F,31,Belper,GBR,GBR,1086.85,True,21.0,4.0
2019-F7,2019,F7,Camelia,Mayfield,Camelia Mayfield,F,27,Bend,OR,USA,1093.5166666666667,True,22.0,5.0
2019-F2,2019,F2,Kaytlyn,Gerbin,Kaytlyn Gerbin,F,30,Issaquah,WA,USA,1093.55,True,23.0,6.0
2019-255,2019,255,Steven,Moore,Steven Moore,M,51,Austin,TX,USA,1094.95,True,24.0,18.0
2019-309,2019,309,Hallvard,Schjolberg,Hallvard Schjolberg,M,43,Kabelvag,NOR,NOR,1130.95,True,25.0,19.0
2019-42,2019,42,Nicole,Bitter,Nicole Bitter,F,37,Phoenix,AZ,USA,1135.2333333333333,True,26.0,7.0
2019-214,2019,214,Andrew,McConnell,Andrew McConnell,M,36,Watson,AUS,AUS,1135.9666666666667,True,27.0,20.0
2019-37,2019,37,Kathryn,Drew,Kathryn Drew,F,32,Vancouver,BC,CAN,1139.1333333333334,True,28.0,8.0
2019-98,2019,98,David,Sanderson,David Sanderson,M,42,Folsom,CA,USA,1149.5333333333333,True,29.0,21.0
2019-144,2019,144,Yassine,Diboun,Yassine Diboun,M,40,Portland,OR,USA,1166.2666666666667,True,30.0,22.0
2019-264,2019,264,Markus,Meinke,Markus Meinke,M,43,Cologne,DEU,DEU,1173.4833333333333,True,31.0,23.0
2019-386,2019,386,Jake,Lawrence,Jake Lawrence,M,37,Mankato,MN,USA,1178.7166666666667,True,32.0,24.0
2019-240,2019,240,Henri,Lehkonen,Henri Lehkonen,M,34,Hong Kong,HKG,HKG,1182.4333333333334,True,33.0,25.0
2019-34,2019,34,Addie,Bracy,Addie Bracy,F,32,Longmont,CO,USA,1193.6333333333334,True,34.0,9.0
2019-F9,2019,F9,Corrine,Malcolm,Corrine Malcolm,F,29,San Francisco,CA,USA,1202.4833333333333,True,35.0,10.0
2019-M8,2019,M8,Charlie,Ware,Charlie Ware,M,33,Tucson,AZ,USA,1207.2166666666667,True,36.0,26.0
2019-156,2019,156,Gerad,Dean,Gerad Dean,M,41,Mount Shasta,CA,USA,1220.3,True,37.0,27.0
2019-29,2019,29,Luzia,Buehler,Luzia Buehler,F,37,Flims Waldhaus,CHE,CHE,1223.0166666666667,True,38.0,11.0
2019-F5,2019,F5,Cecilia,Flori,Cecilia Flori,F,38,Hamilton,NZL,NZL,1224.4166666666667,True,39.0,12.0
2019-17,2019,17,David,Laney,David Laney,M,30,Portland,OR,USA,1239.4166666666667,True,40.0,28.0
2019-72,2019,72,John,Knotts,John Knotts,M,42,Evergreen,CO,USA,1249.25,True,41.0,29.0
2019-384,2019,384,Bryan,Hitchcock,Bryan Hitchcock,M,44,Juneau,AK,USA,1254.5833333333333,True,42.0,30.0
2019-30,2019,30,Liz,Canty,Liz Canty,F,27,Huntsville,AL,USA,1255.8166666666666,True,43.0,13.0
2019-53,2019,53,Dan,Barger,Dan Barger,M,53,Auburn,CA,USA,1266.25,True,44.0,31.0
2019-189,2019,189,Kent,Green,Kent Green,M,32,San Tan Valley,AZ,USA,1267.6166666666666,True,45.0,32.0
2019-353,2019,353,Amber,Weibel,Amber Weibel,F,41,South Lake Tahoe,CA,USA,1273.3166666666666,True,46.0,14.0
2019-F3,2019,F3,Lucy,Bartholomew,Lucy Bartholomew,F,23,Melbourne,AUS,AUS,1279.7166666666667,True,47.0,15.0
2019-50,2019,50,Drew,Adams,Drew Adams,M,31,Twin Falls,ID,USA,1290.4666666666667,True,48.0,33.0
2019-302,2019,302,Rudy,Rutemiller,Rudy Rutemiller,M,27,Salt Lake City,UT,USA,1293.2833333333333,True,49.0,34.0
2019-293,2019,293,Chris,Pope,Chris Pope,M,39,West Valley City,UT,USA,1295.5,True,50.0,35.0
2019-43,2019,43,Michael,Mcknight,Michael Mcknight,M,29,Smithfield,UT,USA,1295.7,True,51.0,36.0
2019-90,2019,90,Paolo,Castiglioni,Paolo Castiglioni,M,50,Davis,CA,USA,1296.0833333333333,True,52.0,37.0
2019-211,2019,211,Chuck,Radford,Chuck Radford,M,48,Castle Rock,CO,USA,1297.6166666666666,True,53.0,38.0
2019-225,2019,225,Rachel,Kelley,Rachel Kelley,F,39,Chapel Hill,NC,USA,1302.3666666666666,True,54.0,16.0
2019-85,2019,85,Troy,Bertram,Troy Bertram,M,45,Austin,TX,USA,1306.2833333333333,True,55.0,39.0
2019-11,2019,11,Francesca,Canepa,Francesca Canepa,F,47,Morgex,ITA,ITA,1311.25,True,56.0,17.0
2019-38,2019,38,Kim,Magnus,Kim Magnus,F,35,Vancouver,BC,CAN,1316.15,True,57.0,18.0
2019-142,2019,142,Nathaniel,Couture,Nathaniel Couture,M,39,Fredericton,NB,CAN,1320.65,True,58.0,40.0
2019-135,2019,135,Ray,Sanchez,Ray Sanchez,M,52,Sacramento,CA,USA,1328.85,True,59.0,41.0
2019-299,2019,299,Thomas,Robertshaw,Thomas Robertshaw,M,35,Hong Kong,HKG,HKG,1329.4333333333334,True,60.0,42.0
2019-162,2019,162,Carsten,Drilling,Carsten Drilling,M,46,Z�rich,CHE,CHE,1332.05,True,61.0,43.0
2019-349,2019,349,Dan,Wallis,Dan Wallis,M,47,Reno,NV,USA,1337.4666666666667,True,62.0,44.0
2019-241,2019,241,Dion,Leonard,Dion Leonard,M,44,Chamonix,AUS,AUS,1342.6666666666667,True,63.0,45.0
2019-339,2019,339,Eric,Toschi,Eric Toschi,M,50,Pleasanton,CA,USA,1346.1666666666667,True,64.0,46.0
2019-334,2019,334,David,Theriot,David Theriot,M,44,Owasso,OK,USA,1349.2666666666667,True,65.0,47.0
2019-374,2019,374,Vicent,Acosta Frances,Vicent Acosta Frances,M,36,Banyeres de Mariola,ESP,ESP,1350.4666666666667,True,66.0,48.0
2019-306,2019,306,Jeffrey,Fleitz,Jeffrey Fleitz,M,48,Chicago,IL,USA,1351.5333333333333,True,67.0,49.0
2019-369,2019,369,Ammon,Piepgrass,Ammon Piepgrass,M,42,Harpenden,GBR,GBR,1353.9833333333333,True,68.0,50.0
2019-359,2019,359,Robert,Woolley,Robert Woolley,M,39,Orange,AUS,AUS,1355.4833333333333,True,69.0,51.0
2019-112,2019,112,Ryan,Dotson,Ryan Dotson,M,43,Seattle,WA,USA,1356.4,True,70.0,52.0
2019-104,2019,104,Moriah,Buckley,Moriah Buckley,F,40,San Rafael,CA,USA,1356.9333333333334,True,71.0,19.0
2019-126,2019,126,Cedric,Chavanne,Cedric Chavanne,M,42,Rimouski,QC,CAN,1360.2166666666667,True,72.0,53.0
2019-365,2019,365,Evan,Kimber,Evan Kimber,M,42,Superior,CO,USA,1362.8,True,73.0,54.0
2019-164,2019,164,Forrest,Eber,Forrest Eber,M,41,Santa Rosa,CA,USA,1364.7833333333333,True,74.0,55.0
2019-338,2019,338,Adrian,Torres,Adrian Torres,M,48,Milpitas,CA,USA,1366.0333333333333,True,75.0,56.0
2019-250,2019,250,Tyler,Curley,Tyler Curley,M,33,Ogden,UT,USA,1367.9166666666667,True,76.0,57.0
2019-115,2019,115,Todd,Hlasney,Todd Hlasney,M,46,Overland Park,KS,USA,1368.3166666666666,True,77.0,58.0
2019-335,2019,335,Fred,Thompson,Fred Thompson,M,45,Helena,MT,USA,1368.8,True,78.0,59.0
2019-88,2019,88,Stuart,Taylor,Stuart Taylor,M,44,San Jose,CA,USA,1370.3333333333333,True,79.0,60.0
2019-257,2019,257,Shane,Martin,Shane Martin,M,52,Eden,UT,USA,1372.1333333333334,True,80.0,61.0
2019-100,2019,100,Philip,Sanderson,Philip Sanderson,M,51,Mill Valley,CA,USA,1374.9,True,81.0,62.0
2019-253,2019,253,Simon,Marcil,Simon Marcil,M,39,Montr�al,QC,CAN,1375.1666666666667,True,82.0,63.0
2019-173,2019,173,Francois,Catteau,Francois Catteau,M,47,Villeurbanne,FRA,FRA,1375.45,True,83.0,64.0
2019-178,2019,178,Grace,Fisher,Grace Fisher,F,38,Hancock,MD,USA,1379.9833333333333,True,84.0,20.0
2019-297,2019,297,Rob,Raguet-Schofield,Rob Raguet-Schofield,M,40,Fort Collins,CO,USA,1380.0,True,85.0,65.0
2019-F8,2019,F8,Aliza,Lapierre,Aliza Lapierre,F,39,Williston,VT,USA,1380.2833333333333,True,86.0,21.0
2019-327,2019,327,Alissa,St Laurent,Alissa St Laurent,F,34,Edmonton,AB,CAN,1383.5833333333333,True,87.0,22.0
2019-117,2019,117,Curt,Casazza,Curt Casazza,M,48,Cameron Park,CA,USA,1385.3,True,88.0,66.0
2019-200,2019,200,Sean,Nakamura,Sean Nakamura,M,40,San Diego,CA,USA,1389.3666666666666,True,89.0,67.0
2019-227,2019,227,Josef,Koch,Josef Koch,M,29,Ghent,BEL,BEL,1389.5333333333333,True,90.0,68.0
2019-158,2019,158,John,Diana,John Diana,M,50,Napa,CA,USA,1393.2166666666667,True,91.0,69.0
2019-337,2019,337,Jason,Tischer,Jason Tischer,M,44,Cary,NC,USA,1393.5333333333333,True,92.0,70.0
2019-169,2019,169,Jeffrey,Egolf,Jeffrey Egolf,M,46,Roseville,CA,USA,1393.75,True,93.0,71.0
2019-18,2019,18,Marie,McNaughton,Marie McNaughton,F,46,Hong Kong,HKG,HKG,1394.15,True,94.0,23.0
2019-73,2019,73,Cris,Francisco,Cris Francisco,M,40,Laguna Hills,CA,USA,1395.5833333333333,True,95.0,72.0
2019-265,2019,265,Carsten,Meyer-Jacob,Carsten Meyer-Jacob,M,34,Kingston,ON,CAN,1396.45,True,96.0,73.0
2019-385,2019,385,Todd,Nott,Todd Nott,M,55,Plattsmouth,NE,USA,1397.25,True,97.0,74.0
2019-177,2019,177,Dan,Fish,Dan Fish,M,47,Newbury Park,CA,USA,1397.3666666666666,True,98.0,75.0
2019-235,2019,235,Dave,Latourette,Dave Latourette,M,57,North Bend,WA,USA,1401.6,True,99.0,76.0
2019-358,2019,358,Dan,Williams,Dan Williams,M,35,Brentwood,TN,USA,1401.8666666666666,True,100.0,77.0
2019-303,2019,303,Brandon,Worthington,Brandon Worthington,M,34,Aurora,CO,USA,1403.3,True,101.0,78.0
2019-159,2019,159,Kyle,Dostart,Kyle Dostart,M,33,Lakewood,CO,USA,1404.15,True,102.0,79.0
2019-145,2019,145,Tremayne,Cowdry,Tremayne Cowdry,M,45,Maidstone,GBR,GBR,1404.9833333333333,True,103.0,80.0
2019-281,2019,281,Casey,Osmonovich,Casey Osmonovich,M,51,Sedona,AZ,USA,1406.7,True,104.0,81.0
2019-274,2019,274,Patrick,Montoya,Patrick Montoya,M,34,Portland,OR,USA,1408.0833333333333,True,105.0,82.0
2019-364,2019,364,Thiago,Coutinho Moreira,Thiago Coutinho Moreira,M,37,Brasilia,BRA,BRA,1408.5,True,106.0,83.0
2019-79,2019,79,Thomas,�derud,Thomas �derud,M,40,Kristiansand,NOR,NOR,1410.5333333333333,True,107.0,84.0
2019-294,2019,294,Michael,Pullar,Michael Pullar,M,50,Dunedin,NZL,NZL,1411.5666666666666,True,108.0,85.0
2019-276,2019,276,Chris,Neoh,Chris Neoh,M,34,Pelham,MA,USA,1411.75,True,109.0,86.0
2019-195,2019,195,Michael,Halovatch,Michael Halovatch,M,40,Ny,NY,USA,1412.1833333333334,True,110.0,87.0
2019-277,2019,277,Michael,Newman,Michael Newman,M,43,Ashland,OR,USA,1412.7166666666667,True,111.0,88.0
2019-388,2019,388,Will,Cunningham,Will Cunningham,M,32,Greenville,SC,USA,1415.5666666666666,True,112.0,89.0
2019-212,2019,212,Matt,Hawkins,Matt Hawkins,M,46,Brentwood,TN,USA,1416.2666666666667,True,113.0,90.0
2019-70,2019,70,Kelly,Barber,Kelly Barber,M,49,Davis,CA,USA,1417.2166666666667,True,114.0,91.0
2019-286,2019,286,Anthony,Peelen,Anthony Peelen,M,39,Heusy,BEL,BEL,1419.9333333333334,True,115.0,92.0
2019-249,2019,249,Kate,Lukacs,Kate Lukacs,F,34,Grass Valley,CA,USA,1420.75,True,116.0,24.0
2019-220,2019,220,Hideo,Takuma,Hideo Takuma,M,55,Tokyo,JPN,JPN,1420.8166666666666,True,117.0,93.0
2019-362,2019,362,Aleks,Zids,Aleks Zids,M,28,Manly,AUS,AUS,1421.15,True,118.0,94.0
2019-380,2019,380,Ted,Bross,Ted Bross,M,30,Boulder,CO,USA,1423.5666666666666,True,119.0,95.0
2019-55,2019,55,Seth,Lucas,Seth Lucas,M,37,El Dorado Hills,CA,USA,1423.6666666666667,True,120.0,96.0
2019-310,2019,310,Martin,Schneekloth,Martin Schneekloth,M,48,Huntsville,AL,USA,1423.95,True,121.0,97.0
2019-328,2019,328,Annabelle,Stearns,Annabelle Stearns,F,48,Meopham,GBR,GBR,1424.35,True,122.0,25.0
2019-91,2019,91,Sean,Bowman,Sean Bowman,M,43,Sunnyvale,CA,USA,1428.6166666666666,True,123.0,98.0
2019-347,2019,347,Tony,Verdon,Tony Verdon,M,40,San Francisco,CA,USA,1429.1333333333334,True,124.0,99.0
2019-62,2019,62,Tanguy,Brogniart,Tanguy Brogniart,M,42,Toulouse,FRA,FRA,1429.25,True,125.0,100.0
2019-341,2019,341,Vu,Tran,Vu Tran,M,37,San francisco,CA,USA,1429.4,True,126.0,101.0
2019-190,2019,190,Terry,Grenwelge,Terry Grenwelge,M,44,Fort Collins,CO,USA,1429.9,True,127.0,102.0
2019-312,2019,312,Jonathan,Schwab,Jonathan Schwab,M,43,Happy Valley,OR,USA,1432.7,True,128.0,103.0
2019-167,2019,167,Doug,Richardson,Doug Richardson,M,44,Cammeray,AUS,AUS,1434.25,True,129.0,104.0
2019-122,2019,122,Michael,Chamoun,Michael Chamoun,M,36,Santa Monica,CA,USA,1434.5833333333333,True,130.0,105.0
2019-170,2019,170,Andre,Erlank,Andre Erlank,M,37,Victoria,BC,CAN,1445.0,True,131.0,106.0
2019-210,2019,210,Chris,Hendricks,Chris Hendricks,M,41,Laguna Niguel,CA,USA,1457.9333333333334,True,132.0,107.0
2019-352,2019,352,Julio,Palma,Julio Palma,M,37,Uniontown,PA,USA,1482.7,True,133.0,108.0
2019-185,2019,185,Paul,Gorman,Paul Gorman,M,51,Redwood City,CA,USA,1484.4666666666667,True,134.0,109.0
2019-348,2019,348,Scott,Vosburg,Scott Vosburg,M,49,Loomis,CA,USA,1487.5166666666667,True,135.0,110.0
2019-231,2019,231,Mike,Kreaden,Mike Kreaden,M,56,Sunnyvale,CA,USA,1488.7,True,136.0,111.0
2019-279,2019,279,Ryan,Norton,Ryan Norton,M,45,Manitowoc,WI,USA,1500.55,True,137.0,112.0
2019-252,2019,252,Dirk,Manley,Dirk Manley,M,49,Citrus Heights,CA,USA,1500.7833333333333,True,138.0,113.0
2019-283,2019,283,Steven,Pack,Steven Pack,M,38,New York,NY,USA,1505.3833333333334,True,139.0,114.0
2019-410,2019,410,Juan Carlos,Morales Rodriguez,Juan Carlos Morales Rodriguez,M,33,Aguascalientes,MEX,MEX,1507.0333333333333,True,140.0,115.0
2019-52,2019,52,Willem,Pennings,Willem Pennings,M,52,Redlands,CA,USA,1509.2666666666667,True,141.0,116.0
2019-246,2019,246,Mat,Lounibos,Mat Lounibos,M,45,Petaluma,CA,USA,1515.0333333333333,True,142.0,117.0
2019-120,2019,120,Adam,Casseday,Adam Casseday,M,38,Elkins,WV,USA,1523.05,True,143.0,118.0
2019-275,2019,275,Ronnie,Nauert,Ronnie Nauert,M,47,Auburn,CA,USA,1528.45,True,144.0,119.0
2019-296,2019,296,Mike,Rafferty,Mike Rafferty,M,42,Stevenson Ranch,CA,USA,1532.4666666666667,True,145.0,120.0
2019-287,2019,287,Fabrice,Perrin,Fabrice Perrin,M,47,Annecy,FRA,FRA,1536.1166666666666,True,146.0,121.0
2019-84,2019,84,Jean-Pascal,Bernard-Herve,Jean-Pascal Bernard-Herve,M,42,Mignaloux-Beauvoir,FRA,FRA,1539.0333333333333,True,147.0,122.0
2019-128,2019,128,Tsai Tsung,Chen,Tsai Tsung Chen,M,41,Taichung City,TWN,TWN,1539.2166666666667,True,148.0,123.0
2019-116,2019,116,Thomas,Camenisch,Thomas Camenisch,M,40,Maennedorf,CHE,CHE,1540.8333333333333,True,149.0,124.0
2019-151,2019,151,Scott,Crellin,Scott Crellin,M,43,Bonita,CA,USA,1547.4333333333334,True,150.0,125.0
2019-282,2019,282,Ralf,Ostmann,Ralf Ostmann,M,53,Redwood City,CA,USA,1547.5333333333333,True,151.0,126.0
2019-78,2019,78,Lucia,Mcintosh,Lucia Mcintosh,F,41,Los Angeles,CA,USA,1549.95,True,152.0,26.0
2019-320,2019,320,Matthew,Smith,Matthew Smith,M,40,Winchester,VA,USA,1551.7833333333333,True,153.0,127.0
2019-77,2019,77,Ronda,Sundermeier,Ronda Sundermeier,F,52,Bend,OR,USA,1552.7333333333333,True,154.0,27.0
2019-95,2019,95,Ryan,Brown,Ryan Brown,M,28,Allen,TX,USA,1557.3666666666666,True,155.0,128.0
2019-317,2019,317,Jodi,Semonell,Jodi Semonell,F,46,Omaha,NE,USA,1558.0,True,156.0,28.0
2019-280,2019,280,Deysi,Osegueda,Deysi Osegueda,F,37,Iztapalapa,MEX,MEX,1558.8666666666666,True,157.0,29.0
2019-323,2019,323,Meghan,Slavin,Meghan Slavin,F,33,Phoenix,AZ,USA,1559.8333333333333,True,158.0,30.0
2019-76,2019,76,Juan,Becerril,Juan Becerril,M,51,Ciudad De Mexico,MEX,MEX,1563.9333333333334,True,159.0,129.0
2019-68,2019,68,Scott,Mills,Scott Mills,M,68,Oceanside,CA,USA,1568.7666666666667,True,160.0,130.0
2019-237,2019,237,Neil,Stantiall,Neil Stantiall,M,46,Fareham,GBR,GBR,1574.8333333333333,True,161.0,131.0
2019-179,2019,179,Will,Fisher,Will Fisher,M,48,Basalt,CO,USA,1582.75,True,162.0,132.0
2019-187,2019,187,Sky,Grahn,Sky Grahn,M,29,Cottonwood Heights,UT,USA,1583.85,True,163.0,133.0
2019-236,2019,236,Matthew,Brand,Matthew Brand,M,43,Rugby,GBR,GBR,1584.5833333333333,True,164.0,134.0
2019-125,2019,125,Joe,Delano,Joe Delano,M,40,Orono,MN,USA,1584.7833333333333,True,165.0,135.0
2019-80,2019,80,Zach,Vine,Zach Vine,M,38,Englewood,CO,USA,1587.7333333333333,True,166.0,136.0
2019-361,2019,361,Nawid,Wuttke,Nawid Wuttke,M,35,Wiesenbach,DEU,DEU,1595.7833333333333,True,167.0,137.0
2019-108,2019,108,Zachary,Burkett,Zachary Burkett,M,34,Walnut Creek,CA,USA,1596.05,True,168.0,138.0
2019-60,2019,60,Jason,Bahamundi,Jason Bahamundi,M,45,Lewisville,TX,USA,1596.8833333333334,True,169.0,139.0
2019-278,2019,278,William,Nguyen,William Nguyen,M,31,Menlo Park,CA,USA,1598.7166666666667,True,170.0,140.0
2019-22,2019,22,Ladia,Albertson-Junkans,Ladia Albertson-Junkans,F,33,Snoqualmie,WA,USA,1600.0333333333333,True,171.0,31.0
2019-141,2019,141,Drew,Coughlin,Drew Coughlin,M,54,Walnut Creek,CA,USA,1606.2333333333333,True,172.0,141.0
2019-295,2019,295,Scott,Rabb,Scott Rabb,M,50,San Antonio,TX,USA,1607.8,True,173.0,142.0
2019-94,2019,94,Doug,Brown,Doug Brown,M,45,Roseville,CA,USA,1608.8,True,174.0,143.0
2019-106,2019,106,Alison,Burke,Alison Burke,F,43,Ashland,OR,USA,1612.6666666666667,True,175.0,32.0
2019-191,2019,191,Nicolas,Guayasamin,Nicolas Guayasamin,M,35,Terrebonne,QC,CAN,1615.0,True,176.0,144.0
2019-379,2019,379,Justin,Greene,Justin Greene,M,45,Buellton,CA,USA,1617.4833333333333,True,177.0,145.0
2019-305,2019,305,Arun,Sarkar,Arun Sarkar,M,41,Milwaukee,WI,USA,1618.7833333333333,True,178.0,146.0
2019-96,2019,96,Gretchen,Brugman,Gretchen Brugman,F,45,Truckee,CA,USA,1619.7833333333333,True,179.0,33.0
2019-97,2019,97,David,Brunken,David Brunken,M,54,Moreno Valley,CA,USA,1620.0833333333333,True,180.0,147.0
2019-314,2019,314,Haley,Schwarz,Haley Schwarz,F,39,Columbia,MO,USA,1623.9,True,181.0,34.0
2019-107,2019,107,Tom,Davies,Tom Davies,M,53,Trinidad,CA,USA,1629.2,True,182.0,148.0
2019-127,2019,127,Tim,Toben,Tim Toben,M,60,Chapel Hill,NC,USA,1629.9166666666667,True,183.0,149.0
2019-233,2019,233,Graham,Lambert,Graham Lambert,M,52,Tustin,CA,USA,1631.6666666666667,True,184.0,150.0
2019-174,2019,174,Stan,Fetting,Stan Fetting,M,53,Warner,AUS,AUS,1632.8833333333334,True,185.0,151.0
2019-262,2019,262,Sheryl,Mawn,Sheryl Mawn,F,54,Lakewood,CO,USA,1633.0666666666666,True,186.0,35.0
2019-218,2019,218,Steve,Sorenson,Steve Sorenson,M,54,Savage,MN,USA,1634.9,True,187.0,152.0
2019-180,2019,180,Bjorn,Flatt,Bjorn Flatt,M,44,Los Altos Hills,CA,USA,1635.65,True,188.0,153.0
2019-74,2019,74,Corey,Barrett,Corey Barrett,M,48,waterbury center,VT,USA,1636.0333333333333,True,189.0,154.0
2019-165,2019,165,Matthew,Edell,Matthew Edell,M,38,Berkeley,CA,USA,1636.7,True,190.0,155.0
2019-217,2019,217,Efren,Rangel,Efren Rangel,M,38,Lakewood,CA,USA,1637.1333333333334,True,191.0,156.0
2019-260,2019,260,Charley,Jones,Charley Jones,M,47,Folsom,CA,USA,1637.75,True,192.0,157.0
2019-131,2019,131,Wang,Chuan,Wang Chuan,M,44,Beijing,CHN,CHN,1638.0,True,193.0,158.0
2019-161,2019,161,Julius,Drelick,Julius Drelick,M,52,Scottsdale,AZ,USA,1638.8166666666666,True,194.0,159.0
2019-166,2019,166,Nicole,Ederle,Nicole Ederle,F,48,Houston,TX,USA,1639.4,True,195.0,36.0
2019-324,2019,324,Geoff,Smith,Geoff Smith,M,38,Aurora,CO,USA,1640.0166666666667,True,196.0,160.0
2019-194,2019,194,Christopher,Hall,Christopher Hall,M,38,Cheyenne,WY,USA,1641.75,True,197.0,161.0
2019-308,2019,308,Christopher,Scarpitti,Christopher Scarpitti,M,46,Hockessin,DE,USA,1642.5,True,198.0,162.0
2019-368,2019,368,Simon,Sandoval,Simon Sandoval,M,46,Makati City,PHL,PHL,1643.5833333333333,True,199.0,163.0
2019-351,2019,351,Silvio,Weber,Silvio Weber,M,37,Leverkusen,DEU,DEU,1644.0666666666666,True,200.0,164.0
2019-105,2019,105,Rachel,Bucklin,Rachel Bucklin,F,41,Spokane,WA,USA,1644.45,True,201.0,37.0
2019-139,2019,139,Robert,Conner,Robert Conner,M,48,St. Augustine,FL,USA,1645.8,True,202.0,165.0
2019-121,2019,121,Sean,Garbutt,Sean Garbutt,M,27,Sacramento,CA,USA,1650.2666666666667,True,203.0,166.0
2019-155,2019,155,Hong,De Sa,Hong De Sa,F,28,Cleveland,OH,USA,1651.8166666666666,True,204.0,38.0
2019-300,2019,300,Cesare,Rotundo,Cesare Rotundo,M,54,Foster City,CA,USA,1654.7833333333333,True,205.0,167.0
2019-181,2019,181,Mayuko,Floyd,Mayuko Floyd,F,32,San Diego,CA,USA,1655.0833333333333,True,206.0,39.0
2019-370,2019,370,Dave,Ashton,Dave Ashton,M,48,South Pasadena,CA,USA,1656.9333333333334,True,207.0,168.0
2019-268,2019,268,Lawrence,Miller,Lawrence Miller,M,51,Los Angeles,CA,USA,1658.1666666666667,True,208.0,169.0
2019-66,2019,66,Emile,Baizel,Emile Baizel,M,43,San Francisco,CA,USA,1658.3833333333334,True,209.0,170.0
2019-273,2019,273,Mansour,Monem,Mansour Monem,M,60,sacramento,CA,USA,1659.1666666666667,True,210.0,171.0
2019-355,2019,355,Michael,Westbrooks,Michael Westbrooks,M,49,Richardson,TX,USA,1659.9,True,211.0,172.0
2019-389,2019,389,Gil,Blank,Gil Blank,M,55,Los Angeles,CA,USA,1660.6833333333334,True,212.0,173.0
2019-360,2019,360,Tom,Wroblewski,Tom Wroblewski,M,60,Roseville,CA,USA,1661.2833333333333,True,213.0,174.0
2019-208,2019,208,Gary,Holton,Gary Holton,M,54,Honolulu,HI,USA,1662.0166666666667,True,214.0,175.0
2019-332,2019,332,Chris,Talley,Chris Talley,M,43,Morgan Hill,CA,USA,1665.85,True,215.0,176.0
2019-344,2019,344,Itao,Tsai,Itao Tsai,M,47,San Jose,CA,USA,1666.4666666666667,True,216.0,177.0
2019-292,2019,292,Parrish,Placencia,Parrish Placencia,F,42,Berkeley,CA,USA,1667.7166666666667,True,217.0,40.0
2019-224,2019,224,Bobby,Kearney,Bobby Kearney,M,52,Clovis,CA,USA,1670.5333333333333,True,218.0,178.0
2019-113,2019,113,Tyler,Clemens,Tyler Clemens,M,33,Englewood,CO,USA,1671.8166666666666,True,219.0,179.0
2019-366,2019,366,Tamara,Johnson,Tamara Johnson,F,54,Pleasant Hill,CA,USA,1671.9,True,220.0,41.0
2019-92,2019,92,Ian,Brazier,Ian Brazier,M,47,Chelmsford,GBR,GBR,1676.8666666666666,True,221.0,180.0
2019-318,2019,318,Michael,Sheridan,Michael Sheridan,M,34,Lake Cathie,AUS,AUS,1680.3833333333334,True,222.0,181.0
2019-130,2019,130,Carolyn,Rae,Carolyn Rae,F,37,Pencaitland,GBR,GBR,1681.2333333333333,True,223.0,42.0
2019-188,2019,188,Eric,Gras,Eric Gras,M,39,Sunnyvale,CA,USA,1681.6666666666667,True,224.0,182.0
2019-340,2019,340,Christopher,Sipe,Christopher Sipe,M,38,Colorado Springs,CO,USA,1687.6666666666667,True,225.0,183.0
2019-321,2019,321,David,Musgrave,David Musgrave,M,52,Colorado Springs,CO,USA,1688.95,True,226.0,184.0
2019-247,2019,247,Brad,Polnasek,Brad Polnasek,M,32,Battle Creek,MI,USA,1689.6333333333334,True,227.0,185.0
2019-176,2019,176,Gina,Fioroni,Gina Fioroni,F,42,Lakewood,CO,USA,1690.2666666666667,True,228.0,43.0
2019-342,2019,342,Danielle,Triffitt,Danielle Triffitt,F,44,Topsham,ME,USA,1693.7166666666667,True,229.0,44.0
2019-87,2019,87,Brent,Boger,Brent Boger,M,50,Tualatin,OR,USA,1698.2333333333333,True,230.0,186.0
2019-285,2019,285,Maurizio,Pastore,Maurizio Pastore,M,59,Genova GE,ITA,ITA,1698.5666666666666,True,231.0,187.0
2019-322,2019,322,Adam,Simson,Adam Simson,M,35,Melbourne,AUS,AUS,1699.8333333333333,True,232.0,188.0
2019-290,2019,290,Nam,Pham,Nam Pham,M,30,Oakland,CA,USA,1701.7166666666667,True,233.0,189.0
2019-284,2019,284,Jason,Pardue,Jason Pardue,M,44,Dulles,VA,USA,1702.2833333333333,True,234.0,190.0
2019-319,2019,319,Yuichi,Shoji,Yuichi Shoji,M,37,Chiba,JPN,JPN,1702.9333333333334,True,235.0,191.0
2019-168,2019,168,Walter,Edwards,Walter Edwards,M,44,Longmont,CO,USA,1703.25,True,236.0,192.0
2019-288,2019,288,Jayne,Peterlin,Jayne Peterlin,F,53,San Ramon,CA,USA,1703.9166666666667,True,237.0,45.0
2019-272,2019,272,Stephen,Mohr,Stephen Mohr,M,38,Arlington,VA,USA,1704.5166666666667,True,238.0,193.0
2019-216,2019,216,Todd,Hockensmith,Todd Hockensmith,M,37,San Diego,CA,USA,1706.5666666666666,True,239.0,194.0
2019-110,2019,110,Brandon,Lott,Brandon Lott,M,46,Burbank,WA,USA,1707.45,True,240.0,195.0
2019-221,2019,221,Jeffrey,Jordan,Jeffrey Jordan,M,56,Cottontown,TN,USA,1709.1666666666667,True,241.0,196.0
2019-313,2019,313,Daniel,Young,Daniel Young,M,59,Erie,PA,USA,1709.8666666666666,True,242.0,197.0
2019-209,2019,209,Ted,Jacka,Ted Jacka,M,55,Modesto,CA,USA,1711.2333333333333,True,243.0,198.0
2019-251,2019,251,Joey,Luther,Joey Luther,M,40,Boulder,CO,USA,1712.1166666666666,True,244.0,199.0
2019-232,2019,232,Ludovic,Lamadon,Ludovic Lamadon,M,39,Blanzat,FRA,FRA,1712.9666666666667,True,245.0,200.0
2019-316,2019,316,Leslie,Semler,Leslie Semler,F,37,Hermantown,MN,USA,1715.7666666666667,True,246.0,46.0
2019-215,2019,215,Bryan,Jennings,Bryan Jennings,M,46,Chapel Hill,NC,USA,1715.9166666666667,True,247.0,201.0
2019-243,2019,243,Patrick,Lichy,Patrick Lichy,M,40,Reston,VA,USA,1717.6333333333334,True,248.0,202.0
2019-146,2019,146,Sam,Crawford,Sam Crawford,M,34,London,GBR,GBR,1718.9333333333334,True,249.0,203.0
2019-175,2019,175,Troy,Feustel,Troy Feustel,M,44,Apple Valley,MN,USA,1720.5166666666667,True,250.0,204.0
2019-238,2019,238,Mario,Leal,Mario Leal,M,44,Horta,PRT,PRT,1721.7666666666667,True,251.0,205.0
2019-289,2019,289,Kristin,Petersen Baldrica,Kristin Petersen Baldrica,F,44,Altadena,CA,USA,1722.0166666666667,True,252.0,47.0
2019-89,2019,89,Jason,Chan,Jason Chan,M,43,San Jose,CA,USA,1729.4666666666667,True,253.0,206.0
2019-409,2019,409,John,McKune,John McKune,M,43,Fremont,CA,USA,1732.1166666666666,True,254.0,207.0
2019-356,2019,356,Brian,Westphal,Brian Westphal,M,55,Stanley,ID,USA,1732.4666666666667,True,255.0,208.0
2019-269,2019,269,Jeffrey,Miller,Jeffrey Miller,M,48,San Diego,CA,USA,1733.35,True,256.0,209.0
2019-373,2019,373,Dan,Savage,Dan Savage,M,58,Fair Oaks,CA,USA,1733.95,True,257.0,210.0
2019-258,2019,258,Shannon,Martin,Shannon Martin,F,43,Reno,NV,USA,1735.9666666666667,True,258.0,48.0
2019-298,2019,298,Gregory,Renden,Gregory Renden,M,41,Minneapolis,MN,USA,1736.65,True,259.0,211.0
2019-203,2019,203,Cynthia,Heady,Cynthia Heady,F,57,Finchville,KY,USA,1738.0333333333333,True,260.0,49.0
2019-226,2019,226,Norbert,Knapich,Norbert Knapich,M,49,Rosshaupten,DEU,DEU,1738.5333333333333,True,261.0,212.0
2019-206,2019,206,Bill,Hill,Bill Hill,M,39,Rock Springs,WY,USA,1738.9833333333333,True,262.0,213.0
2019-391,2019,391,Clint,Johnson,Clint Johnson,M,43,Alpharetta,GA,USA,1739.9666666666667,True,263.0,214.0
2019-242,2019,242,Ken,Lewis,Ken Lewis,M,56,Los Angeles,CA,USA,1741.75,True,264.0,215.0
2019-350,2019,350,Ken,Ward,Ken Ward,M,62,Corvallis,OR,USA,1742.9833333333333,True,265.0,216.0
2019-336,2019,336,Alex,Thomson,Alex Thomson,M,24,Blacksburg,VA,USA,1746.6666666666667,True,266.0,217.0
2019-83,2019,83,Adam,Yates,Adam Yates,M,34,Thornton Heath,GBR,GBR,1746.7166666666667,True,267.0,218.0
2019-147,2019,147,Keith,James,Keith James,M,45,Newport,GBR,GBR,1748.0333333333333,True,268.0,219.0
2019-307,2019,307,Dewayne,Satterfield,Dewayne Satterfield,M,55,Huntsville,AL,USA,1750.1166666666666,True,269.0,220.0
2019-101,2019,101,Joseph,Zagrodnik,Joseph Zagrodnik,M,32,Seattle,WA,USA,1751.1333333333334,True,270.0,221.0
2019-382,2019,382,Andrew,Madsen,Andrew Madsen,M,36,Midland,MI,USA,1751.3166666666666,True,271.0,222.0
2019-205,2019,205,Justin,Heller,Justin Heller,M,37,Arlington Heights,IL,USA,1754.0166666666667,True,272.0,223.0
2019-103,2019,103,Joey,Bryan,Joey Bryan,M,49,Oceanside,CA,USA,1754.4833333333333,True,273.0,224.0
2019-193,2019,193,Kristin,Gustafsson,Kristin Gustafsson,F,50,Folsom,CA,USA,1756.0333333333333,True,274.0,50.0
2019-301,2019,301,Rick,Russell,Rick Russell,M,50,Austin,TX,USA,1757.0166666666667,True,275.0,225.0
2019-261,2019,261,Jacob,Massler,Jacob Massler,M,38,El Cerrito,CA,USA,1757.4666666666667,True,276.0,226.0
2019-82,2019,82,Tamyka,Bell,Tamyka Bell,F,38,Coopers Plains,AUS,AUS,1762.7333333333333,True,277.0,51.0
2019-375,2019,375,Sean,Cook,Sean Cook,M,46,Troutville,VA,USA,1763.0833333333333,True,278.0,227.0
2019-213,2019,213,David,Wise,David Wise,M,48,Flagtown,NJ,USA,1763.3333333333333,True,279.0,228.0
2019-71,2019,71,Denise,Barchas,Denise Barchas,F,42,San Francisco,CA,USA,1763.8,True,280.0,52.0
2019-58,2019,58,Garry,Sewell,Garry Sewell,M,58,Granite Bay,CA,USA,1763.9,True,281.0,229.0
2019-57,2019,57,Francesca,Stone,Francesca Stone,F,57,South Lake Tahoe,CA,USA,1764.1666666666667,True,282.0,53.0
2019-136,2019,136,Isamu,Sato,Isamu Sato,M,47,Funabashi,JPN,JPN,1765.05,True,283.0,230.0
2019-119,2019,119,Amy,Clark,Amy Clark,F,43,Bend,OR,USA,1765.3166666666666,True,284.0,54.0
2019-86,2019,86,Reuben,Cheang,Reuben Cheang,M,54,Singapore,SGP,SGP,1765.4,True,285.0,231.0
2019-357,2019,357,Jason,Wheat,Jason Wheat,M,39,Scottsdale,AZ,USA,1765.55,True,286.0,232.0
2019-371,2019,371,Jukka,Kukkonen,Jukka Kukkonen,M,56,Helsinki,FIN,FIN,1766.05,True,287.0,233.0
2019-137,2019,137,Mark,Cliggett,Mark Cliggett,M,57,Seattle,WA,USA,1766.3833333333334,True,288.0,234.0
2019-230,2019,230,Adam,Korona,Adam Korona,M,45,League City,TX,USA,1766.8333333333333,True,289.0,235.0
2019-65,2019,65,Andrea,Abel,Andrea Abel,F,45,Roseville,CA,USA,1767.05,True,290.0,55.0
2019-184,2019,184,Harris,Goodman,Harris Goodman,M,53,Pleasanton,CA,USA,1769.3,True,291.0,236.0
2019-228,2019,228,Merritt,Kohn,Merritt Kohn,M,44,Cary,NC,USA,1769.7166666666667,True,292.0,237.0
2019-199,2019,199,Kumiko,Hart,Kumiko Hart,F,56,Brooklyn,NY,USA,1770.1666666666667,True,293.0,56.0
2019-153,2019,153,Ashley,Crouch,Ashley Crouch,F,38,Bassett,VA,USA,1771.4166666666667,True,294.0,57.0
2019-132,2019,132,James,Clark,James Clark,M,45,Sebastopol,CA,USA,1773.8166666666666,True,295.0,238.0
2019-198,2019,198,Jan,Hanousek,Jan Hanousek,M,55,Prague 5,CZE,CZE,1776.5166666666667,True,296.0,239.0
2019-149,2019,149,Chris,Crecente,Chris Crecente,M,44,Taylors,SC,USA,1777.4,True,297.0,240.0
2019-93,2019,93,James,Brennan,James Brennan,M,40,Fairfax,VA,USA,1779.9166666666667,True,298.0,241.0
2019-387,2019,387,Jim,Ruppert,Jim Ruppert,M,56,San Francisco,CA,USA,1781.8833333333334,True,299.0,242.0
2019-291,2019,291,Joseph,Pinter,Joseph Pinter,M,45,Gainesville,FL,USA,1782.65,True,300.0,243.0
2019-152,2019,152,Ted,Croll,Ted Croll,M,63,Edmonton,AB,CAN,1783.2333333333333,True,301.0,244.0
2019-331,2019,331,Beau,Talley,Beau Talley,M,57,Leeds,AL,USA,1784.0,True,302.0,245.0
2019-330,2019,330,Hideo,Takano,Hideo Takano,M,53,Holmbury St Mary,GBR,GBR,1784.8333333333333,True,303.0,246.0
2019-363,2019,363,Tom,Mangan,Tom Mangan,M,52,Pittsburgh,PA,USA,1785.3166666666666,True,304.0,247.0
2019-248,2019,248,Terra,Lovelin,Terra Lovelin,F,41,Las Vegas,NV,USA,1786.0666666666666,True,305.0,58.0
2019-234,2019,234,Natalie,Larson,Natalie Larson,F,40,Steamboat Springs,CO,USA,1786.1166666666666,True,306.0,59.0
2019-129,2019,129,Joseph,Chick,Joseph Chick,M,42,Ashland,OR,USA,1786.3,True,307.0,248.0
2019-343,2019,343,Oliver,Truog,Oliver Truog,M,46,Milton,MA,USA,1786.5666666666666,True,308.0,249.0
2019-138,2019,138,Kelli,Coleman,Kelli Coleman,F,32,Dallas,TX,USA,1786.6333333333334,True,309.0,60.0
2019-263,2019,263,Jeffrey,McAlpine,Jeffrey McAlpine,M,51,Portland,OR,USA,1787.5333333333333,True,310.0,250.0
2019-111,2019,111,Sandy,Baker,Sandy Baker,F,57,Foresthill,CA,USA,1787.85,True,311.0,61.0
2019-124,2019,124,David,Green,David Green,M,55,Jacksonville Beach,FL,USA,1789.75,True,312.0,251.0
2019-171,2019,171,Charlene,Farley,Charlene Farley,F,34,Fort Collins,CO,USA,1790.15,True,313.0,62.0
2019-197,2019,197,Shannon,Hampton,Shannon Hampton,M,46,Bentonville,AR,USA,1792.3166666666666,True,314.0,252.0
2019-183,2019,183,Rod,Giacchetta,Rod Giacchetta,M,48,Edmonton,AB,CAN,1792.95,True,315.0,253.0
2019-229,2019,229,Andrea,Kooiman,Andrea Kooiman,F,44,Mission Viejo,CA,USA,1793.4666666666667,True,316.0,63.0
2019-354,2019,354,Valerie,Welsh,Valerie Welsh,F,36,Sparks,NV,USA,1793.9333333333334,True,317.0,64.0
2019-75,2019,75,Heather,Mcgrath,Heather Mcgrath,F,44,Portland,OR,USA,1799.0166666666667,True,318.0,65.0
2019-157,2019,157,Lane,Shimonishi,Lane Shimonishi,M,47,Honolulu,HI,USA,1799.6333333333334,True,319.0,254.0
2019-329,2019,329,Sharon,Sullivan,Sharon Sullivan,F,46,Redruth,GBR,GBR,,False,,
2019-69,2019,69,Kimberly,Kuhlmann,Kimberly Kuhlmann,F,40,Tacoma,WA,USA,,False,,
2019-202,2019,202,Chris,Hasselback,Chris Hasselback,M,47,Castle Rock,CO,USA,,False,,
2019-160,2019,160,Brad,Doyle,Brad Doyle,M,58,Roseville,CA,USA,,False,,
2019-256,2019,256,Emily,Kennedy,Emily Kennedy,F,40,Huntsville,AL,USA,,False,,
2019-63,2019,63,Karen,Bonnett-Natraj,Karen Bonnett-Natraj,F,63,Auburn,CA,USA,,False,,
2019-99,2019,99,Dave,Mackey,Dave Mackey,M,49,Boulder,CO,USA,,False,,
2019-196,2019,196,Dawn,Hamel,Dawn Hamel,F,63,Orillia,ON,CAN,,False,,
2019-102,2019,102,Andrea,Brunsman,Andrea Brunsman,F,40,Davis,CA,USA,,False,,
2019-333,2019,333,Jill,Hudson,Jill Hudson,F,57,Seattle,WA,USA,,False,,
2019-28,2019,28,Eric,Senseman,Eric Senseman,M,30,Flagstaff,AZ,USA,,False,,
2019-207,2019,207,Mandie,Holmes,Mandie Holmes,F,33,Mountain View,CA,USA,,False,,
2019-266,2019,266,Ken,Michal,Ken Michal,M,48,San Francisco,CA,USA,,False,,
2019-172,2019,172,Myles,Fennon,Myles Fennon,M,40,New York,NY,USA,,False,,
2019-133,2019,133,Melanie,Boone,Melanie Boone,F,48,Huntington Beach,CA,USA,,False,,
2019-F1,2019,F1,Courtney,Dauwalter,Courtney Dauwalter,F,34,Golden,CO,USA,,False,,
2019-31,2019,31,Morgan,Elliott,Morgan Elliott,M,27,Black Mountain,NC,USA,,False,,
2019-267,2019,267,Eric,Middleton,Eric Middleton,M,59,Reno,NV,USA,,False,,
2019-14,2019,14,Jordi,Gamito Baus,Jordi Gamito Baus,M,37,la roca,ESP,ESP,,False,,
2019-186,2019,186,Matthew,Goulden,Matthew Goulden,M,38,Fernie,BC,CAN,,False,,
2019-325,2019,325,Joe,Smith,Joe Smith,M,50,Greer,SC,USA,,False,,
2019-345,2019,345,Kelsey,Tucker,Kelsey Tucker,F,27,Birmingham,AL,USA,,False,,
2019-61,2019,61,Laurel,DeVore,Laurel DeVore,F,30,Golden,CO,USA,,False,,
2019-244,2019,244,Tonya,Littlehales,Tonya Littlehales,F,46,Bend,OR,USA,,False,,
2019-304,2019,304,Kai Yau,Sak,Kai Yau Sak,M,38,HK,HKG,HKG,,False,,
2019-26,2019,26,Yiou,Wang,Yiou Wang,F,34,San Anselmo,CA,USA,,False,,
2019-F4,2019,F4,Amanda,Basham,Amanda Basham,F,29,North Logan,UT,USA,,False,,
2019-201,2019,201,Adrian,Harvey,Adrian Harvey,M,47,Calgary,AB,CAN,,False,,
2019-271,2019,271,Nakia,Baird,Nakia Baird,M,44,San Francisco,CA,USA,,False,,
2019-182,2019,182,Michael,Gampp,Michael Gampp,M,50,Columbus,OH,USA,,False,,
2019-123,2019,123,Chad,Swanson,Chad Swanson,M,32,Sparks,NV,USA,,False,,
2019-51,2019,51,Tim,Lambert,Tim Lambert,M,38,Bath,GBR,GBR,,False,,
2019-134,2019,134,Johnny,Clemons,Johnny Clemons,M,42,Cleveland,TN,USA,,False,,
2019-16,2019,16,Camille,Herron,Camille Herron,F,37,Warr Acres,OK,USA,,False,,
2019-59,2019,59,Cordel,Anderson,Cordel Anderson,M,38,Missoula,MT,USA,,False,,
2019-377,2019,377,Michael,Jaschob,Michael Jaschob,M,40,Oakland,CA,USA,,False,,
2019-118,2019,118,Jennifer,O'Connor,Jennifer O'Connor,F,50,Walnut Creek,CA,USA,,False,,
2019-56,2019,56,Roger,Sutton,Roger Sutton,M,56,Ocala,FL,USA,,False,,
2019-254,2019,254,Brian,Martin,Brian Martin,M,39,La Mesa,CA,USA,,False,,
2019-54,2019,54,John,Nichols,John Nichols,M,54,Sacramento,CA,USA,,False,,
2019-67,2019,67,Al,Eder,Al Eder,M,67,Dayton,OH,USA,,False,,
2019-239,2019,239,Celia,Leber,Celia Leber,F,54,Challis,ID,USA,,False,,
2019-315,2019,315,Annette,Florczak,Annette Florczak,F,45,Roslindale,MA,USA,,False,,
2019-32,2019,32,Shaun,Pope,Shaun Pope,M,30,Black Mountain,NC,USA,,False,,
2019-192,2019,192,Nadia,Guimont,Nadia Guimont,F,37,Bowie,MD,USA,,False,,
2019-223,2019,223,Eric,Kajiwara,Eric Kajiwara,M,72,Ridgecrest,CA,USA,,False,,
2019-346,2019,346,Tony,Tuttle,Tony Tuttle,M,67,Hercules,CA,USA,,False,,
2019-143,2019,143,Kristina,Abadie,Kristina Abadie,F,46,Dana Point,CA,USA,,False,,
2019-109,2019,109,Kyle,Robidoux,Kyle Robidoux,M,43,Roxbury,MA,USA,,False,,
2019-81,2019,81,Laura,Euckert,Laura Euckert,F,51,fort worth,TX,USA,,False,,
2021-M1,2021,M1,Jim,Walmsley,Jim Walmsley,M,31,Flagstaff,AZ,USA,886.0166666666667,True,1.0,1.0
2021-35,2021,35,Tyler,Green,Tyler Green,M,37,Portland,OR,USA,971.0333333333333,True,2.0,2.0
2021-23,2021,23,Drew,Holmen,Drew Holmen,M,29,Boulder,CO,USA,983.15,True,3.0,3.0
2021-32,2021,32,Cody,Lind,Cody Lind,M,26,Challis,ID,USA,1009.6666666666666,True,4.0,4.0
2021-20,2021,20,Tim,Tollefson,Tim Tollefson,M,36,Mammoth Lakes,CA,USA,1015.8166666666667,True,5.0,5.0
2021-M10,2021,M10,Kyle,Pietari,Kyle Pietari,M,34,Edgewater,CO,USA,1020.5666666666667,True,6.0,6.0
2021-F4,2021,F4,Beth,Pascall,Beth Pascall,F,33,Belper,GBR,GBR,1030.7,True,7.0,1.0
2021-M7,2021,M7,Stephen,Kersh,Stephen Kersh,M,29,FLAGSTAFF,AZ,USA,1049.4,True,8.0,7.0
2021-13,2021,13,Ruth,Croft,Ruth Croft,F,32,"Stillwater, Greymouth",,NZL,1053.8,True,9.0,2.0
2021-11,2021,11,Ragna,Debats,Ragna Debats,F,42,Matadepera,ESP,ESP,1061.2166666666667,True,10.0,3.0
2021-14,2021,14,Hayden,Hawks,Hayden Hawks,M,30,Cedar City,UT,USA,1068.7833333333333,True,11.0,8.0
2021-F2,2021,F2,Brittany,Peterson,Brittany Peterson,F,35,Pocatello,ID,USA,1087.7,True,12.0,4.0
2021-387,2021,387,Kyle,Curtin,Kyle Curtin,M,34,Durango,CO,USA,1098.5166666666667,True,13.0,9.0
2021-29,2021,29,Katie,Asmuth,Katie Asmuth,F,35,Mammoth Lakes,CA,USA,1103.4,True,14.0,5.0
2021-24,2021,24,Alex,Nichols,Alex Nichols,M,36,Colorado Springs,CO,USA,1113.2333333333333,True,15.0,10.0
2021-19,2021,19,Audrey,Tanguy,Audrey Tanguy,F,33,Saint Pierre d'Albigny,FRA,FRA,1117.75,True,16.0,6.0
2021-38,2021,38,Emily,Hawgood,Emily Hawgood,F,26,Beatrice,ZWE,ZWE,1153.9166666666667,True,17.0,7.0
2021-F5,2021,F5,Camelia,Mayfield,Camelia Mayfield,F,28,Bend,OR,USA,1157.3333333333333,True,18.0,8.0
2021-M8,2021,M8,Patrick,Reagan,Patrick Reagan,M,34,Savannah,GA,USA,1170.3833333333334,True,19.0,11.0
2021-15,2021,15,Keely,Henninger,Keely Henninger,F,29,Portland,OR,USA,1182.6166666666666,True,20.0,9.0
2021-F3,2021,F3,Kaci,Lickteig,Kaci Lickteig,F,34,Omaha,NE,USA,1187.9333333333334,True,21.0,10.0
2021-350,2021,350,Damon,Valenzona,Damon Valenzona,M,34,San Diego,CA,USA,1195.9,True,22.0,12.0
2021-22,2021,22,Michelle,Magagna,Michelle Magagna,F,30,Portage,MI,USA,1229.9833333333333,True,23.0,11.0
2021-36,2021,36,Eric,Senseman,Eric Senseman,M,32,Flagstaff,AZ,USA,1259.2333333333333,True,24.0,13.0
2021-33,2021,33,Sarah,Keyes,Sarah Keyes,F,36,Saranac lake,NY,USA,1307.35,True,25.0,12.0
2021-53,2021,53,Shannon,Howell,Shannon Howell,F,42,Simpsonville,SC,USA,1309.9333333333334,True,26.0,13.0
2021-80,2021,80,Cody,Draper,Cody Draper,M,41,Smithfield,UT,USA,1311.5166666666667,True,27.0,14.0
2021-279,2021,279,Christopher,McBride,Christopher McBride,M,51,Golden,CO,USA,1313.4333333333334,True,28.0,15.0
2021-37,2021,37,Abby,Hall,Abby Hall,F,30,Boulder,CO,USA,1331.6666666666667,True,29.0,14.0
2021-42,2021,42,Magdalena,Boulet,Magdalena Boulet,F,47,Oakland,CA,USA,1332.3166666666666,True,30.0,15.0
2021-206,2021,206,Chris,Chamberlin,Chris Chamberlin,M,45,Seattle,WA,USA,1345.75,True,31.0,16.0
2021-416,2021,416,Christoffer,Johnston,Christoffer Johnston,M,35,Warren,NJ,USA,1350.1166666666666,True,32.0,17.0
2021-389,2021,389,Ryan,Weibel,Ryan Weibel,M,48,South Lake Tahoe,CA,USA,1352.2666666666667,True,33.0,18.0
2021-34,2021,34,Mireya,Vargas,Mireya Vargas,F,36,Pasadena,CA,USA,1367.3166666666666,True,34.0,16.0
2021-F1,2021,F1,Clare,Gallagher,Clare Gallagher,F,29,Boulder,CO,USA,1367.6,True,35.0,17.0
2021-409,2021,409,Mark,Bain,Mark Bain,M,44,Cleveland Heights,OH,USA,1367.85,True,36.0,19.0
2021-52,2021,52,Timothy,Christoni,Timothy Christoni,M,52,La Crescenta,CA,USA,1383.8666666666666,True,37.0,20.0
2021-178,2021,178,Steve,Rowbury,Steve Rowbury,M,53,Mill Valley,CA,USA,1385.35,True,38.0,21.0
2021-179,2021,179,Jorma,Gates,Jorma Gates,M,50,Santa Rosa,CA,USA,1391.85,True,39.0,22.0
2021-71,2021,71,David,Aguayo,David Aguayo,M,45,San Luis Obispo,CA,USA,1398.3166666666666,True,40.0,23.0
2021-95,2021,95,Luke,Bateman,Luke Bateman,M,35,Dallas,TX,USA,1399.9833333333333,True,41.0,24.0
2021-401,2021,401,Sarah,Bunting Lamos,Sarah Bunting Lamos,F,46,Thornton,CO,USA,1400.2333333333333,True,42.0,18.0
2021-415,2021,415,Timothy,Buse,Timothy Buse,M,36,Louisville,CO,USA,1404.9,True,43.0,25.0
2021-190,2021,190,Jeremy,Greene,Jeremy Greene,M,46,Arlington,WA,USA,1406.2166666666667,True,44.0,26.0
2021-74,2021,74,Jack,Hsueh,Jack Hsueh,M,45,Kensington,CA,USA,1411.3333333333333,True,45.0,27.0
2021-327,2021,327,Tim,Spaulding,Tim Spaulding,M,41,Forest,VA,USA,1412.2333333333333,True,46.0,28.0
2021-396,2021,396,Peter,Newton,Peter Newton,M,40,Boulder,CO,USA,1413.0666666666666,True,47.0,29.0
2021-81,2021,81,Nick,Affleck,Nick Affleck,M,40,Chico,CA,USA,1416.8666666666666,True,48.0,30.0
2021-41,2021,41,Jorge,Maravilla,Jorge Maravilla,M,43,Mill Valley,CA,USA,1420.8666666666666,True,49.0,31.0
2021-419,2021,419,Gabriel,Wildberger,Gabriel Wildberger,M,33,M�nchaltorf,CHE,CHE,1423.2,True,50.0,32.0
2021-318,2021,318,Takuji,Sasaki,Takuji Sasaki,M,45,Hayamacho,JPN,JPN,1425.1833333333334,True,51.0,33.0
2021-100,2021,100,Philip,Sanderson,Philip Sanderson,M,53,Mill Valley,CA,USA,1425.35,True,52.0,34.0
2021-F8,2021,F8,Kathryn,Drew,Kathryn Drew,F,34,Vancouver,BC,CAN,1425.5,True,53.0,19.0
2021-276,2021,276,Zandy,Mangold,Zandy Mangold,M,47,Brooklyn,NY,USA,1427.55,True,54.0,35.0
2021-106,2021,106,Will,Briggs,Will Briggs,M,32,Poway,CA,USA,1429.9166666666667,True,55.0,36.0
2021-196,2021,196,Neil,Johnson,Neil Johnson,M,44,Golden Valley,MN,USA,1431.55,True,56.0,37.0
2021-332,2021,332,Nathan,Stroh,Nathan Stroh,M,49,Klamath Falls,OR,USA,1434.9333333333334,True,57.0,38.0
2021-315,2021,315,Scott,Sambucci,Scott Sambucci,M,47,Davis,CA,USA,1479.6666666666667,True,58.0,39.0
2021-172,2021,172,Jenny,Fox,Jenny Fox,F,41,Steamboat Springs,CO,USA,1497.5,True,59.0,20.0
2021-370,2021,370,Isaac,Wait,Isaac Wait,M,44,Ona,WV,USA,1498.8,True,60.0,40.0
2021-338,2021,338,Kelly,Teeselink,Kelly Teeselink,F,34,Flagstaff,AZ,USA,1518.55,True,61.0,21.0
2021-307,2021,307,Justin,Kinner,Justin Kinner,M,34,Casper,WY,USA,1519.9666666666667,True,62.0,41.0
2021-258,2021,258,Sudheer,Maremanda,Sudheer Maremanda,M,44,Bellevue,WA,USA,1525.6166666666666,True,63.0,42.0
2021-328,2021,328,Dan,Spearin,Dan Spearin,M,48,Crozet,VA,USA,1533.2666666666667,True,64.0,43.0
2021-55,2021,55,Dan,Barger,Dan Barger,M,55,Steamboat Springs,CO,USA,1539.6333333333334,True,65.0,44.0
2021-418,2021,418,Nicholas,Horvath,Nicholas Horvath,M,36,Chattanooga,TN,USA,1552.6833333333334,True,66.0,45.0
2021-306,2021,306,Andrew,Reiff,Andrew Reiff,M,48,North Bend,WA,USA,1553.85,True,67.0,46.0
2021-321,2021,321,Patrick,Service,Patrick Service,M,37,Palm Springs,CA,USA,1557.15,True,68.0,47.0
2021-360,2021,360,Dreama,Walton,Dreama Walton,F,40,Colorado Springs,CO,USA,1568.55,True,69.0,22.0
2021-57,2021,57,Joe,Steinmetz,Joe Steinmetz,M,57,Loomis,CA,USA,1570.1,True,70.0,48.0
2021-109,2021,109,Stacey,Buckley,Stacey Buckley,F,45,Omaha,NE,USA,1579.2333333333333,True,71.0,23.0
2021-211,2021,211,Charles,Hofacker,Charles Hofacker,M,56,Carmichael,CA,USA,1587.8,True,72.0,49.0
2021-188,2021,188,Dan,Fish,Dan Fish,M,49,Newbury Park,CA,USA,1590.55,True,73.0,50.0
2021-151,2021,151,Joey,Montoya,Joey Montoya,M,42,Auburn,CA,USA,1592.0,True,74.0,51.0
2021-173,2021,173,Douglas,Wickert,Douglas Wickert,M,48,Monument,CO,USA,1597.5333333333333,True,75.0,52.0
2021-92,2021,92,Katie,Trent,Katie Trent,F,28,Reno,NV,USA,1598.9666666666667,True,76.0,24.0
2021-410,2021,410,Steve,Hawkins,Steve Hawkins,M,43,Grand Canyon,AZ,USA,1599.55,True,77.0,53.0
2021-212,2021,212,David,Buse,David Buse,M,44,San Diego,CA,USA,1605.2,True,78.0,54.0
2021-302,2021,302,Michael,Poole,Michael Poole,M,40,Arden,NC,USA,1612.3833333333334,True,79.0,55.0
2021-383,2021,383,Andy,Burger,Andy Burger,M,41,Granite Bay,CA,USA,1617.05,True,80.0,56.0
2021-255,2021,255,David,Lee,David Lee,M,51,Fullerton,CA,USA,1618.0833333333333,True,81.0,57.0
2021-238,2021,238,Joseph,Kim,Joseph Kim,M,38,Los Angeles,CA,USA,1619.0666666666666,True,82.0,58.0
2021-147,2021,147,Anthony,Chavez,Anthony Chavez,M,47,Auburn,CA,USA,1624.1,True,83.0,59.0
2021-358,2021,358,Scott,Vosburg,Scott Vosburg,M,51,Loomis,CA,USA,1627.1333333333334,True,84.0,60.0
2021-87,2021,87,Brett,Sherfy,Brett Sherfy,M,33,Blacksburg,VA,USA,1627.9,True,85.0,61.0
2021-228,2021,228,Brandon,Johnson,Brandon Johnson,M,37,Barnum,MN,USA,1630.2166666666667,True,86.0,62.0
2021-285,2021,285,Jeffrey,Moore,Jeffrey Moore,M,47,Biloxi,MS,USA,1633.95,True,87.0,63.0
2021-127,2021,127,Michael,Hooker,Michael Hooker,M,53,Anaheim,CA,USA,1640.8,True,88.0,64.0
2021-297,2021,297,Selina,Nordberg,Selina Nordberg,F,53,La Habra,CA,USA,1648.3,True,89.0,25.0
2021-16,2021,16,Camille,Herron,Camille Herron,F,39,Alamosa,CO,USA,1648.5333333333333,True,90.0,26.0
2021-91,2021,91,Kelly,Barber,Kelly Barber,M,51,Woodland,CA,USA,1649.7166666666667,True,91.0,65.0
2021-90,2021,90,Jack,Bailey,Jack Bailey,M,42,Medway,MA,USA,1650.0166666666667,True,92.0,66.0
2021-66,2021,66,Scott,Howell,Scott Howell,M,43,Longmont,CO,USA,1650.9333333333334,True,93.0,67.0
2021-397,2021,397,Steven,Holmes Jr.,Steven Holmes Jr.,M,40,West Olive,MI,USA,1652.4333333333334,True,94.0,68.0
2021-102,2021,102,Drew,Bernhisel,Drew Bernhisel,M,29,El Paso,TX,USA,1652.6166666666666,True,95.0,69.0
2021-171,2021,171,Jaclyn,Foroughi,Jaclyn Foroughi,F,41,Truckee,CA,USA,1653.0166666666667,True,96.0,27.0
2021-323,2021,323,Kevin,Smilor,Kevin Smilor,M,38,Denver,CO,USA,1655.6666666666667,True,97.0,70.0
2021-84,2021,84,Adam,Aucella,Adam Aucella,M,42,Nevada City,CA,USA,1659.05,True,98.0,71.0
2021-234,2021,234,Joe,Albert,Joe Albert,M,40,Portland,OR,USA,1664.0833333333333,True,99.0,72.0
2021-336,2021,336,Mike,Tamoush,Mike Tamoush,M,42,Portland,OR,USA,1664.45,True,100.0,73.0
2021-390,2021,390,Joey,Cohen,Joey Cohen,M,38,Shaker Heights,OH,USA,1668.6166666666666,True,101.0,74.0
2021-289,2021,289,Todd,Yerkes,Todd Yerkes,M,52,St George,UT,USA,1668.6333333333334,True,102.0,75.0
2021-334,2021,334,Ram,Subbaraman,Ram Subbaraman,M,40,Oakland,CA,USA,1671.1,True,103.0,76.0
2021-372,2021,372,Brian,Pickett,Brian Pickett,M,41,Kingsport,TN,USA,1674.5166666666667,True,104.0,77.0
2021-129,2021,129,Megan,Cheng,Megan Cheng,F,40,San Francisco,CA,USA,1674.6833333333334,True,105.0,28.0
2021-393,2021,393,Nobuya,Takahashi,Nobuya Takahashi,M,40,Richmond,CA,USA,1678.9166666666667,True,106.0,78.0
2021-324,2021,324,David,Smith,David Smith,M,55,Santa Rosa,CA,USA,1679.2666666666667,True,107.0,79.0
2021-394,2021,394,Kevin,Fox,Kevin Fox,M,40,Midland,TX,USA,1679.8833333333334,True,108.0,80.0
2021-267,2021,267,Loren,Lewis,Loren Lewis,M,49,San Jose,CA,USA,1683.0,True,109.0,81.0
2021-184,2021,184,Josh,Grant,Josh Grant,M,46,Morgan Hill,CA,USA,1685.1333333333334,True,110.0,82.0
2021-252,2021,252,Scott,Laplante,Scott Laplante,M,48,Tigard,OR,USA,1685.3333333333333,True,111.0,83.0
2021-373,2021,373,Jay,Smithberger,Jay Smithberger,M,51,Yellow Springs,OH,USA,1686.0,True,112.0,84.0
2021-105,2021,105,Debbie,Booth,Debbie Booth,F,48,Auburn,CA,USA,1686.8333333333333,True,113.0,29.0
2021-69,2021,69,Aaron,Ellison,Aaron Ellison,M,45,Ellicott City,MD,USA,1687.7666666666667,True,114.0,85.0
2021-247,2021,247,Stephen,Kukta,Stephen Kukta,M,56,Indian Wells,CA,USA,1688.6666666666667,True,115.0,86.0
2021-153,2021,153,Sean,Dempsey,Sean Dempsey,M,48,Los Altos,CA,USA,1693.35,True,116.0,87.0
2021-108,2021,108,Kevin,Doty,Kevin Doty,M,42,Longmont,CO,USA,1697.1833333333334,True,117.0,88.0
2021-152,2021,152,Claudine,Roghi,Claudine Roghi,F,52,West Melbourne,FL,USA,1699.45,True,118.0,30.0
2021-227,2021,227,Tony,Johns,Tony Johns,M,47,Everett,WA,USA,1700.0166666666667,True,119.0,89.0
2021-331,2021,331,Vagn,Steen,Vagn Steen,M,64,Brecksville,OH,USA,1700.85,True,120.0,90.0
2021-322,2021,322,Scott,Slater,Scott Slater,M,43,Guilford,CT,USA,1701.8333333333333,True,121.0,91.0
2021-73,2021,73,Steve,Osborne,Steve Osborne,M,47,San Ramon,CA,USA,1702.85,True,122.0,92.0
2021-161,2021,161,Daigo,Echizenya,Daigo Echizenya,M,52,Dublin,CA,USA,1702.95,True,123.0,93.0
2021-262,2021,262,Bill,Dittman,Bill Dittman,M,33,Brookfield,WI,USA,1703.75,True,124.0,94.0
2021-296,2021,296,John,Nobles,John Nobles,M,36,Tulsa,OK,USA,1703.95,True,125.0,95.0
2021-174,2021,174,Mark,Frey,Mark Frey,M,41,Pittsburgh,PA,USA,1704.4333333333334,True,126.0,96.0
2021-195,2021,195,Tyler,Hall,Tyler Hall,M,48,Morgan,UT,USA,1704.5333333333333,True,127.0,97.0
2021-344,2021,344,Tom,Tighe,Tom Tighe,M,46,Pulaski,NY,USA,1706.1666666666667,True,128.0,98.0
2021-251,2021,251,Kelly,Lance,Kelly Lance,M,53,Pocatello,ID,USA,1706.7666666666667,True,129.0,99.0
2021-369,2021,369,Spencer,Punter,Spencer Punter,M,50,Burlingame,CA,USA,1707.1,True,130.0,100.0
2021-278,2021,278,Vincent,Matteo,Vincent Matteo,M,53,Cave Creek,AZ,USA,1708.9833333333333,True,131.0,101.0
2021-97,2021,97,Drew,Bennett,Drew Bennett,M,57,Northville,MI,USA,1709.9333333333334,True,132.0,102.0
2021-215,2021,215,Olga,Huber,Olga Huber,F,50,Macedon,NY,USA,1711.4166666666667,True,133.0,31.0
2021-124,2021,124,Joel,Carson,Joel Carson,M,51,Carmichael,CA,USA,1711.7,True,134.0,103.0
2021-166,2021,166,Clare,Farrow,Clare Farrow,F,27,Lakewood,CO,USA,1712.2,True,135.0,32.0
2021-244,2021,244,Susan,Kramer,Susan Kramer,F,56,Peoria,AZ,USA,1712.9333333333334,True,136.0,33.0
2021-320,2021,320,Sarah,Seads,Sarah Seads,F,45,Courtenay,BC,CAN,1713.3833333333334,True,137.0,34.0
2021-114,2021,114,Jesse,Canfield,Jesse Canfield,M,42,Apalachin,NY,USA,1714.2166666666667,True,138.0,104.0
2021-287,2021,287,Marcin,Mrowka,Marcin Mrowka,M,51,Brooklyn,NY,USA,1715.2333333333333,True,139.0,105.0
2021-245,2021,245,Shane,Kroth,Shane Kroth,M,49,Portland,OR,USA,1715.6666666666667,True,140.0,106.0
2021-207,2021,207,James,Heun,James Heun,M,62,Burton,OH,USA,1715.9833333333333,True,141.0,107.0
2021-281,2021,281,Robin,Mcdearmon,Robin Mcdearmon,M,50,Laguna Beach,CA,USA,1718.7833333333333,True,142.0,108.0
2021-380,2021,380,Mike,Rohner,Mike Rohner,M,41,Dubuque,IA,USA,1719.2,True,143.0,109.0
2021-88,2021,88,Victor,Yang,Victor Yang,M,45,Palos Verdes estates,CA,USA,1730.4333333333334,True,144.0,110.0
2021-99,2021,99,Sarah,Greenlee,Sarah Greenlee,F,36,San Diego,CA,USA,1730.6,True,145.0,35.0
2021-333,2021,333,Taylor,Sheridan,Taylor Sheridan,F,29,Reno,NV,USA,1731.0666666666666,True,146.0,36.0
2021-300,2021,300,Panya,Somnhot,Panya Somnhot,M,39,Ashland,OR,USA,1732.15,True,147.0,111.0
2021-412,2021,412,Tom,Pluim,Tom Pluim,M,43,Suffolk,VA,USA,1735.85,True,148.0,112.0
2021-120,2021,120,Donal,Carroll,Donal Carroll,M,54,San Francisco,CA,USA,1736.2,True,149.0,113.0
2021-240,2021,240,Peter,Kleuser,Peter Kleuser,M,43,Kingston Springs,TN,USA,1737.05,True,150.0,114.0
2021-50,2021,50,Tom,Afschar,Tom Afschar,M,50,South Pasadena,CA,USA,1738.0166666666667,True,151.0,115.0
2021-193,2021,193,Abram,Haen,Abram Haen,M,39,Truckee,CA,USA,1740.3833333333334,True,152.0,116.0
2021-162,2021,162,Klas,Eklof,Klas Eklof,M,50,Oakland,CA,USA,1742.6666666666667,True,153.0,117.0
2021-76,2021,76,Jim,McCaffrey,Jim McCaffrey,M,44,Hamden,CT,USA,1742.7166666666667,True,154.0,118.0
2021-177,2021,177,Joseph,Gallitano,Joseph Gallitano,M,39,Philadelphia,PA,USA,1747.8333333333333,True,155.0,119.0
2021-340,2021,340,Philippe,Thenot,Philippe Thenot,M,48,Marietta,GA,USA,1749.7166666666667,True,156.0,120.0
2021-399,2021,399,Scott,Bowman,Scott Bowman,M,49,Signal Mountain,TN,USA,1750.8833333333334,True,157.0,121.0
2021-113,2021,113,Robb,Gushiken,Robb Gushiken,M,42,Carabietta,CHE,CHE,1751.5666666666666,True,158.0,122.0
2021-126,2021,126,Michael,Bunda,Michael Bunda,M,40,Saint Paul,MN,USA,1751.6333333333334,True,159.0,123.0
2021-59,2021,59,Mike,Acer,Mike Acer,M,59,Yardley,PA,USA,1752.1,True,160.0,124.0
2021-243,2021,243,Shaun,Koehler,Shaun Koehler,M,42,Wake forest,NC,USA,1755.4666666666667,True,161.0,125.0
2021-309,2021,309,Tex,Ritter,Tex Ritter,M,64,Grass Valley,CA,USA,1756.8333333333333,True,162.0,126.0
2021-145,2021,145,Jim,Daniels,Jim Daniels,M,48,Front Royal,VA,USA,1757.2666666666667,True,163.0,127.0
2021-392,2021,392,Jason,Crowe,Jason Crowe,M,48,Newark,IL,USA,1758.0,True,164.0,128.0
2021-133,2021,133,Matthew,Clark,Matthew Clark,M,53,Highland,UT,USA,1758.15,True,165.0,129.0
2021-259,2021,259,Scott,Lee,Scott Lee,M,50,Haymarket,VA,USA,1759.1,True,166.0,130.0
2021-286,2021,286,Shalise,Morgan,Shalise Morgan,F,46,Pleasant Grove,UT,USA,1761.2,True,167.0,37.0
2021-260,2021,260,Charley,Jones,Charley Jones,M,49,Folsom,CA,USA,1763.0,True,168.0,131.0
2021-219,2021,219,Sheri,Poskanzer,Sheri Poskanzer,F,32,Boise,ID,USA,1767.2166666666667,True,169.0,38.0
2021-305,2021,305,Marty,Reed,Marty Reed,M,50,West Vancouver,BC,CAN,1768.4833333333333,True,170.0,132.0
2021-236,2021,236,John,Kerschbaum,John Kerschbaum,M,46,San Marcos,CA,USA,1769.2333333333333,True,171.0,133.0
2021-374,2021,374,Kuni,Yamagata,Kuni Yamagata,M,68,Citrus Heights,CA,USA,1771.5833333333333,True,172.0,134.0
2021-137,2021,137,Sharleen,Stevens,Sharleen Stevens,F,38,Sioux Falls,SD,USA,1772.4,True,173.0,39.0
2021-348,2021,348,John,Truelove,John Truelove,M,53,Terre Haute,IN,USA,1773.15,True,174.0,135.0
2021-257,2021,257,Jae Hoon,Lee,Jae Hoon Lee,M,55,La Crescenta,CA,USA,1773.45,True,175.0,136.0
2021-275,2021,275,Aaron,Maas,Aaron Maas,M,40,Alpharetta,GA,USA,1775.15,True,176.0,137.0
2021-376,2021,376,Kristin,Carbajal,Kristin Carbajal,F,42,Upland,CA,USA,1775.3666666666666,True,177.0,40.0
2021-294,2021,294,Dan,Newman,Dan Newman,M,52,San Francisco,CA,USA,1779.8,True,178.0,138.0
2021-68,2021,68,Kara,Teklinski,Kara Teklinski,F,47,Mill Valley,CA,USA,1780.6833333333334,True,179.0,41.0
2021-239,2021,239,Eric,King,Eric King,M,54,Redwood City,CA,USA,1781.4,True,180.0,139.0
2021-273,2021,273,Jonathan,Lundy,Jonathan Lundy,M,44,Shepherdsville,KY,USA,1781.5666666666666,True,181.0,140.0
2021-303,2021,303,Azam,Poulatov,Azam Poulatov,M,44,Brooklyn,NY,USA,1781.8333333333333,True,182.0,141.0
2021-325,2021,325,Kirk,Smith,Kirk Smith,M,41,Freeville,NY,USA,1782.2333333333333,True,183.0,142.0
2021-266,2021,266,Kenneth,Letterle,Kenneth Letterle,M,38,Houston,TX,USA,1782.4166666666667,True,184.0,143.0
2021-117,2021,117,Ej,Maldonado,Ej Maldonado,M,47,Carson City,NV,USA,1782.6,True,185.0,144.0
2021-58,2021,58,John,Trent,John Trent,M,58,Reno,NV,USA,1782.95,True,186.0,145.0
2021-253,2021,253,Alexander,Larson,Alexander Larson,M,43,South Lake Tahoe,CA,USA,1783.1666666666667,True,187.0,146.0
2021-237,2021,237,Ken,Kilar,Ken Kilar,M,52,Pasadena,CA,USA,1783.8,True,188.0,147.0
2021-192,2021,192,Mike,Grimm,Mike Grimm,M,60,Los Altos Hills,CA,USA,1784.3,True,189.0,148.0
2021-231,2021,231,Wade,Kao,Wade Kao,M,47,Houston,TX,USA,1784.7166666666667,True,190.0,149.0
2021-357,2021,357,Christine,Vincent,Christine Vincent,F,49,Roseville,CA,USA,1784.95,True,191.0,42.0
2021-142,2021,142,Satpal,Dalal,Satpal Dalal,M,46,Cupertino,CA,USA,1785.0333333333333,True,192.0,150.0
2021-208,2021,208,April,Wilbur,April Wilbur,F,43,Boise,ID,USA,1785.25,True,193.0,43.0
2021-110,2021,110,Travis,Burmaster,Travis Burmaster,M,47,Broomfield,CO,USA,1785.45,True,194.0,151.0
2021-277,2021,277,Edward,Marchini,Edward Marchini,M,62,Placerville,CA,USA,1785.8,True,195.0,152.0
2021-290,2021,290,Josam,Mulinyawe,Josam Mulinyawe,M,43,San Jose,CA,USA,1786.45,True,196.0,153.0
2021-213,2021,213,Brenda,Hofer,Brenda Hofer,F,46,Roseville,CA,USA,1786.8,True,197.0,44.0
2021-381,2021,381,Doug,Camann,Doug Camann,M,53,Clarksboro,NJ,USA,1787.3166666666666,True,198.0,154.0
2021-163,2021,163,Tanya,Espalin,Tanya Espalin,F,40,San Antonio,TX,USA,1788.2833333333333,True,199.0,45.0
2021-274,2021,274,Jeffrey,Lysiak,Jeffrey Lysiak,M,57,Crozet,VA,USA,1788.35,True,200.0,155.0
2021-261,2021,261,Kate,Leis,Kate Leis,F,44,Delano,MN,USA,1788.75,True,201.0,46.0
2021-180,2021,180,Keith,Gates,Keith Gates,M,40,Lawrenceville,GA,USA,1789.2333333333333,True,202.0,156.0
2021-138,2021,138,Brent,Crumley,Brent Crumley,M,45,Boise,ID,USA,1792.0666666666666,True,203.0,157.0
2021-272,2021,272,Carolyn,Luckett,Carolyn Luckett,F,54,Olney,MT,USA,1792.2666666666667,True,204.0,47.0
2021-135,2021,135,Jill,Cole,Jill Cole,F,50,Los Gatos,CA,USA,1792.6,True,205.0,48.0
2021-191,2021,191,Mark,Gregware,Mark Gregware,M,41,Minneapolis,MN,USA,1793.1166666666666,True,206.0,158.0
2021-291,2021,291,Sean,Mullett,Sean Mullett,M,53,Cleveland,TN,USA,1798.75,True,207.0,159.0
2021-104,2021,104,Paul,Bonnett,Paul Bonnett,M,59,Phoenix,AZ,USA,1798.8666666666666,True,208.0,160.0
2021-388,2021,388,Joseph,Bearss,Joseph Bearss,M,51,Arvada,CO,USA,,False,,
2021-197,2021,197,Tyson,Hamilton,Tyson Hamilton,M,42,South Jordan,UT,USA,,False,,
2021-149,2021,149,Jeff,Deaton,Jeff Deaton,M,50,Murfreesboro,TN,USA,,False,,
2021-139,2021,139,Joe,Currens,Joe Currens,M,55,Flower Mound,TX,USA,,False,,
2021-235,2021,235,Victoria,Kendra,Victoria Kendra,F,50,Siler City,NC,USA,,False,,
2021-241,2021,241,Phil,Kochik,Phil Kochik,M,43,Seattle,WA,USA,,False,,
2021-398,2021,398,Elan,Lieber,Elan Lieber,M,31,Richmond,CA,USA,,False,,
2021-65,2021,65,Karen,Bonnett-Natraj,Karen Bonnett-Natraj,F,65,Auburn,CA,USA,,False,,
2021-54,2021,54,Verity,Breen,Verity Breen,F,54,Nicasio,CA,USA,,False,,
2021-40,2021,40,Max,King,Max King,M,41,Bend,OR,USA,,False,,
2021-M5,2021,M5,Mark,Hammond,Mark Hammond,M,36,Cottonwood Heights,UT,USA,,False,,
2021-28,2021,28,Elliot,Cardin,Elliot Cardin,M,28,Bromont,QC,CAN,,False,,
2021-403,2021,403,Rod,Farvard,Rod Farvard,M,25,Mammoth Lakes,CA,USA,,False,,
2021-378,2021,378,Jason,Brock,Jason Brock,M,45,Kaysville,UT,USA,,False,,
2021-353,2021,353,Geoff,Vaughan,Geoff Vaughan,M,56,Corte Madera,CA,USA,,False,,
2021-224,2021,224,Alyson,Jay,Alyson Jay,F,42,Flagstaff,AZ,USA,,False,,
2021-122,2021,122,Katherine,Gifford,Katherine Gifford,F,46,Sacramento,CA,USA,,False,,
2021-264,2021,264,Keith,Evans-Orville,Keith Evans-Orville,M,52,Oakland,CA,USA,,False,,
2021-402,2021,402,Mike,Soltys,Mike Soltys,M,54,Omaha,NE,USA,,False,,
2021-337,2021,337,Andrew,Taylor,Andrew Taylor,M,37,Modesto,CA,USA,,False,,
2021-316,2021,316,Barry,Hauptman,Barry Hauptman,M,58,Bethesda,MD,USA,,False,,
2021-130,2021,130,Joseph,Chick,Joseph Chick,M,44,Ashland,OR,USA,,False,,
2021-136,2021,136,Jeffrey,Conner,Jeffrey Conner,M,40,Reno,NV,USA,,False,,
2021-78,2021,78,Huy,Le,Huy Le,F,49,Redlands,CA,USA,,False,,
2021-116,2021,116,Grant,Carboni,Grant Carboni,M,50,Sacramento,CA,USA,,False,,
2021-187,2021,187,Calvin,Wong,Calvin Wong,M,39,Redwood City,CA,USA,,False,,
2021-159,2021,159,Jason,Dobson,Jason Dobson,M,43,Creswell,OR,USA,,False,,
2021-280,2021,280,Rob,Mccool,Rob Mccool,M,42,Redondo Beach,CA,USA,,False,,
2021-194,2021,194,Breen,Haire,Breen Haire,M,48,Houston,TX,USA,,False,,
2021-M2,2021,M2,Jared,Hazen,Jared Hazen,M,26,Flagstaff,AZ,USA,,False,,
2021-M9,2021,M9,Jeff,Browning,Jeff Browning,M,49,Flagstaff,AZ,USA,,False,,
2021-F9,2021,F9,Addie,Bracy,Addie Bracy,F,34,Denver,CO,USA,,False,,
2021-27,2021,27,Charlie,Ware,Charlie Ware,M,35,Tucson,AZ,USA,,False,,
2021-167,2021,167,David,Files,David Files,M,46,Batavia,IL,USA,,False,,
2021-121,2021,121,Richard,Coughlin,Richard Coughlin,M,47,Charlotte,NC,USA,,False,,
2021-230,2021,230,Lisa,Jones,Lisa Jones,F,44,Virginia Beach,VA,USA,,False,,
2021-283,2021,283,Max,Metcalfe,Max Metcalfe,M,32,Lafayette,CA,USA,,False,,
2021-311,2021,311,Anthony,Molina,Anthony Molina,M,50,West Sacramento,CA,USA,,False,,
2021-339,2021,339,Gabriel,Tenyenhuis,Gabriel Tenyenhuis,M,53,Clovis,CA,USA,,False,,
2021-363,2021,363,Michael,Weston,Michael Weston,M,60,Honolulu,HI,USA,,False,,
2021-115,2021,115,Michael,Stegura,Michael Stegura,M,30,Philadelphia,PA,USA,,False,,
2021-125,2021,125,Robert,Cawood,Robert Cawood,M,52,Annapolis,MD,USA,,False,,
2021-284,2021,284,Turdl,Miller,Turdl Miller,M,52,St George,UT,USA,,False,,
2021-64,2021,64,Carroll,Bush,Carroll Bush,M,56,ORANGEVALE,CA,USA,,False,,
2021-222,2021,222,Laura,Matz,Laura Matz,F,35,Auburn,CA,USA,,False,,
2021-F7,2021,F7,Nicole,Bitter,Nicole Bitter,F,39,Phoenix,AZ,USA,,False,,
2021-M4,2021,M4,Matt,Daniels,Matt Daniels,M,33,Monument,CO,USA,,False,,
2021-31,2021,31,Ryan,Miller,Ryan Miller,M,29,San Antonio,TX,USA,,False,,
2021-30,2021,30,Erin,Clark,Erin Clark,F,26,Missoula,MT,USA,,False,,
2021-112,2021,112,Matt,Campbell,Matt Campbell,M,37,Bothell,WA,USA,,False,,
2021-98,2021,98,Jeanne,Bennett,Jeanne Bennett,F,46,Tulsa,OK,USA,,False,,
2021-186,2021,186,Sean,Grant,Sean Grant,M,35,Novato,CA,USA,,False,,
2021-56,2021,56,John,Nichols,John Nichols,M,56,Sacramento,CA,USA,,False,,
2021-96,2021,96,Redfield,Baum,Redfield Baum,M,48,Scottsdale,AZ,USA,,False,,
2021-352,2021,352,Robert,Vanderlip,Robert Vanderlip,M,59,San Ramon,CA,USA,,False,,
2021-384,2021,384,Lacey,Frerking,Lacey Frerking,F,37,Fernley,NV,USA,,False,,
2021-400,2021,400,Jake,Kruse,Jake Kruse,M,40,Glen Burnie,MD,USA,,False,,
2021-405,2021,405,Dylan,Broderick,Dylan Broderick,F,30,Montpelier,VT,USA,,False,,
2021-47,2021,47,Scott,Wolfe,Scott Wolfe,M,47,Bend,OR,USA,,False,,
2021-154,2021,154,Shashank,Deshpande,Shashank Deshpande,M,56,Folsom,CA,USA,,False,,
2021-216,2021,216,Scott,Hudson,Scott Hudson,M,53,Carmel,IN,USA,,False,,
2021-70,2021,70,Joshua,Holer,Joshua Holer,M,45,Nathrop,CO,USA,,False,,
2021-93,2021,93,Michael,Fink,Michael Fink,M,52,Lincoln,CA,USA,,False,,
2021-158,2021,158,Tracy,Dimino,Tracy Dimino,F,50,Ramona,CA,USA,,False,,
2021-200,2021,200,Blane,Clark,Blane Clark,M,48,Franklin,TN,USA,,False,,
2021-248,2021,248,Jeff,Kulesza,Jeff Kulesza,M,42,HILLIARD,OH,USA,,False,,
2021-310,2021,310,Stephen,Robbins,Stephen Robbins,M,37,Elkin,NC,USA,,False,,
2021-63,2021,63,Donn,Zea,Donn Zea,M,63,Grass Valley,CA,USA,,False,,
2021-148,2021,148,Sam,Fiandaca,Sam Fiandaca,M,49,Foresthill,CA,USA,,False,,
2021-367,2021,367,Johanan,Wilson,Johanan Wilson,M,45,Cool,CA,USA,,False,,
2021-168,2021,168,Jonathan,Fletcher,Jonathan Fletcher,M,38,Fayetteville,NC,USA,,False,,
2021-242,2021,242,Sean,Lehman,Sean Lehman,M,50,Novato,CA,USA,,False,,
2021-359,2021,359,Claire,Walla,Claire Walla,F,36,Spokane,WA,USA,,False,,
2021-379,2021,379,Denise,Calcagnino,Denise Calcagnino,F,53,North Syracuse,NY,USA,,False,,
2021-150,2021,150,Timothy,Felker,Timothy Felker,M,50,Antelope,CA,USA,,False,,
2021-326,2021,326,Thomas,Somers,Thomas Somers,M,51,South Amboy,NJ,USA,,False,,
2021-361,2021,361,James,Wang,James Wang,M,34,Redding,CA,USA,,False,,
2021-134,2021,134,Kris,Clinard,Kris Clinard,M,46,Larkspur,CA,USA,,False,,
2021-185,2021,185,Brett,Wilks,Brett Wilks,M,41,Huntsville,AL,USA,,False,,
2021-144,2021,144,Katie,Daman,Katie Daman,F,40,Fife Lake,MI,USA,,False,,
2021-210,2021,210,Nicholas,Hobbs,Nicholas Hobbs,M,37,Wake Forest,NC,USA,,False,,
2021-217,2021,217,Larry,Huffman,Larry Huffman,M,60,Arlington,VA,USA,,False,,
2021-82,2021,82,Cheryl,Anderson,Cheryl Anderson,F,48,Saline,MI,USA,,False,,
2021-103,2021,103,Josh,Bonkowsky,Josh Bonkowsky,M,51,Salt Lake City,UT,USA,,False,,
2021-160,2021,160,Douglas,Donovan,Douglas Donovan,M,51,Reno,NV,USA,,False,,
2021-79,2021,79,Michael,Alfred,Michael Alfred,M,40,Denver,CO,USA,,False,,
2021-345,2021,345,Malin,Timbs,Malin Timbs,F,45,Nashville,TN,USA,,False,,
2021-263,2021,263,David,Lent,David Lent,M,58,Folsom,CA,USA,,False,,
2021-343,2021,343,Bill,Thom,Bill Thom,M,60,Chicago,IL,USA,,False,,
2021-301,2021,301,Justin,Peake,Justin Peake,M,41,Severna Park,MD,USA,,False,,
2021-382,2021,382,David,Holliday,David Holliday,M,58,Cincinnati,OH,USA,,False,,
2021-218,2021,218,Josh,Gum,Josh Gum,M,41,Corvallis,OR,USA,,False,,
2021-329,2021,329,Eric,Spector,Eric Spector,M,74,Palo Alto,CA,USA,,False,,
2021-270,2021,270,Dong,Lin,Dong Lin,M,49,West Nyack,NY,USA,,False,,
2021-118,2021,118,Dwight,Brown,Dwight Brown,M,60,Los Altos,CA,USA,,False,,
2021-232,2021,232,Paul,Karr,Paul Karr,M,58,Redwood City,CA,USA,,False,,
2021-269,2021,269,Jeff,Lewman,Jeff Lewman,M,51,Bartlesville,OK,USA,,False,,
2021-205,2021,205,Lisa,Wright,Lisa Wright,F,60,Liberty Hill,TX,USA,,False,,
2021-298,2021,298,Melissa,Ossanna,Melissa Ossanna,F,52,Bar Harbor,ME,USA,,False,,
2021-355,2021,355,Christine,Velasquez,Christine Velasquez,F,49,Portland,OR,USA,,False,,
2021-111,2021,111,Dan,Balestrieri,Dan Balestrieri,M,41,Billerica,MA,USA,,False,,
2021-414,2021,414,Brian,Myers,Brian Myers,M,44,Asheville,NC,USA,,False,,
2021-408,2021,408,Michael,Emerling,Michael Emerling,M,51,Chattanooga,TN,USA,,False,,
2021-250,2021,250,Tony,Nguyen,Tony Nguyen,M,47,Antioch,CA,USA,,False,,
2021-156,2021,156,Justin,Dew,Justin Dew,M,46,New York,NY,USA,,False,,
2021-417,2021,417,Stephanie,Johnson,Stephanie Johnson,F,58,Knoxville,TN,USA,,False,,
2021-347,2021,347,Denis,Trafecanty,Denis Trafecanty,M,78,Santa Ysabel,CA,USA,,False,,
2022-34,2022,34,Adam,Peterman,Adam Peterman,M,26,Missoula,MT,USA,913.8,True,1.0,1.0
2022-M8,2022,M8,Hayden,Hawks,Hayden Hawks,M,31,Cedar City,UT,USA,947.45,True,2.0,2.0
2022-19,2022,19,Arlen,Glick,Arlen Glick,M,29,Massillon,OH,USA,956.2833333333333,True,3.0,3.0
2022-M2,2022,M2,Tyler,Green,Tyler Green,M,38,Portland,OR,USA,957.1666666666666,True,4.0,4.0
2022-M3,2022,M3,Drew,Holmen,Drew Holmen,M,30,Boulder,CO,USA,969.0,True,5.0,5.0
2022-13,2022,13,Pommeret,Ludovic,Pommeret Ludovic,M,46,Prevessin,FRA,FRA,980.0333333333333,True,6.0,6.0
2022-15,2022,15,Vincent,Viet,Vincent Viet,M,38,ANNECY,,FRA,988.3666666666667,True,7.0,7.0
2022-M10,2022,M10,Alex,Nichols,Alex Nichols,M,37,Colorado Springs,CO,USA,988.5666666666667,True,8.0,8.0
2022-M4,2022,M4,Cody,Lind,Cody Lind,M,27,Challis,ID,USA,989.6333333333333,True,9.0,9.0
2022-29,2022,29,Scott,Traer,Scott Traer,M,41,Woburn,MA,USA,995.3833333333333,True,10.0,10.0
2022-30,2022,30,Jeffrey,Colt,Jeffrey Colt,M,31,Carbondale,CO,USA,1011.8833333333333,True,11.0,11.0
2022-F2,2022,F2,Ruth,Croft,Ruth Croft,F,33,"Stillwater, Greymouth",NZL,NZL,1041.5,True,12.0,1.0
2022-233,2022,233,Adam,Kimble,Adam Kimble,M,35,Tahoe City,CA,USA,1048.7,True,13.0,12.0
2022-M9,2022,M9,Kyle,Curtin,Kyle Curtin,M,35,Durango,CO,USA,1054.3166666666666,True,14.0,13.0
2022-41,2022,41,Ailsa,Macdonald,Ailsa Macdonald,F,41,Cochrane,AB,CAN,1066.7666666666667,True,15.0,2.0
2022-44,2022,44,Cole,Watson,Cole Watson,M,30,Rancho Cordova,CA,USA,1076.3666666666666,True,16.0,14.0
2022-21,2022,21,Marianne,Hogan,Marianne Hogan,F,32,montreal,QC,CAN,1085.8,True,17.0,3.0
2022-42,2022,42,Luzia,Buehler,Luzia Buehler,F,40,Gr√ºsch,CHE,CHE,1088.5333333333333,True,18.0,4.0
2022-F7,2022,F7,Emily,Hawgood,Emily Hawgood,F,27,Beatrice,ZWE,ZWE,1096.0333333333333,True,19.0,5.0
2022-157,2022,157,Michael,Dubova,Michael Dubova,M,37,Charlottesville,VA,USA,1110.2,True,20.0,15.0
2022-32,2022,32,Leah,Yingling,Leah Yingling,F,31,Salt Lake City,UT,USA,1112.5166666666667,True,21.0,6.0
2022-27,2022,27,Taylor,Nowlin,Taylor Nowlin,F,31,Spokane,WA,USA,1126.7,True,22.0,7.0
2022-17,2022,17,Camille,Herron,Camille Herron,F,40,Warr Acres,OK,USA,1131.9,True,23.0,8.0
2022-23,2022,23,Jonathan,Rea,Jonathan Rea,M,30,Boulder,CO,USA,1132.3333333333333,True,24.0,16.0
2022-137,2022,137,Reid,Coolsaet,Reid Coolsaet,M,42,Hamilton,ON,CAN,1167.05,True,25.0,17.0
2022-F5,2022,F5,Katie,Asmuth,Katie Asmuth,F,36,Mammoth Lakes,CA,USA,1170.4333333333334,True,26.0,9.0
2022-12,2022,12,Camille,Bruyas,Camille Bruyas,F,30,leschaux,,FRA,1174.4,True,27.0,10.0
2022-26,2022,26,Anne-Marie,Madden,Anne-Marie Madden,F,41,Vancouver,BC,CAN,1178.7333333333333,True,28.0,11.0
2022-62,2022,62,Stuart,McConnachie,Stuart McConnachie,M,45,Cape Town,,ZAF,1187.55,True,29.0,18.0
2022-24,2022,24,Tyler,Fox,Tyler Fox,M,29,Lander,WY,USA,1189.1166666666666,True,30.0,19.0
2022-286,2022,286,Peter,Mortimer,Peter Mortimer,M,41,Flagstaff,AZ,USA,1201.7833333333333,True,31.0,20.0
2022-33,2022,33,Aroa,Sio Seijo,Aroa Sio Seijo,F,43,Vigo,,ESP,1218.45,True,32.0,12.0
2022-M5,2022,M5,Tim,Tollefson,Tim Tollefson,M,37,Mammoth Lakes,CA,USA,1241.4666666666667,True,33.0,21.0
2022-270,2022,270,Matt,Marino,Matt Marino,M,41,Seattle,WA,USA,1243.8833333333334,True,34.0,22.0
2022-385,2022,385,Remi,Delille,Remi Delille,M,40,Fletcher,NC,USA,1248.6833333333334,True,35.0,23.0
2022-81,2022,81,Allison,Baca,Allison Baca,F,32,Golden,CO,USA,1257.9333333333334,True,36.0,13.0
2022-237,2022,237,Trevor,Fuchs,Trevor Fuchs,M,40,South Salt Lake,UT,USA,1279.0333333333333,True,37.0,24.0
2022-135,2022,135,Jacob,Conrad,Jacob Conrad,M,36,Wooster,OH,USA,1293.0333333333333,True,38.0,25.0
2022-22,2022,22,Ellie,Pell,Ellie Pell,F,30,Ithaca,NY,USA,1297.2,True,39.0,14.0
2022-255,2022,255,Fabio,Baltieri,Fabio Baltieri,M,38,Dublin,IRL,IRL,1297.4166666666667,True,40.0,26.0
2022-221,2022,221,Brett,Hornig,Brett Hornig,M,30,Ashland,OR,USA,1302.0166666666667,True,41.0,27.0
2022-134,2022,134,John,Connolly,John Connolly,M,45,Dumbarton,GBR,GBR,1313.3666666666666,True,42.0,28.0
2022-289,2022,289,Jean Francois,Munoz,Jean Francois Munoz,M,38,Ceret,FRA,FRA,1316.25,True,43.0,29.0
2022-313,2022,313,Marvin,Sandoval,Marvin Sandoval,M,44,Leadville,CO,USA,1317.7333333333333,True,44.0,30.0
2022-281,2022,281,Matt,Milde,Matt Milde,M,31,Estes Park,CO,USA,1318.9333333333334,True,45.0,31.0
2022-372,2022,372,Amber,Weibel,Amber Weibel,F,44,South Lake Tahoe,CA,USA,1325.0166666666667,True,46.0,15.0
2022-F4,2022,F4,Brittany,Peterson,Brittany Peterson,F,36,Pocatello,ID,USA,1336.1166666666666,True,47.0,16.0
2022-25,2022,25,Dominika,Stelmach,Dominika Stelmach,F,40,Warszawa,,POL,1341.9166666666667,True,48.0,17.0
2022-69,2022,69,Jerry,Garcia,Jerry Garcia,M,44,Palmdale,CA,USA,1346.5333333333333,True,49.0,32.0
2022-213,2022,213,Patrick,Humenny,Patrick Humenny,M,45,Kimberley,BC,CAN,1351.65,True,50.0,33.0
2022-182,2022,182,Theo,Goguely,Theo Goguely,M,39,Mill Valley,CA,USA,1356.3833333333334,True,51.0,34.0
2022-86,2022,86,Dan,Barger,Dan Barger,M,56,Steamboat Springs,CO,USA,1358.9666666666667,True,52.0,35.0
2022-247,2022,247,Tom,Rauen,Tom Rauen,M,39,Dubuque,IA,USA,1359.7166666666667,True,53.0,36.0
2022-359,2022,359,Mike,Tyler,Mike Tyler,M,55,Salem,OR,USA,1359.7666666666667,True,54.0,37.0
2022-323,2022,323,Takahiro,Watanabe,Takahiro Watanabe,M,43,Aoba-Ku Yokohama-Shi,JPN,JPN,1362.0,True,55.0,38.0
2022-104,2022,104,Mike,Bielemeier,Mike Bielemeier,M,38,Bend,OR,USA,1362.2333333333333,True,56.0,39.0
2022-288,2022,288,Derek,Mulhall,Derek Mulhall,M,51,Tecumseh,ON,CAN,1363.4333333333334,True,57.0,40.0
2022-36,2022,36,Rod,Farvard,Rod Farvard,M,26,Mammoth Lakes,CA,USA,1368.85,True,58.0,41.0
2022-109,2022,109,Mike,Jolie,Mike Jolie,M,33,Calgary,AB,CAN,1372.0166666666667,True,59.0,42.0
2022-91,2022,91,Janne,Aho,Janne Aho,M,39,Falun,SWE,SWE,1380.6333333333334,True,60.0,43.0
2022-437,2022,437,Allen,Currano,Allen Currano,M,49,Santa Fe,NM,USA,1385.9166666666667,True,61.0,44.0
2022-F10,2022,F10,Kaci,Lickteig,Kaci Lickteig,F,35,Omaha,NE,USA,1386.15,True,62.0,18.0
2022-351,2022,351,Jack,Tinucci,Jack Tinucci,M,33,Golden,CO,USA,1388.5833333333333,True,63.0,45.0
2022-348,2022,348,Dennis,Theodosis,Dennis Theodosis,M,45,Quarry Bay,HKG,HKG,1390.0833333333333,True,64.0,46.0
2022-298,2022,298,Daven,Oskvig,Daven Oskvig,M,45,Amherst,NY,USA,1391.6166666666666,True,65.0,47.0
2022-102,2022,102,Chris,Wright,Chris Wright,M,50,Grand Junction,CO,USA,1393.4166666666667,True,66.0,48.0
2022-85,2022,85,Stephen,Graves,Stephen Graves,M,36,London,GBR,GBR,1394.3666666666666,True,67.0,49.0
2022-358,2022,358,Tim,Tubra,Tim Tubra,M,39,Roseville,CA,USA,1394.95,True,68.0,50.0
2022-207,2022,207,Ewan,Horsburgh,Ewan Horsburgh,M,44,St Ives Chase,AUS,AUS,1395.4833333333333,True,69.0,51.0
2022-261,2022,261,Bevan,Littler,Bevan Littler,M,42,HAMILTON,NZL,NZL,1395.7166666666667,True,70.0,52.0
2022-338,2022,338,Oliver,Stenning,Oliver Stenning,M,29,London,GBR,GBR,1396.6666666666667,True,71.0,53.0
2022-343,2022,343,Eric,Tadt,Eric Tadt,M,34,MINNEAPOLIS,MN,USA,1397.5833333333333,True,72.0,54.0
2022-251,2022,251,Francis,Lebeau,Francis Lebeau,M,39,Montreal,QC,CAN,1398.7666666666667,True,73.0,55.0
2022-259,2022,259,Ron,Little,Ron Little,M,51,Montara,CA,USA,1399.2833333333333,True,74.0,56.0
2022-72,2022,72,Marian,Kamendy,Marian Kamendy,M,49,Bratislava,SVK,SVK,1400.75,True,75.0,57.0
2022-333,2022,333,Andrew,Simpson,Andrew Simpson,M,34,York,PA,USA,1404.0166666666667,True,76.0,58.0
2022-388,2022,388,James,Bland,James Bland,M,31,Whanganui,,NZL,1405.6333333333334,True,77.0,59.0
2022-297,2022,297,Anna,Olsen,Anna Olsen,F,33,Truckee,CA,USA,1405.9166666666667,True,78.0,19.0
2022-39,2022,39,Tom,Owens,Tom Owens,M,40,Glasgow,GBR,GBR,1407.1333333333334,True,79.0,60.0
2022-93,2022,93,Brandon,Benefield,Brandon Benefield,M,40,Spokane,WA,USA,1407.6333333333334,True,80.0,61.0
2022-230,2022,230,Seth,Kelly,Seth Kelly,M,37,Lakewood,CO,USA,1409.6666666666667,True,81.0,62.0
2022-139,2022,139,Brandon,Costa,Brandon Costa,M,29,Sacramento,CA,USA,1410.3,True,82.0,63.0
2022-158,2022,158,Michael,Duggan,Michael Duggan,M,44,Upper Kedron,AUS,AUS,1412.35,True,83.0,64.0
2022-167,2022,167,Crispin,Flowerday,Crispin Flowerday,M,43,San Francisco,CA,USA,1412.5666666666666,True,84.0,65.0
2022-140,2022,140,Erika,Hoagland,Erika Hoagland,F,40,Fairfax,CA,USA,1416.0333333333333,True,85.0,20.0
2022-200,2022,200,Kevin,Goldberg,Kevin Goldberg,M,33,Westminster,CO,USA,1417.7833333333333,True,86.0,66.0
2022-217,2022,217,Kevin,Jansen,Kevin Jansen,M,33,Calgary,AB,CAN,1418.4,True,87.0,67.0
2022-144,2022,144,Wesley,Hunt,Wesley Hunt,M,39,Roland,AR,USA,1418.5333333333333,True,88.0,68.0
2022-308,2022,308,Adam,Rood,Adam Rood,M,41,Louisville,KY,USA,1421.3,True,89.0,69.0
2022-346,2022,346,Andrew,Taylor,Andrew Taylor,M,31,Woodinville,WA,USA,1422.65,True,90.0,70.0
2022-154,2022,154,Ivan,Dimitrov,Ivan Dimitrov,M,42,Sofia,BGR,BGR,1424.6666666666667,True,91.0,71.0
2022-420,2022,420,Victor,Fallon,Victor Fallon,M,34,Lakewood,CO,USA,1424.8166666666666,True,92.0,72.0
2022-239,2022,239,Zoran,Kurdija,Zoran Kurdija,M,56,Zagreb,HRV,HRV,1426.8333333333333,True,93.0,73.0
2022-54,2022,54,Alan,Wheat,Alan Wheat,M,54,Cammeray,AUS,AUS,1429.95,True,94.0,74.0
2022-315,2022,315,Tony,Molfino,Tony Molfino,M,44,Ben Lomond,CA,USA,1430.2833333333333,True,95.0,75.0
2022-149,2022,149,Francesco,De Riz,Francesco De Riz,M,33,Pedavena,ITA,ITA,1430.4666666666667,True,96.0,76.0
2022-379,2022,379,Dario,Zea,Dario Zea,M,46,Petaluma,CA,USA,1430.5166666666667,True,97.0,77.0
2022-195,2022,195,Adam,Harris,Adam Harris,M,35,Squamish,BC,CAN,1431.5666666666666,True,98.0,78.0
2022-276,2022,276,Dusan,Mencin,Dusan Mencin,M,49,Ljubljana,SVN,SVN,1435.75,True,99.0,79.0
2022-368,2022,368,Kevin,Walker,Kevin Walker,M,42,Winchester,VA,USA,1436.05,True,100.0,80.0
2022-344,2022,344,Tomohiko,Takahashi,Tomohiko Takahashi,M,44,MATSUMOTO,JPN,JPN,1436.2,True,101.0,81.0
2022-390,2022,390,Jeremy,Hardy,Jeremy Hardy,M,49,Pasadena,CA,USA,1462.25,True,102.0,82.0
2022-61,2022,61,Meghan,Canfield,Meghan Canfield,F,61,Corvallis,OR,USA,1478.3333333333333,True,103.0,21.0
2022-335,2022,335,Tom,Starodaj,Tom Starodaj,M,35,New Britain,CT,USA,1479.0166666666667,True,104.0,83.0
2022-329,2022,329,Ryan,Smith,Ryan Smith,M,41,Fair Oaks,CA,USA,1481.65,True,105.0,84.0
2022-366,2022,366,Mark,Vogel,Mark Vogel,M,49,Spokane,WA,USA,1482.6,True,106.0,85.0
2022-219,2022,219,Marcelo,Jim√©nez,Marcelo Jim√©nez,M,45,Cartago,CRI,CRI,1492.3,True,107.0,86.0
2022-352,2022,352,Chelsey,Topping,Chelsey Topping,F,39,Lethbridge,AB,CAN,1495.2333333333333,True,108.0,22.0
2022-408,2022,408,Darren,Howard,Darren Howard,M,47,Chattanooga,TN,USA,1495.3166666666666,True,109.0,87.0
2022-331,2022,331,Christian,Sorensen,Christian Sorensen,M,45,Park City,UT,USA,1502.1333333333334,True,110.0,88.0
2022-57,2022,57,Michael,Scogings,Michael Scogings,M,57,Peru,PER,PER,1507.6666666666667,True,111.0,89.0
2022-282,2022,282,Greg,Miller,Greg Miller,M,44,Half Moon Bay,CA,USA,1514.5,True,112.0,90.0
2022-204,2022,204,Karen,Holland,Karen Holland,F,35,Kimberley,ON,CAN,1515.2833333333333,True,113.0,23.0
2022-143,2022,143,Kelly,Hutchins,Kelly Hutchins,M,51,Paducah,KY,USA,1517.4666666666667,True,114.0,91.0
2022-188,2022,188,Sean,Greaney,Sean Greaney,M,41,Seattle,WA,USA,1517.7,True,115.0,92.0
2022-312,2022,312,Philip,Sanderson,Philip Sanderson,M,54,Mill Valley,CA,USA,1522.7333333333333,True,116.0,93.0
2022-118,2022,118,Alexander,Humenetskyj,Alexander Humenetskyj,M,42,Truckee,CA,USA,1523.3166666666666,True,117.0,94.0
2022-246,2022,246,Aytug,Celikbas,Aytug Celikbas,M,42,OAKVILLE,ON,CAN,1523.7666666666667,True,118.0,95.0
2022-302,2022,302,Charles,Proctor,Charles Proctor,M,37,West Hills,CA,USA,1526.0333333333333,True,119.0,96.0
2022-100,2022,100,Fernando,Gonzalez DiAz,Fernando Gonzalez DiAz,M,48,LAS PALMAS DE GRAN CANARIA,ESP,ESP,1529.25,True,120.0,97.0
2022-389,2022,389,Akira,Yamada,Akira Yamada,M,46,Brooklyn,NY,USA,1531.1833333333334,True,121.0,98.0
2022-198,2022,198,Simone,Hayes,Simone Hayes,F,48,GYMEA BAY,AUS,AUS,1531.8,True,122.0,24.0
2022-242,2022,242,Nicholas,Laughton,Nicholas Laughton,M,44,PHOENIX,AZ,USA,1533.45,True,123.0,99.0
2022-88,2022,88,Justin,Kent,Justin Kent,M,55,Kirkland,WA,USA,1544.4666666666667,True,124.0,100.0
2022-301,2022,301,Fabrice,Perrin,Fabrice Perrin,M,50,Annecy,FRA,FRA,1545.0333333333333,True,125.0,101.0
2022-363,2022,363,Eduardo,Vazquez,Eduardo Vazquez,M,49,Mexico City,MEX,MEX,1550.35,True,126.0,102.0
2022-162,2022,162,Jaime,Fensterl,Jaime Fensterl,F,36,New Albany,OH,USA,1552.05,True,127.0,25.0
2022-234,2022,234,John,Maas,John Maas,M,61,Sleepy Eye,MN,USA,1552.45,True,128.0,103.0
2022-186,2022,186,Charlie,Granger,Charlie Granger,M,36,Henrietta,NY,USA,1553.8333333333333,True,129.0,104.0
2022-249,2022,249,Megan,Lacey,Megan Lacey,F,38,Vancouver,WA,USA,1553.9333333333334,True,130.0,26.0
2022-115,2022,115,Cassy,Campanella,Cassy Campanella,F,31,Cumming,GA,USA,1555.7833333333333,True,131.0,27.0
2022-174,2022,174,Leo,Fung,Leo Fung,M,32,Calgary,AB,CAN,1556.1166666666666,True,132.0,105.0
2022-74,2022,74,Andy,Kumeda,Andy Kumeda,M,54,Sierra Madre,CA,USA,1556.5666666666666,True,133.0,106.0
2022-97,2022,97,Meagan,Brown,Meagan Brown,F,35,The Gap,AUS,AUS,1559.2833333333333,True,134.0,28.0
2022-383,2022,383,Lindsey,Hagen,Lindsey Hagen,F,38,Bend,OR,USA,1567.4666666666667,True,135.0,29.0
2022-268,2022,268,Cristiano,Marcelino,Cristiano Marcelino,M,41,Niteroi,BRA,BRA,1568.0166666666667,True,136.0,107.0
2022-292,2022,292,Sunaad,Nataraju,Sunaad Nataraju,M,36,San Mateo,CA,USA,1568.3833333333334,True,137.0,108.0
2022-294,2022,294,Samuel,Nickelsen,Samuel Nickelsen,M,44,Berkeley,CA,USA,1572.4666666666667,True,138.0,109.0
2022-161,2022,161,Diego,Espinosa,Diego Espinosa,M,61,Phoenix,AZ,USA,1576.7,True,139.0,110.0
2022-257,2022,257,Roger,Levesque,Roger Levesque,M,41,Seattle,WA,USA,1580.5833333333333,True,140.0,111.0
2022-316,2022,316,Anthony,Severino,Anthony Severino,M,44,Chicago,IL,USA,1581.4333333333334,True,141.0,112.0
2022-285,2022,285,Elise,Mordos,Elise Mordos,F,30,Boulder,CO,USA,1586.55,True,142.0,30.0
2022-374,2022,374,Ryan,Witko,Ryan Witko,M,38,Brooklyn,NY,USA,1587.2,True,143.0,113.0
2022-256,2022,256,John,Lehmann,John Lehmann,M,47,Schnecksville,PA,USA,1587.8333333333333,True,144.0,114.0
2022-305,2022,305,Kevin,Rapp,Kevin Rapp,M,41,Grover,MO,USA,1588.0666666666666,True,145.0,115.0
2022-121,2022,121,John,Gregg,John Gregg,M,41,Birmingham,AL,USA,1588.35,True,146.0,116.0
2022-78,2022,78,Yatika,Fields,Yatika Fields,M,41,Tulsa,OK,USA,1588.9166666666667,True,147.0,117.0
2022-445,2022,445,Luis,Gomez,Luis Gomez,M,38,Clearwater,FL,USA,1588.9666666666667,True,148.0,118.0
2022-55,2022,55,Becki Lynn,Bauer,Becki Lynn Bauer,F,44,Littleton,CO,USA,1590.95,True,149.0,31.0
2022-123,2022,123,John,Farris,John Farris,M,31,Fort Worth,TX,USA,1591.45,True,150.0,119.0
2022-151,2022,151,Thomas,Denoyelle,Thomas Denoyelle,M,47,Cagnes sur mer,FRA,FRA,1599.4166666666667,True,151.0,120.0
2022-370,2022,370,Matt,Ward,Matt Ward,M,44,San Bruno,CA,USA,1601.6833333333334,True,152.0,121.0
2022-291,2022,291,Matthew,Myers,Matthew Myers,M,37,fayetteville,AR,USA,1602.2,True,153.0,122.0
2022-51,2022,51,Mayra,Lopez,Mayra Lopez,F,34,Palmdale,CA,USA,1606.3,True,154.0,32.0
2022-107,2022,107,Chad,Bruce,Chad Bruce,M,49,Eastvale,CA,USA,1608.85,True,155.0,123.0
2022-126,2022,126,Luis,Pena,Luis Pena,M,51,San Francisco,CA,USA,1612.6,True,156.0,124.0
2022-264,2022,264,Lucus,Lyons,Lucus Lyons,M,42,Kingston,IL,USA,1614.55,True,157.0,125.0
2022-194,2022,194,Kanae,Harigaya,Kanae Harigaya,F,48,hannou-shi,JPN,JPN,1618.2166666666667,True,158.0,33.0
2022-248,2022,248,Fred,Leach,Fred Leach,M,41,Portola Valley,CA,USA,1619.5,True,159.0,126.0
2022-192,2022,192,Nicholas,Hanson,Nicholas Hanson,M,39,Kalamazoo,MI,USA,1620.4833333333333,True,160.0,127.0
2022-361,2022,361,Colleen,Weitzel,Colleen Weitzel,F,35,Fort Collins,CO,USA,1621.4333333333334,True,161.0,34.0
2022-330,2022,330,Steve,Smith,Steve Smith,M,52,The Woodlands,TX,USA,1624.7166666666667,True,162.0,128.0
2022-124,2022,124,David,Chase,David Chase,M,30,San Francisco,CA,USA,1629.1833333333334,True,163.0,129.0
2022-98,2022,98,Lamont,King,Lamont King,M,49,Roseville,CA,USA,1630.5666666666666,True,164.0,130.0
2022-164,2022,164,Wolfgang,K√∂lli,Wolfgang K√∂lli,M,49,Fernitz-Mellach,AUT,AUT,1630.65,True,165.0,131.0
2022-56,2022,56,Jeffrey,Lenard,Jeffrey Lenard,M,56,Johnsburg,IL,USA,1633.2666666666667,True,166.0,132.0
2022-193,2022,193,Gina,Harcrow,Gina Harcrow,F,50,Monument,CO,USA,1636.4,True,167.0,35.0
2022-103,2022,103,Martin,Steinmeister,Martin Steinmeister,M,50,Bonn,DEU,DEU,1643.6333333333334,True,168.0,133.0
2022-229,2022,229,Junko,Kazukawa,Junko Kazukawa,F,58,Denver,CO,USA,1644.1333333333334,True,169.0,36.0
2022-245,2022,245,John,Lawrie,John Lawrie,M,51,Bonny Hills,AUS,AUS,1648.25,True,170.0,134.0
2022-155,2022,155,Brendan,Donohoe,Brendan Donohoe,M,48,Lopez Island,WA,USA,1649.2666666666667,True,171.0,135.0
2022-58,2022,58,Theo,Wirth,Theo Wirth,M,58,Roseville,CA,USA,1650.4166666666667,True,172.0,136.0
2022-14,2022,14,Anne-Lise,Le Quere,Anne-Lise Le Quere,F,30,Tr√©darzec,,FRA,1651.2333333333333,True,173.0,37.0
2022-241,2022,241,Beth,Lang,Beth Lang,F,54,El Dorado Hills,CA,USA,1653.2833333333333,True,174.0,38.0
2022-163,2022,163,Davide,Ferrara,Davide Ferrara,M,52,Truccazzano,ITA,ITA,1654.8166666666666,True,175.0,137.0
2022-265,2022,265,Jason,Mais,Jason Mais,M,43,Crozet,VA,USA,1655.2166666666667,True,176.0,138.0
2022-125,2022,125,Gang,Chen,Gang Chen,M,51,Fremont,CA,USA,1657.1,True,177.0,139.0
2022-169,2022,169,Rick,Hoberg,Rick Hoberg,M,33,Denver,CO,USA,1659.0833333333333,True,178.0,140.0
2022-89,2022,89,Neal,Barnaba,Neal Barnaba,M,43,Spring Grove,PA,USA,1659.35,True,179.0,141.0
2022-99,2022,99,James,Schwartz,James Schwartz,M,41,Toronto,ON,CAN,1660.9166666666667,True,180.0,142.0
2022-232,2022,232,Nathan,Owens,Nathan Owens,M,42,Bountiful,UT,USA,1663.2666666666667,True,181.0,143.0
2022-349,2022,349,Patrick,Thiessen,Patrick Thiessen,M,43,Arvada,CO,USA,1672.9833333333333,True,182.0,144.0
2022-183,2022,183,Ryan,Kelly,Ryan Kelly,M,42,St. Charles,MO,USA,1673.55,True,183.0,145.0
2022-173,2022,173,Luigi,Fumero,Luigi Fumero,M,47,Teddington,GBR,GBR,1673.7333333333333,True,184.0,146.0
2022-381,2022,381,Aneta,Zeppettella,Aneta Zeppettella,F,50,Centerville,OH,USA,1673.9333333333334,True,185.0,39.0
2022-79,2022,79,Alexander,Schwenkenberg,Alexander Schwenkenberg,M,43,Ventura,CA,USA,1675.5,True,186.0,147.0
2022-401,2022,401,Vivian,La Barreda,Vivian La Barreda,F,45,Whitter,CA,USA,1678.25,True,187.0,40.0
2022-410,2022,410,Chris,Thoburn,Chris Thoburn,M,47,Oakland,CA,USA,1682.5666666666666,True,188.0,148.0
2022-433,2022,433,Andrew,Ewing,Andrew Ewing,M,45,Corte Madera,CA,USA,1683.6166666666666,True,189.0,149.0
2022-240,2022,240,Steven,LaBranche,Steven LaBranche,M,48,Oakdale,CT,USA,1684.7333333333333,True,190.0,150.0
2022-310,2022,310,Bret,Rutherford,Bret Rutherford,M,45,Scarsdale,NY,USA,1688.5333333333333,True,191.0,151.0
2022-148,2022,148,Steve,Day,Steve Day,M,45,North Vancouver,BC,CAN,1690.2666666666667,True,192.0,152.0
2022-181,2022,181,Josh,Gilbert,Josh Gilbert,M,47,Roanoke,VA,USA,1690.5166666666667,True,193.0,153.0
2022-59,2022,59,Katy,Anderson,Katy Anderson,F,45,Bondi Beach,AUS,AUS,1692.9833333333333,True,194.0,41.0
2022-205,2022,205,Dave,Hope,Dave Hope,M,57,Foresthill,CA,USA,1694.0166666666667,True,195.0,154.0
2022-336,2022,336,Andy,Starostka,Andy Starostka,M,54,Reno,NV,USA,1694.7,True,196.0,155.0
2022-146,2022,146,Hank,Dart,Hank Dart,M,54,Hailey,ID,USA,1695.0666666666666,True,197.0,156.0
2022-380,2022,380,Christoph,Zehetleitner,Christoph Zehetleitner,M,43,Munich,,DEU,1695.9666666666667,True,198.0,157.0
2022-215,2022,215,Niko,Imbraguglio,Niko Imbraguglio,M,38,New Orleans,LA,USA,1697.65,True,199.0,158.0
2022-278,2022,278,Andrew,Messina,Andrew Messina,M,49,Red Bank,NJ,USA,1699.6666666666667,True,200.0,159.0
2022-378,2022,378,Kyle,Young,Kyle Young,M,36,Carbondale,CO,USA,1705.7666666666667,True,201.0,160.0
2022-180,2022,180,David,Stuart,David Stuart,M,41,Woldingham,GBR,GBR,1706.7166666666667,True,202.0,161.0
2022-147,2022,147,Fanny,Barrette,Fanny Barrette,F,47,Calgary,AB,CAN,1706.9666666666667,True,203.0,42.0
2022-384,2022,384,Jeffrey,Fairman,Jeffrey Fairman,M,40,Columbia,MD,USA,1710.0,True,204.0,162.0
2022-413,2022,413,Melissa,Tucker,Melissa Tucker,F,38,Golde Beach,OR,USA,1710.4,True,205.0,43.0
2022-224,2022,224,Dick,Jones,Dick Jones,M,52,Crickhowell Powys,GBR,GBR,1712.6333333333334,True,206.0,163.0
2022-306,2022,306,Enrique,Rodriguez,Enrique Rodriguez,M,47,Mexico City,CA,MEX,1713.5166666666667,True,207.0,164.0
2022-168,2022,168,Edward,Wang,Edward Wang,M,57,San Diego,CA,USA,1720.75,True,208.0,165.0
2022-222,2022,222,Monica,Devreese,Monica Devreese,F,48,Santa Barbara,CA,USA,1721.2333333333333,True,209.0,44.0
2022-142,2022,142,Martin,Cox,Martin Cox,M,52,TENDE,AUT,FRA,1722.6833333333334,True,210.0,166.0
2022-209,2022,209,Helen,Huang,Helen Huang,F,52,Cold Spring Harbor,NY,USA,1722.8,True,211.0,45.0
2022-280,2022,280,Gianluigi,Mignacco,Gianluigi Mignacco,M,46,Cantalupo Ligure,ITA,ITA,1723.6666666666667,True,212.0,167.0
2022-94,2022,94,Robert,Bondurant,Robert Bondurant,M,49,Chimacum,WA,USA,1723.8166666666666,True,213.0,168.0
2022-92,2022,92,Conan,Blakemore,Conan Blakemore,M,39,Conifer,CO,USA,1724.4333333333334,True,214.0,169.0
2022-211,2022,211,Jesse,Hulley,Jesse Hulley,M,39,Calgary,AB,CAN,1724.8,True,215.0,170.0
2022-160,2022,160,John Paul,Ogden,John Paul Ogden,M,55,Cedaredge,CO,USA,1725.3666666666666,True,216.0,171.0
2022-300,2022,300,Kostya,Penkov,Kostya Penkov,M,48,Beckenham,GBR,GBR,1725.8166666666666,True,217.0,172.0
2022-65,2022,65,Rohan,Aurora,Rohan Aurora,M,32,Vancouver,BC,CAN,1726.2666666666667,True,218.0,173.0
2022-132,2022,132,Anders,Hasse Petersen,Anders Hasse Petersen,M,43,Br√∏nsh√∏j,DNK,DNK,1727.5333333333333,True,219.0,174.0
2022-337,2022,337,Carl,Stauffer,Carl Stauffer,M,50,Philadelphia,PA,USA,1728.0666666666666,True,220.0,175.0
2022-136,2022,136,Donald,Beuke,Donald Beuke,M,46,Broomfield,CO,USA,1729.6,True,221.0,176.0
2022-283,2022,283,Michael,Morales,Michael Morales,M,52,Portland,OR,USA,1733.6166666666666,True,222.0,177.0
2022-412,2022,412,Elisa,Edgar,Elisa Edgar,F,50,Pittsburgh,PA,USA,1735.75,True,223.0,46.0
2022-293,2022,293,Alex,Nelson,Alex Nelson,M,41,Lakewood,CO,USA,1736.1833333333334,True,224.0,178.0
2022-127,2022,127,Daniella,Chiu,Daniella Chiu,F,36,Poole,GBR,GBR,1736.7333333333333,True,225.0,47.0
2022-84,2022,84,Adam,Allie,Adam Allie,M,42,Murfreesboro,TN,USA,1737.5333333333333,True,226.0,179.0
2022-156,2022,156,Dawson,Mossman,Dawson Mossman,M,43,New maryland,NB,CAN,1740.9833333333333,True,227.0,180.0
2022-171,2022,171,Matt,Lowe,Matt Lowe,M,41,Hamilton,ON,CAN,1742.05,True,228.0,181.0
2022-318,2022,318,Chris,Sherwood,Chris Sherwood,M,50,Bristow,VA,USA,1742.9166666666667,True,229.0,182.0
2022-159,2022,159,Dendi,Dwitiandi,Dendi Dwitiandi,M,51,Bogor,IDN,IDN,1743.2666666666667,True,230.0,183.0
2022-175,2022,175,Bibo,Gao,Bibo Gao,F,44,Buffalo Grove,IL,USA,1744.0333333333333,True,231.0,48.0
2022-254,2022,254,Suzanne,Lefrancois Couturier,Suzanne Lefrancois Couturier,F,36,Val d'Is√®re,FRA,FRA,1744.0666666666666,True,232.0,49.0
2022-108,2022,108,Sarah,Bruce,Sarah Bruce,F,45,Huntington Beach,CA,USA,1744.7333333333333,True,233.0,50.0
2022-187,2022,187,Peter,Morgan,Peter Morgan,M,43,Phoenixville,PA,USA,1745.1,True,234.0,184.0
2022-179,2022,179,Kyle,Gery,Kyle Gery,M,46,Douglassville,PA,USA,1745.8333333333333,True,235.0,185.0
2022-231,2022,231,Mike,Kenney,Mike Kenney,M,44,Duvall,WA,USA,1746.45,True,236.0,186.0
2022-373,2022,373,Joshua,Wiffen,Joshua Wiffen,M,44,port kembla,AUS,AUS,1747.55,True,237.0,187.0
2022-210,2022,210,Tyler,Garewal,Tyler Garewal,M,34,Bakersfield,CA,USA,1748.0,True,238.0,188.0
2022-150,2022,150,Juan Carlos,Morales Rodriguez,Juan Carlos Morales Rodriguez,M,36,El Marques,MEX,MEX,1749.7833333333333,True,239.0,189.0
2022-236,2022,236,Jason,Kumlien,Jason Kumlien,M,52,Tampa,FL,USA,1752.6333333333334,True,240.0,190.0
2022-279,2022,279,Michael,Michaud,Michael Michaud,M,39,Bridgeport,CT,USA,1752.7333333333333,True,241.0,191.0
2022-347,2022,347,Lindsay,Raley,Lindsay Raley,M,62,Lakeland,FL,USA,1752.85,True,242.0,192.0
2022-430,2022,430,Jon,St John,Jon St John,M,47,Salt Lake City,UT,USA,1753.8,True,243.0,193.0
2022-273,2022,273,Erin,McCarthy,Erin McCarthy,F,43,Grass Valley,CA,USA,1754.1166666666666,True,244.0,51.0
2022-326,2022,326,Adam,Smith,Adam Smith,M,47,Chandler,AZ,USA,1754.5666666666666,True,245.0,194.0
2022-342,2022,342,Jerry,Suo,Jerry Suo,M,49,Sacramento,CA,USA,1754.6666666666667,True,246.0,195.0
2022-324,2022,324,Shavinder,Singh,Shavinder Singh,M,44,Fair Oaks,CA,USA,1755.1,True,247.0,196.0
2022-131,2022,131,Heather,Leonard,Heather Leonard,F,48,Eugene,OR,USA,1756.7333333333333,True,248.0,52.0
2022-405,2022,405,Stephen,Turner,Stephen Turner,M,60,Meare,GBR,GB,1756.7666666666667,True,249.0,197.0
2022-269,2022,269,Raymond,Hurley,Raymond Hurley,M,56,Dayton,NV,USA,1756.85,True,250.0,198.0
2022-260,2022,260,Charley,Jones,Charley Jones,M,50,Folsom,CA,USA,1757.35,True,251.0,199.0
2022-166,2022,166,Kevin,Flannery,Kevin Flannery,M,43,Arvada,CO,USA,1757.3666666666666,True,252.0,200.0
2022-53,2022,53,Norman,Nadon,Norman Nadon,M,53,Orangeville,ON,CAN,1757.4833333333333,True,253.0,201.0
2022-320,2022,320,Manouch,Shirvanioun,Manouch Shirvanioun,M,60,Grass Valley,CA,USA,1758.5333333333333,True,254.0,202.0
2022-201,2022,201,Joseph,Higgins,Joseph Higgins,M,57,Harleysville,PA,USA,1759.1333333333334,True,255.0,203.0
2022-253,2022,253,Terry,Lee,Terry Lee,M,53,Portola Valley,CA,USA,1760.2666666666667,True,256.0,204.0
2022-407,2022,407,Andrea,Thorpe,Andrea Thorpe,F,46,Olympia,WA,USA,1761.8833333333334,True,257.0,53.0
2022-303,2022,303,Roger,Pynappel,Roger Pynappel,M,62,Truckee,CA,USA,1762.1833333333334,True,258.0,205.0
2022-262,2022,262,Victor,Lopez Toledano,Victor Lopez Toledano,M,45,Valencia,ESP,ESP,1762.3,True,259.0,206.0
2022-367,2022,367,Tina,Sinetos,Tina Sinetos,F,36,Foresthill,CA,USA,1762.7,True,260.0,54.0
2022-80,2022,80,Kimberly,Auth,Kimberly Auth,F,40,Pittsburgh,PA,USA,1763.6833333333334,True,261.0,55.0
2022-218,2022,218,Chiharu,Watanabe,Chiharu Watanabe,M,55,Musashino-shi,JPN,JPN,1763.8,True,262.0,207.0
2022-319,2022,319,Michal,Czepukojc,Michal Czepukojc,M,42,Gdansk,POL,POL,1763.8833333333334,True,263.0,208.0
2022-266,2022,266,Christian,Maleedy,Christian Maleedy,M,42,Welwyn,GBR,GBR,1764.0,True,264.0,209.0
2022-327,2022,327,Andrew,Smith,Andrew Smith,M,44,London,GBR,GBR,1765.1166666666666,True,265.0,210.0
2022-357,2022,357,Stella,Tsui,Stella Tsui,F,38,Singapore,SGP,SGP,1765.45,True,266.0,56.0
2022-87,2022,87,Yejun,Xu,Yejun Xu,M,57,SAN JOSE,CA,USA,1765.6666666666667,True,267.0,211.0
2022-197,2022,197,Emerson,Hay,Emerson Hay,M,61,KELLYVILLE,AUS,AUS,1769.6333333333334,True,268.0,212.0
2022-244,2022,244,Todd,Law,Todd Law,M,54,Novato,CA,USA,1770.45,True,269.0,213.0
2022-287,2022,287,Eric,Batchelor,Eric Batchelor,M,37,San Diego,CA,USA,1771.2,True,270.0,214.0
2022-63,2022,63,Simon,Bennett,Simon Bennett,M,63,Ackworth,GBR,GBR,1772.1,True,271.0,215.0
2022-152,2022,152,Mike,Detrick,Mike Detrick,M,41,Charlotte,NC,USA,1772.95,True,272.0,216.0
2022-356,2022,356,Dana,Trach,Dana Trach,F,32,Folsom,CA,USA,1773.4666666666667,True,273.0,57.0
2022-196,2022,196,Ben,Harrison,Ben Harrison,M,40,Dubbo,AUS,AUS,1774.0166666666667,True,274.0,217.0
2022-226,2022,226,Yoshio,Otaki,Yoshio Otaki,M,54,Portland,OR,USA,1774.1333333333334,True,275.0,218.0
2022-340,2022,340,John,Studebaker,John Studebaker,M,61,Fort Worth,TX,USA,1774.1333333333334,True,276.0,219.0
2022-110,2022,110,Alexis,Thomas,Alexis Thomas,F,39,Evington,VA,USA,1774.9,True,277.0,58.0
2022-128,2022,128,Katie,Christianson,Katie Christianson,F,51,West Linn,OR,USA,1775.1666666666667,True,278.0,59.0
2022-60,2022,60,Lisa,Cross,Lisa Cross,F,60,Alameda,CA,USA,1775.7666666666667,True,279.0,60.0
2022-185,2022,185,Richard,Goulder,Richard Goulder,M,51,Hartfield,GBR,GBR,1775.8,True,280.0,220.0
2022-354,2022,354,Cara,Scott,Cara Scott,F,44,Diamond Springs,CA,USA,1775.8,True,281.0,61.0
2022-397,2022,397,Andrew,Fullerton,Andrew Fullerton,M,44,Stillwater,OK,USA,1776.4333333333334,True,282.0,221.0
2022-317,2022,317,Paul,Schwartz,Paul Schwartz,M,54,Westlake Village,CA,USA,1776.9833333333333,True,283.0,222.0
2022-362,2022,362,Dennis,Vandenbussche,Dennis Vandenbussche,M,39,Hoeilaart,BEL,BEL,1777.3666666666666,True,284.0,223.0
2022-375,2022,375,Kana,Yamamoto,Kana Yamamoto,F,47,Honolulu,HI,USA,1778.2833333333333,True,285.0,62.0
2022-250,2022,250,Kevin,Wojcik,Kevin Wojcik,M,54,Marietta,GA,USA,1779.4666666666667,True,286.0,224.0
2022-411,2022,411,Marylou,Corino,Marylou Corino,F,45,Georgetown,ON,CAN,1782.8,True,287.0,63.0
2022-101,2022,101,Lauren,Watson,Lauren Watson,F,37,Sparks,NV,USA,1783.0333333333333,True,288.0,64.0
2022-328,2022,328,Christopher,Smith,Christopher Smith,M,45,Austin,TX,USA,1783.2666666666667,True,289.0,225.0
2022-105,2022,105,Michael,Mcginn,Michael Mcginn,M,41,Johnston,IA,USA,1787.6333333333334,True,290.0,226.0
2022-238,2022,238,Annemiek,Hamelinck,Annemiek Hamelinck,F,53,Pleasant Hill,CA,USA,1788.2833333333333,True,291.0,65.0
2022-371,2022,371,Steve,Webb,Steve Webb,M,62,Davenport,CA,USA,1788.4166666666667,True,292.0,227.0
2022-130,2022,130,Steven,Tally,Steven Tally,M,61,Ramona,CA,USA,1789.3833333333334,True,293.0,228.0
2022-350,2022,350,Barry,Thrune,Barry Thrune,M,46,New Berlin,WI,USA,1789.4833333333333,True,294.0,229.0
2022-77,2022,77,Eric,Fritz,Eric Fritz,M,54,Huntsville,AL,USA,1790.4666666666667,True,295.0,230.0
2022-113,2022,113,Jessi,Goldstein,Jessi Goldstein,F,51,MILL VALLEY,CA,USA,1790.65,True,296.0,66.0
2022-387,2022,387,Phei Sunn,Sim,Phei Sunn Sim,F,46,Singapore,SGP,SGP,1791.0333333333333,True,297.0,67.0
2022-122,2022,122,Tara,Chahl,Tara Chahl,F,45,Edmonton,AB,CAN,1791.1166666666666,True,298.0,68.0
2022-223,2022,223,Brian,Jones,Brian Jones,M,37,PROSPER,TX,USA,1792.65,True,299.0,231.0
2022-271,2022,271,Joe,Marson,Joe Marson,M,34,Windsor,CA,USA,1792.8666666666666,True,300.0,232.0
2022-73,2022,73,Markus,Baumgartner,Markus Baumgartner,M,48,Westerville,OH,USA,1793.1833333333334,True,301.0,233.0
2022-406,2022,406,Randy,Van Dusen,Randy Van Dusen,M,47,Granite Bay,CA,USA,1793.5833333333333,True,302.0,234.0
2022-138,2022,138,Benjamin,Coon,Benjamin Coon,M,45,Westminster,CO,USA,1794.0666666666666,True,303.0,235.0
2022-83,2022,83,Ninette,Banoun,Ninette Banoun,F,57,Oslo,NOR,NOR,1795.5166666666667,True,304.0,69.0
2022-360,2022,360,Andrzej,Ulatowski,Andrzej Ulatowski,M,50,Torun,,POL,1795.8,True,305.0,236.0
2022-322,2022,322,Jennifer,Shultis,Jennifer Shultis,F,53,Kingston,WA,USA,,False,,
2022-178,2022,178,Andrea,Gautschi,Andrea Gautschi,F,50,Lotus,CA,USA,,False,,
2022-67,2022,67,Jim,Howard,Jim Howard,M,67,Applegate,CA,USA,,False,,
2022-90,2022,90,Danna,Baxley,Danna Baxley,F,41,Frankfort,KY,USA,,False,,
2022-299,2022,299,Carlos,Panama,Carlos Panama,M,43,San Salvador,SLV,SLV,,False,,
2022-95,2022,95,Maria,Barton,Maria Barton,F,56,Apple Valley,MN,USA,,False,,
2022-96,2022,96,Jeff,Brown,Jeff Brown,M,49,Truckee,CA,USA,,False,,
2022-141,2022,141,Mike,Dalton,Mike Dalton,M,51,Marietta,GA,USA,,False,,
2022-277,2022,277,Jeff,Merrell,Jeff Merrell,M,55,Chico,CA,USA,,False,,
2022-35,2022,35,Jared,Hazen,Jared Hazen,M,27,Flagstaff,AZ,USA,,False,,
2022-436,2022,436,Mike,Grimm,Mike Grimm,M,62,Los Altos Hills,CA,USA,,False,,
2022-43,2022,43,S√©bastien,Spehler,S√©bastien Spehler,M,34,Masevaux,FRA,FRA,,False,,
2022-307,2022,307,Zoe,Rom,Zoe Rom,F,28,Carbondale,CO,USA,,False,,
2022-71,2022,71,Christopher,Bronson,Christopher Bronson,M,50,Cerritos,CA,USA,,False,,
2022-76,2022,76,Joanna,Duran,Joanna Duran,F,45,Bristow,VA,USA,,False,,
2022-203,2022,203,Matthew,Himel,Matthew Himel,M,31,Talladega,AL,USA,,False,,
2022-396,2022,396,Paul,Grimes,Paul Grimes,M,47,Loomis,CA,USA,,False,,
2022-252,2022,252,Dane,Leblanc,Dane Leblanc,M,64,San Antonio Tlayacapan,MA,MEX,,False,,
2022-364,2022,364,Mike,Vergara,Mike Vergara,M,45,Littleton,CO,USA,,False,,
2022-172,2022,172,J√ºrgen,Stark,J√ºrgen Stark,M,39,Sonneberg,DEU,DEU,,False,,
2022-176,2022,176,Jessica,Garcia,Jessica Garcia,F,36,Janesville,WI,USA,,False,,
2022-116,2022,116,Magdalena,Casper-Shipp,Magdalena Casper-Shipp,F,36,Catlin,IL,USA,,False,,
2022-258,2022,258,Erno,Lindner,Erno Lindner,M,45,Signal Mountain,TN,USA,,False,,
2022-216,2022,216,Dean,Israel,Dean Israel,M,45,Lane Cove,AUS,AUS,,False,,
2022-376,2022,376,Aryn,Yancher,Aryn Yancher,F,36,South Lake Tahoe,CA,USA,,False,,
2022-332,2022,332,Daniele,Sperotto,Daniele Sperotto,M,41,Piovene Rocchette,ITA,ITA,,False,,
2022-184,2022,184,Tom,Golembeski,Tom Golembeski,M,48,West Hartford,CT,USA,,False,,
2022-392,2022,392,Renee,Stevens,Renee Stevens,F,54,Tucson,AZ,USA,,False,,
2022-339,2022,339,Jonathan,Strack,Jonathan Strack,M,41,Elk Grove,CA,USA,,False,,
2022-214,2022,214,Jonathan,Hunter,Jonathan Hunter,M,41,San Diego,CA,USA,,False,,
2022-275,2022,275,Justin,Mclamb,Justin Mclamb,M,39,Goldsboro,NC,USA,,False,,
2022-304,2022,304,Jeffrey,Ramos,Jeffrey Ramos,M,59,Folsom,CA,USA,,False,,
2022-119,2022,119,Michael,Arcidiacono,Michael Arcidiacono,M,35,Charlotte,NC,USA,,False,,
2022-295,2022,295,Brendan,O'Donnell,Brendan O'Donnell,M,43,Half Moon Bay,CA,USA,,False,,
2022-334,2022,334,Alaina,Star,Alaina Star,F,33,Sacramento,CA,USA,,False,,
2022-399,2022,399,Albert,Frederick,Albert Frederick,M,51,Mountlake Terrace,WA,USA,,False,,
2022-F9,2022,F9,Keely,Henninger,Keely Henninger,F,30,Portland,OR,USA,,False,,
2022-377,2022,377,Caleb,Yawn,Caleb Yawn,M,30,Macon,GA,USA,,False,,
2022-75,2022,75,Troy,Lethlean,Troy Lethlean,M,47,Palm Beach,AUS,AUS,,False,,
2022-314,2022,314,Kurt,Rider,Kurt Rider,M,27,HAMILTON,AUS,AUS,,False,,
2022-369,2022,369,Jason,Ward,Jason Ward,M,37,Kula,HI,USA,,False,,
2022-66,2022,66,Paulo,Aguilar,Paulo Aguilar,M,40,Encino,CA,USA,,False,,
2022-114,2022,114,Kelly,Haston,Kelly Haston,F,51,Toronto,ON,CAN,,False,,
2022-345,2022,345,John,Taulborg,John Taulborg,M,51,Council Bluffs,IA,USA,,False,,
2022-177,2022,177,Vincent,Gauthier,Vincent Gauthier,M,36,St-Zotique,QC,CAN,,False,,
2022-311,2022,311,Caleb,Armstrong,Caleb Armstrong,M,27,Auburn,CA,USA,,False,,
2022-145,2022,145,Natasha,Daniels,Natasha Daniels,F,52,Folsom,CA,USA,,False,,
2022-170,2022,170,Tyler,Ford,Tyler Ford,M,53,Tucson,AZ,USA,,False,,
2022-133,2022,133,Jason,Koomen,Jason Koomen,M,46,Findlay,OH,USA,,False,,
2022-117,2022,117,Lorelei,Phillips,Lorelei Phillips,F,51,Medford,OR,USA,,False,,
2022-341,2022,341,Sullivan,Summer,Sullivan Summer,F,44,New York,NY,USA,,False,,
2022-419,2022,419,Kunal,Yadav,Kunal Yadav,M,38,London,GBR,GB,,False,,
2022-227,2022,227,Behnam,Kamrani,Behnam Kamrani,M,47,San Francisco,CA,USA,,False,,
2022-112,2022,112,Kent,Buhler,Kent Buhler,M,56,Wilmington,NC,USA,,False,,
2022-120,2022,120,Jordan,Collins,Jordan Collins,M,31,Atascadero,CA,USA,,False,,
2022-68,2022,68,Carly,Koerner,Carly Koerner,F,40,ASHLAND,OR,USA,,False,,
2022-365,2022,365,Chris,Vidmar,Chris Vidmar,M,35,Eagle Mountain,UT,USA,,False,,
2022-235,2022,235,Bruce,Knowlton,Bruce Knowlton,M,70,Bend,OR,USA,,False,,
2022-228,2022,228,Tom,Kaplan,Tom Kaplan,M,60,New Paltz,NY,USA,,False,,
2022-290,2022,290,Kevin,Murdock,Kevin Murdock,M,55,Rostrevor,IRL,IRL,,False,,
2022-64,2022,64,Bruce,Cyra,Bruce Cyra,M,64,Vashon Island,WA,USA,,False,,
2022-220,2022,220,Todd,Larsen,Todd Larsen,M,51,Sacramento,CA,USA,,False,,
2022-165,2022,165,Benjamin,Fiandaca,Benjamin Fiandaca,M,45,Peterborough,NH,USA,,False,,
2022-263,2022,263,Kristin,Lundy,Kristin Lundy,F,52,Charlotte,VT,USA,,False,,
2022-325,2022,325,Elijah,Slate,Elijah Slate,M,45,Austin,TX,USA,,False,,
2022-37,2022,37,Lucy,Bartholomew,Lucy Bartholomew,F,26,Melbourne,AUS,AUS,,False,,
2022-355,2022,355,Scott,Towle,Scott Towle,M,44,Round rock,TX,USA,,False,,
2022-208,2022,208,Greg,Houser,Greg Houser,M,53,Salem,OR,USA,,False,,
2022-106,2022,106,Simon,Brown,Simon Brown,M,42,Cheltenham,GBR,GBR,,False,,
2022-111,2022,111,Bob,McTavish,Bob McTavish,M,65,Roseville,CA,USA,,False,,
2022-272,2022,272,Leonard,Martin,Leonard Martin,M,69,Oak Ridge,TN,USA,,False,,
2022-189,2022,189,Jennifer,Hamburg,Jennifer Hamburg,F,50,Granite Bay,CA,USA,,False,,
2022-212,2022,212,Karen,Lozano,Karen Lozano,F,63,Modesto,CA,USA,,False,,
2022-52,2022,52,Robert,Myers,Robert Myers,M,52,Auburn,CA,USA,,False,,
2022-153,2022,153,Laurel,DeVore,Laurel DeVore,F,33,Superior,CO,USA,,False,,
2022-267,2022,267,Tom,Mangan,Tom Mangan,M,55,Pittsburgh,PA,USA,,False,,
2022-243,2022,243,Henning,Lauridsen,Henning Lauridsen,M,53,Oesteraas,NOR,NOR,,False,,
2022-18,2022,18,Tessa,Chesser,Tessa Chesser,F,35,Flagstaff,AZ,USA,,False,,
2023-14,2023,14,Tom,Evans,Tom Evans,M,31,Loughborough,Leicestershire,GBR,880.3666666666667,True,1.0,1.0
2023-M4,2023,M4,Tyler,Green,Tyler Green,M,39,Portland,OR,USA,904.15,True,2.0,2.0
2023-33,2023,33,Anthony,Costales,Anthony Costales,M,34,Salt Lake City,UT,USA,909.2666666666667,True,3.0,3.0
2023-39,2023,39,Jiasheng,Shen,Jiasheng Shen,M,28,Kunming,CHN,CHN,919.7,True,4.0,4.0
2023-29,2023,29,Daniel,Jones,Daniel Jones,M,32,Wellington,,NZL,922.25,True,5.0,5.0
2023-23,2023,23,Courtney,Dauwalter,Courtney Dauwalter,F,38,Leadville,CO,USA,929.55,True,6.0,1.0
2023-13,2023,13,Mathieu,Blanchard,Mathieu Blanchard,M,35,Les Deux Alpes,,FRA,937.0333333333333,True,7.0,6.0
2023-30,2023,30,Ryan,Montgomery,Ryan Montgomery,M,29,Wanship,UT,USA,938.5833333333334,True,8.0,7.0
2023-25,2023,25,Jeffrey,Colt,Jeffrey Colt,M,32,Carbondale,CO,USA,942.15,True,9.0,8.0
2023-37,2023,37,Cole,Watson,Cole Watson,M,31,Rancho Cordova,CA,USA,954.6,True,10.0,9.0
2023-34,2023,34,Janosch,Kowalczyk,Janosch Kowalczyk,M,32,Stuttgart,Baden-Wuerttemberg,DEU,969.3166666666667,True,11.0,10.0
2023-43,2023,43,Rod,Farvard,Rod Farvard,M,27,Mammoth Lakes,CA,USA,975.9166666666666,True,12.0,11.0
2023-M6,2023,M6,Ludovic,Pommeret,Ludovic Pommeret,M,47,Prevessin,FRA,FRA,981.9,True,13.0,12.0
2023-M3,2023,M3,Arlen,Glick,Arlen Glick,M,30,Massillon,OH,USA,997.25,True,14.0,13.0
2023-18,2023,18,Jonathan,Rea,Jonathan Rea,M,31,Boulder,CO,USA,998.55,True,15.0,14.0
2023-M10,2023,M10,Scott,Traer,Scott Traer,M,42,Woburn,MA,USA,1000.8,True,16.0,15.0
2023-11,2023,11,Katie,Schide,Katie Schide,F,31,Gardiner,ME,USA,1003.75,True,17.0,2.0
2023-M9,2023,M9,Cody,Lind,Cody Lind,M,28,Challis,ID,USA,1015.3666666666667,True,18.0,16.0
2023-17,2023,17,Dakota,Jones,Dakota Jones,M,32,Salt Lake City,UT,USA,1020.6333333333333,True,19.0,17.0
2023-12,2023,12,Eszter,Csillag,Eszter Csillag,F,38,Hong Kong,Hong Kong Island,HUN,1027.9166666666667,True,20.0,3.0
2023-26,2023,26,J.P.,Giblin,J.P. Giblin,M,28,Boulder,CO,USA,1035.0333333333333,True,21.0,18.0
2023-F9,2023,F9,Katie,Asmuth,Katie Asmuth,F,37,Mammoth Lakes,CA,USA,1041.1,True,22.0,4.0
2023-22,2023,22,Canhua,Luo,Canhua Luo,M,30,Lijiang,CHN,CHN,1043.2333333333333,True,23.0,19.0
2023-F5,2023,F5,Emily,Hawgood,Emily Hawgood,F,28,Beatrice,ZWE,ZWE,1046.3666666666666,True,24.0,5.0
2023-F7,2023,F7,Taylor,Nowlin,Taylor Nowlin,F,32,Spokane,WA,USA,1060.1833333333334,True,25.0,6.0
2023-35,2023,35,Ida,Nilsson,Ida Nilsson,F,42,Kalmar,SWE,SWE,1063.5666666666666,True,26.0,7.0
2023-36,2023,36,Priscilla,Forgie,Priscilla Forgie,F,32,Edmonton,AB,CAN,1066.5666666666666,True,27.0,8.0
2023-F6,2023,F6,Leah,Yingling,Leah Yingling,F,32,Salt Lake City,UT,USA,1069.0,True,28.0,9.0
2023-32,2023,32,Meghan,Morgan,Meghan Morgan,F,25,Boulder,CO,USA,1091.5333333333333,True,29.0,10.0
2023-38,2023,38,Adam,Merry,Adam Merry,M,32,Boulder,CO,USA,1108.5833333333333,True,30.0,20.0
2023-19,2023,19,Jenny,Quilty,Jenny Quilty,F,34,Abbotsford,BC,CAN,1129.2166666666667,True,31.0,11.0
2023-81,2023,81,Christopher,Schurk,Christopher Schurk,M,42,Boulder,CO,USA,1137.5166666666667,True,32.0,21.0
2023-275,2023,275,Benjamin,Cook,Benjamin Cook,M,42,Flagstaff,AZ,USA,1159.8333333333333,True,33.0,22.0
2023-227,2023,227,Jordan,Chang,Jordan Chang,M,36,Blacksburg,VA,USA,1166.7,True,34.0,23.0
2023-46,2023,46,Kaci,Lickteig,Kaci Lickteig,F,36,Omaha,NE,USA,1187.1,True,35.0,12.0
2023-87,2023,87,Reed,Breuer,Reed Breuer,M,30,Folsom,CA,USA,1194.2833333333333,True,36.0,24.0
2023-28,2023,28,Stephanie,Auston,Stephanie Auston,F,32,Cooranbong,,AUS,1198.1333333333334,True,37.0,13.0
2023-89,2023,89,Thomas,Wagner,Thomas Wagner,M,44,Graz,AUT,AUT,1203.8666666666666,True,38.0,25.0
2023-71,2023,71,Tomokazu,Ihara,Tomokazu Ihara,M,45,Takao,JPN,JPN,1219.9833333333333,True,39.0,26.0
2023-132,2023,132,Hans,Van Zanten,Hans Van Zanten,M,49,Kansas City,MO,USA,1231.8333333333333,True,40.0,27.0
2023-M8,2023,M8,Alex,Nichols,Alex Nichols,M,38,Manitou Springs,CO,USA,1233.1666666666667,True,41.0,28.0
2023-102,2023,102,Dennis,Boic,Dennis Boic,M,47,Redding,CA,USA,1257.6166666666666,True,42.0,29.0
2023-16,2023,16,Riley,Brady,Riley Brady,F,28,Boulder,CO,USA,1259.0333333333333,True,43.0,14.0
2023-394,2023,394,Mack,Robertson,Mack Robertson,M,33,Portland,OR,USA,1263.5,True,44.0,30.0
2023-45,2023,45,Ryan,Kaiser,Ryan Kaiser,M,44,Bend,OR,USA,1267.6333333333334,True,45.0,31.0
2023-414,2023,414,Christine,Mosley,Christine Mosley,F,38,Issaquah,WA,USA,1270.6,True,46.0,15.0
2023-70,2023,70,Jadd,Martinez,Jadd Martinez,M,41,Arroyo Grande,CA,USA,1271.7666666666667,True,47.0,32.0
2023-118,2023,118,David,Wilkins,David Wilkins,M,38,Truckee,CA,USA,1280.9833333333333,True,48.0,33.0
2023-216,2023,216,Ken,Zemach,Ken Zemach,M,54,Reno,NV,USA,1284.5833333333333,True,49.0,34.0
2023-351,2023,351,Eli,White,Eli White,M,32,SALT LAKE CITY,UT,USA,1292.2,True,50.0,35.0
2023-170,2023,170,Denver,Armstrong,Denver Armstrong,M,42,Kings Beach,CA,USA,1306.3666666666666,True,51.0,36.0
2023-147,2023,147,Cristian,Bilegan,Cristian Bilegan,M,41,Bistrita,BistritaNasaud,ROU,1308.1666666666667,True,52.0,37.0
2023-274,2023,274,Samuel,Cohen,Samuel Cohen,M,26,Washington,DC,USA,1311.2,True,53.0,38.0
2023-376,2023,376,Alistair,Watson,Alistair Watson,M,39,London,GBR,GBR,1318.85,True,54.0,39.0
2023-194,2023,194,Matthew,Hunsucker,Matthew Hunsucker,M,42,Wheat Ridge,CO,USA,1323.1666666666667,True,55.0,40.0
2023-130,2023,130,Filippo,Canetta,Filippo Canetta,M,51,Milano,ITA,ITA,1324.15,True,56.0,41.0
2023-169,2023,169,Andrew,Bainbridge,Andrew Bainbridge,M,30,Mountain View,CO,USA,1325.6,True,57.0,42.0
2023-328,2023,328,Brian,Robbins,Brian Robbins,M,42,American Fork,UT,USA,1325.9,True,58.0,43.0
2023-109,2023,109,Will,Olsen,Will Olsen,M,35,Mount Shasta,CA,USA,1330.45,True,59.0,44.0
2023-400,2023,400,Tyler,Burke,Tyler Burke,M,38,Thousand Oaks,CA,USA,1336.75,True,60.0,45.0
2023-183,2023,183,Tomas,Amneskog,Tomas Amneskog,M,50,Hisings Karra,SWE,SWE,1347.0166666666667,True,61.0,46.0
2023-208,2023,208,Denis,Cook,Denis Cook,M,40,Ketchum,ID,USA,1349.05,True,62.0,47.0
2023-214,2023,214,Hiroyasu,Tanaka,Hiroyasu Tanaka,M,49,Kawasaki-shi,JPN,JPN,1356.7333333333333,True,63.0,48.0
2023-418,2023,418,Paul,Broyer,Paul Broyer,M,37,Sacramento,CA,USA,1361.3666666666666,True,64.0,49.0
2023-369,2023,369,Coree,Woltering,Coree Woltering,M,33,Chattanooga,TN,USA,1362.15,True,65.0,50.0
2023-92,2023,92,Christopher,Eveland,Christopher Eveland,M,48,Nashville,TN,USA,1365.1,True,66.0,51.0
2023-129,2023,129,Daniel,Kilgore,Daniel Kilgore,M,43,Newbury Park,CA,USA,1365.6666666666667,True,67.0,52.0
2023-362,2023,362,Sean,Ranney,Sean Ranney,M,45,Carmichael,CA,USA,1366.4,True,68.0,53.0
2023-124,2023,124,Nick,Gonzalez,Nick Gonzalez,M,33,Auburn,CA,USA,1366.4,True,69.0,54.0
2023-404,2023,404,Maria,Steinhauser,Maria Steinhauser,F,40,Fair Oaks,CA,USA,1368.75,True,70.0,16.0
2023-384,2023,384,Joseph,Bouchey,Joseph Bouchey,M,34,Las Vegas,NV,USA,1372.8666666666666,True,71.0,55.0
2023-301,2023,301,Clinton,Keller,Clinton Keller,M,38,Tracy,CA,USA,1374.4166666666667,True,72.0,56.0
2023-307,2023,307,Jeff,Kozak,Jeff Kozak,M,49,Bishop,CA,USA,1381.3,True,73.0,57.0
2023-325,2023,325,Luke,Pryor,Luke Pryor,M,42,Balmoral Ridge,AUS,AUS,1382.3833333333334,True,74.0,58.0
2023-60,2023,60,Jordi,Moncada,Jordi Moncada,M,47,Woodside,CA,USA,1386.0666666666666,True,75.0,59.0
2023-188,2023,188,Brett,Waters,Brett Waters,M,35,LONDON,London,GBR,1386.2166666666667,True,76.0,60.0
2023-371,2023,371,Kyle,Fulmer,Kyle Fulmer,M,42,Boulder,CO,USA,1388.3666666666666,True,77.0,61.0
2023-364,2023,364,Jaclyn,Foroughi,Jaclyn Foroughi,F,43,Truckee,CA,USA,1389.5333333333333,True,78.0,17.0
2023-248,2023,248,Dan,Barger,Dan Barger,M,57,Steamboat Springs,CO,USA,1390.1333333333334,True,79.0,62.0
2023-197,2023,197,Benjamin,Atkins,Benjamin Atkins,M,50,Westlake Village,CA,USA,1392.9833333333333,True,80.0,63.0
2023-342,2023,342,Oleg,Tabelev,Oleg Tabelev,M,57,Calgary,AB,CAN,1394.2833333333333,True,81.0,64.0
2023-297,2023,297,Doug,Howson,Doug Howson,M,38,Cochrane,AB,CAN,1398.8833333333334,True,82.0,65.0
2023-323,2023,323,Sebastien,Picard,Sebastien Picard,M,44,Ottrott,FRA,FRA,1399.3833333333334,True,83.0,66.0
2023-298,2023,298,Lauren,Jones,Lauren Jones,F,40,Atlanta,GA,USA,1399.9166666666667,True,84.0,18.0
2023-50,2023,50,Becki Lynn,Bauer,Becki Lynn Bauer,F,45,Littleton,CO,USA,1403.5833333333333,True,85.0,19.0
2023-293,2023,293,Kyle,Grady,Kyle Grady,M,49,Memphis,TN,USA,1405.0333333333333,True,86.0,67.0
2023-79,2023,79,Isaiah,Ford,Isaiah Ford,M,36,Phoenix,AZ,USA,1410.65,True,87.0,68.0
2023-68,2023,68,Chad,Lasater,Chad Lasater,M,51,Sugar Land,TX,USA,1413.0666666666666,True,88.0,69.0
2023-155,2023,155,Orestes Pat,Hastings,Orestes Pat Hastings,M,38,Fort Collins,CO,USA,1413.6166666666666,True,89.0,70.0
2023-337,2023,337,Keith,Shaw,Keith Shaw,M,42,Wantage,GBR,GBR,1414.3333333333333,True,90.0,71.0
2023-164,2023,164,Brian,Dugovich,Brian Dugovich,M,41,Bozeman,MT,USA,1414.8833333333334,True,91.0,72.0
2023-182,2023,182,Dmitry,Zadvornykh,Dmitry Zadvornykh,M,41,Prior Lake,MN,USA,1415.8333333333333,True,92.0,73.0
2023-253,2023,253,Zachary,Bates,Zachary Bates,M,21,Lakeside,AZ,USA,1417.65,True,93.0,74.0
2023-320,2023,320,John,O'Shea,John O'Shea,M,41,Salt Lake City,UT,USA,1418.05,True,94.0,75.0
2023-295,2023,295,Ryan,Hamdorff,Ryan Hamdorff,M,38,Ladson,SC,USA,1418.5166666666667,True,95.0,76.0
2023-237,2023,237,Andrew,Readinger,Andrew Readinger,M,39,Fort Worth,TX,USA,1418.9,True,96.0,77.0
2023-236,2023,236,Allison,Hartz,Allison Hartz,F,39,Bend,OR,USA,1419.1166666666666,True,97.0,20.0
2023-308,2023,308,Caleb,Kruse,Caleb Kruse,M,31,Berkeley,CA,USA,1420.4833333333333,True,98.0,78.0
2023-156,2023,156,Charmaine,Horsfall,Charmaine Horsfall,F,46,Leeds,GBR,GBR,1420.8,True,99.0,21.0
2023-220,2023,220,Peter,Brennen,Peter Brennen,M,38,Golden,CO,USA,1425.3666666666666,True,100.0,79.0
2023-20,2023,20,Wenfei,Xie,Wenfei Xie,F,41,Guangzhou,CHN,CHN,1426.65,True,101.0,22.0
2023-121,2023,121,Jacob,Huston,Jacob Huston,M,30,Auburn,CA,USA,1427.5333333333333,True,102.0,80.0
2023-424,2023,424,Andrew,Kleinke,Andrew Kleinke,M,41,San Diego,CA,USA,1427.6,True,103.0,81.0
2023-252,2023,252,Tim,Owen,Tim Owen,M,33,Buckingham,GBR,GBR,1428.9166666666667,True,104.0,82.0
2023-315,2023,315,Travis,Mattern,Travis Mattern,M,48,Steamboat Springs,CO,USA,1428.9333333333334,True,105.0,83.0
2023-262,2023,262,Tod,Bachman,Tod Bachman,M,50,Missoula,MT,USA,1431.8,True,106.0,84.0
2023-305,2023,305,Daniel,Kono,Daniel Kono,M,54,Berkeley,CA,USA,1432.35,True,107.0,85.0
2023-282,2023,282,Mina,Ebrahem,Mina Ebrahem,M,34,Abo korkas,El minia,EGY,1433.2333333333333,True,108.0,86.0
2023-283,2023,283,Caleb,Efta,Caleb Efta,M,33,Buena Vista,CO,USA,1436.3333333333333,True,109.0,87.0
2023-27,2023,27,Nancy,Jiang,Nancy Jiang,F,32,Stoke,Nelson,NZL,1437.3666666666666,True,110.0,23.0
2023-373,2023,373,Katsutoshi,Saijo,Katsutoshi Saijo,M,49,Yokohama,JPN,JPN,1454.9166666666667,True,111.0,88.0
2023-215,2023,215,Doug,Oatis,Doug Oatis,M,42,Denver,CO,USA,1473.0,True,112.0,89.0
2023-272,2023,272,Alexander,Chervyakov,Alexander Chervyakov,M,37,Krasnoyarsk,RUS,RUS,1482.9833333333333,True,113.0,90.0
2023-266,2023,266,Jakob,Bokman,Jakob Bokman,M,55,Enskede,SWE,SWE,1486.8333333333333,True,114.0,91.0
2023-185,2023,185,Marco,Lui,Marco Lui,M,37,Kamakura,JPN,JPN,1488.45,True,115.0,92.0
2023-144,2023,144,Richard,Benoit,Richard Benoit,M,55,Kingston,WA,USA,1488.6666666666667,True,116.0,93.0
2023-291,2023,291,Scott,Gaiser,Scott Gaiser,M,61,Kalispell,MT,USA,1490.3166666666666,True,117.0,94.0
2023-59,2023,59,Scott,Hoberg,Scott Hoberg,M,45,Duluth,MN,USA,1493.6,True,118.0,95.0
2023-210,2023,210,Dale,Peterson,Dale Peterson,M,51,Snoqualmie,WA,USA,1493.7333333333333,True,119.0,96.0
2023-95,2023,95,Thomas,Camenisch,Thomas Camenisch,M,44,Maennedorf,CHE,CHE,1494.7166666666667,True,120.0,97.0
2023-243,2023,243,Adil,Lakhani,Adil Lakhani,M,36,Chicago,IL,USA,1511.0,True,121.0,98.0
2023-420,2023,420,Tim,Barr,Tim Barr,M,47,Arvada,CO,USA,1512.5666666666666,True,122.0,99.0
2023-242,2023,242,Valerie,Wrenholt,Valerie Wrenholt,F,47,Davidson,NC,USA,1516.5,True,123.0,24.0
2023-327,2023,327,Peter,Samuelson,Peter Samuelson,M,34,Norwood,CO,USA,1517.95,True,124.0,100.0
2023-361,2023,361,Tyler,Peterson,Tyler Peterson,M,41,Satellite Beach,FL,USA,1524.7333333333333,True,125.0,101.0
2023-166,2023,166,Eric,Hong,Eric Hong,M,32,Collingwood,ON,CAN,1529.15,True,126.0,102.0
2023-244,2023,244,Sean,Meehan,Sean Meehan,M,43,Canton,CT,USA,1529.6666666666667,True,127.0,103.0
2023-51,2023,51,James,Keller,James Keller,M,51,Reno,NV,USA,1533.1333333333334,True,128.0,104.0
2023-387,2023,387,German,Garcia,German Garcia,M,44,Flint,TX,USA,1538.9666666666667,True,129.0,105.0
2023-370,2023,370,Sara,Rondorf,Sara Rondorf,F,45,Andover,MN,USA,1544.0166666666667,True,130.0,25.0
2023-313,2023,313,Kelly,Macdonald,Kelly Macdonald,F,34,Tacoma,WA,USA,1545.65,True,131.0,26.0
2023-99,2023,99,Casey,Parks,Casey Parks,M,40,Auburn,CA,USA,1551.5,True,132.0,106.0
2023-157,2023,157,Max,Kam,Max Kam,M,37,San Rafael,CA,USA,1559.6,True,133.0,107.0
2023-318,2023,318,Jamie,Nott,Jamie Nott,M,48,Calgary,AB,CAN,1562.0333333333333,True,134.0,108.0
2023-175,2023,175,Richard,Thomason,Richard Thomason,M,46,Cape Town,ZAF,ZAF,1562.1833333333334,True,135.0,109.0
2023-366,2023,366,Brian,Klug,Brian Klug,M,43,St Cloud,MN,USA,1562.7833333333333,True,136.0,110.0
2023-189,2023,189,Kevin,Jordan,Kevin Jordan,M,46,Arlington,VA,USA,1568.2166666666667,True,137.0,111.0
2023-380,2023,380,Sophia,Farnsworth,Sophia Farnsworth,F,28,Stow,MA,USA,1570.55,True,138.0,27.0
2023-289,2023,289,Stephen,Foster,Stephen Foster,M,53,Webb City,MO,USA,1573.4833333333333,True,139.0,112.0
2023-385,2023,385,Jonathan,Clinthorne,Jonathan Clinthorne,M,36,Lakewood,CO,USA,1575.2833333333333,True,140.0,113.0
2023-393,2023,393,Reginald,White,Reginald White,M,41,Auburn,CA,USA,1578.1166666666666,True,141.0,114.0
2023-103,2023,103,Garett,Carolus,Garett Carolus,M,58,Leesburg,IN,USA,1581.9333333333334,True,142.0,115.0
2023-303,2023,303,Bill,Kish,Bill Kish,M,48,Auburn,CA,USA,1586.6833333333334,True,143.0,116.0
2023-148,2023,148,Vincent,Page,Vincent Page,M,47,Newbury,Berkshire,GBR,1589.9166666666667,True,144.0,117.0
2023-444,2023,444,Jacquelyn,Kraft,Jacquelyn Kraft,F,39,Roseville,CA,USA,1593.8166666666666,True,145.0,28.0
2023-302,2023,302,Dan,Kelley,Dan Kelley,M,45,Waban,MA,USA,1594.8166666666666,True,146.0,118.0
2023-219,2023,219,Alex,Francisco,Alex Francisco,M,33,KANSAS CITY,MO,USA,1596.4333333333334,True,147.0,119.0
2023-265,2023,265,Todd,Bertolone,Todd Bertolone,M,60,Santa Rosa,CA,USA,1598.4166666666667,True,148.0,120.0
2023-145,2023,145,Mandie,Holmes,Mandie Holmes,F,37,Los Gatos,CA,USA,1603.3166666666666,True,149.0,29.0
2023-53,2023,53,Scott,Vosburg,Scott Vosburg,M,53,Rocklin,CA,USA,1604.0333333333333,True,150.0,121.0
2023-204,2023,204,Martin,Heimbeck,Martin Heimbeck,M,40,Huntsville,AL,USA,1606.9,True,151.0,122.0
2023-116,2023,116,Thomas,Watson,Thomas Watson,M,35,Auckland,NZL,NZL,1610.1166666666666,True,152.0,123.0
2023-279,2023,279,Nathan,Dib,Nathan Dib,M,46,Porter Ranch,CA,USA,1612.85,True,153.0,124.0
2023-235,2023,235,Greg,Newman,Greg Newman,M,47,Golden,CO,USA,1615.1666666666667,True,154.0,125.0
2023-280,2023,280,Guy,Doiron,Guy Doiron,M,48,Ottawa,ON,CAN,1616.1333333333334,True,155.0,126.0
2023-338,2023,338,Ohnmar,Shin,Ohnmar Shin,F,50,Carmichael,CA,USA,1619.2666666666667,True,156.0,30.0
2023-98,2023,98,Steven,Andersson,Steven Andersson,M,47,Stillwater,MN,USA,1619.6,True,157.0,127.0
2023-225,2023,225,Angela,Greynolds,Angela Greynolds,F,39,Oro Valley,AZ,USA,1620.1333333333334,True,158.0,31.0
2023-143,2023,143,Jennifer,Hemmen,Jennifer Hemmen,F,51,Fair Oaks,CA,USA,1621.0333333333333,True,159.0,32.0
2023-296,2023,296,David,Kind,David Kind,M,54,Loughborough,GBR,GBR,1622.4,True,160.0,128.0
2023-324,2023,324,Joseph,Pope,Joseph Pope,M,49,Camarillo,CA,USA,1623.2666666666667,True,161.0,129.0
2023-288,2023,288,John,Fegyveresi,John Fegyveresi,M,46,Flagstaff,AZ,USA,1624.9333333333334,True,162.0,130.0
2023-259,2023,259,John,Almeda,John Almeda,M,29,Sacramento,CA,USA,1627.0333333333333,True,163.0,131.0
2023-310,2023,310,Shane,Teragawa,Shane Teragawa,M,47,Antelope,CA,USA,1627.0333333333333,True,164.0,132.0
2023-367,2023,367,Bob,Callahan,Bob Callahan,M,63,San Jose,CA,USA,1627.25,True,165.0,133.0
2023-267,2023,267,Chris,Broadhurst,Chris Broadhurst,M,44,Croydon hills,AUS,AUS,1631.9166666666667,True,166.0,134.0
2023-142,2023,142,Blair,Howard,Blair Howard,M,39,Brooks,CA,USA,1634.0166666666667,True,167.0,135.0
2023-100,2023,100,Philip,Sanderson,Philip Sanderson,M,55,Mill Valley,CA,USA,1636.1666666666667,True,168.0,136.0
2023-231,2023,231,Michael,Richie,Michael Richie,M,42,Atlanta,GA,USA,1636.7166666666667,True,169.0,137.0
2023-117,2023,117,Casey,Thivierge,Casey Thivierge,M,49,Belle River,ON,CAN,1638.4,True,170.0,138.0
2023-55,2023,55,Gary,Wang,Gary Wang,M,55,Corte Madera,CA,USA,1639.5666666666666,True,171.0,139.0
2023-229,2023,229,Garrett,Peltonen,Garrett Peltonen,M,41,Silver City,NM,USA,1642.0,True,172.0,140.0
2023-360,2023,360,Travis,Bilou,Travis Bilou,M,41,Edmonton,AB,CAN,1645.4,True,173.0,141.0
2023-405,2023,405,Klas,Eklof,Klas Eklof,M,52,Oakland,CA,USA,1647.0833333333333,True,174.0,142.0
2023-207,2023,207,Jesse,Wolfgang,Jesse Wolfgang,M,41,Boonton,NJ,USA,1648.0833333333333,True,175.0,143.0
2023-290,2023,290,Michael,Fitzgerald,Michael Fitzgerald,M,51,Port Royal,PA,USA,1648.2,True,176.0,144.0
2023-91,2023,91,Brian,Corey,Brian Corey,M,56,Ogden,UT,USA,1649.2666666666667,True,177.0,145.0
2023-41,2023,41,Hellah,Sidibe,Hellah Sidibe,M,32,rochelle park,NJ,USA,1649.8833333333334,True,178.0,146.0
2023-180,2023,180,Mackenzie,Koppert,Mackenzie Koppert,M,33,Gold River,CA,USA,1652.2666666666667,True,179.0,147.0
2023-187,2023,187,Jake,Richter,Jake Richter,M,43,Fort Worth,TX,USA,1654.6166666666666,True,180.0,148.0
2023-96,2023,96,Jared,Struck,Jared Struck,M,42,AE,AE,USA,1655.25,True,181.0,149.0
2023-176,2023,176,Dejan,Zibert,Dejan Zibert,M,44,Ljubljana,SVN,SVN,1655.9166666666667,True,182.0,150.0
2023-122,2023,122,Gregory,Lowe,Gregory Lowe,M,59,Ipswich,MA,USA,1656.0333333333333,True,183.0,151.0
2023-114,2023,114,Pierluigi,Lovera,Pierluigi Lovera,M,63,Savigliano,Italy,ITA,1656.2666666666667,True,184.0,152.0
2023-177,2023,177,Donal,Carroll,Donal Carroll,M,56,San Francisco,CA,USA,1656.95,True,185.0,153.0
2023-240,2023,240,Matt,Newton,Matt Newton,M,49,Richland,WA,USA,1657.3,True,186.0,154.0
2023-198,2023,198,Richie,Cunningham,Richie Cunningham,M,48,Pleasant Grove,UT,USA,1657.5833333333333,True,187.0,155.0
2023-171,2023,171,Brent,Konvalin,Brent Konvalin,M,53,Orangevale,CA,USA,1660.0666666666666,True,188.0,156.0
2023-107,2023,107,Scott,Lawrence,Scott Lawrence,M,59,Seattle,WA,USA,1662.3,True,189.0,157.0
2023-151,2023,151,Simone,Ciclitira,Simone Ciclitira,M,45,Como,ITA,ITA,1662.8833333333334,True,190.0,158.0
2023-131,2023,131,Matt,Fletcher,Matt Fletcher,M,56,Salt Lake City,UT,USA,1663.0,True,191.0,159.0
2023-88,2023,88,Victor,Yang,Victor Yang,M,47,Palos Verdes estates,CA,USA,1665.2166666666667,True,192.0,160.0
2023-213,2023,213,Xue,Qian,Xue Qian,F,34,San Jose,CA,USA,1665.3833333333334,True,193.0,33.0
2023-343,2023,343,Luigi,Terzini,Luigi Terzini,M,49,Wildwood,MO,USA,1666.2166666666667,True,194.0,161.0
2023-206,2023,206,Asgeir,Hjorthaug,Asgeir Hjorthaug,M,49,Oslo,NOR,NOR,1666.8333333333333,True,195.0,162.0
2023-239,2023,239,Morgan,Davis,Morgan Davis,F,36,Herrin,IL,USA,1667.5166666666667,True,196.0,34.0
2023-388,2023,388,Robert,Wehner,Robert Wehner,M,60,Hubertus,WI,USA,1668.2,True,197.0,163.0
2023-375,2023,375,Justin,Mayorga,Justin Mayorga,M,32,Cypress,TX,USA,1670.0,True,198.0,164.0
2023-139,2023,139,David,Lam,David Lam,M,38,SAN FRANCISCO,CA,USA,1670.9,True,199.0,165.0
2023-322,2023,322,Brandon,Parker,Brandon Parker,M,41,Lawton,OK,USA,1672.0666666666666,True,200.0,166.0
2023-254,2023,254,Brenda,Blinn,Brenda Blinn,F,56,Angwin,CA,USA,1674.3833333333334,True,201.0,35.0
2023-150,2023,150,Curt,Brey,Curt Brey,M,44,Manitowoc,WI,USA,1680.45,True,202.0,167.0
2023-112,2023,112,Manuel,Alfaro,Manuel Alfaro,M,36,Heredia,CRI,CRI,1682.0,True,203.0,168.0
2023-97,2023,97,Cody,Daily,Cody Daily,M,45,Greenwood,IN,USA,1682.2166666666667,True,204.0,169.0
2023-311,2023,311,Elise,Lagerstrom,Elise Lagerstrom,F,31,Wood Village,OR,USA,1682.9333333333334,True,205.0,36.0
2023-355,2023,355,Jim,Schneiderman,Jim Schneiderman,M,48,Cary,NC,USA,1683.9833333333333,True,206.0,170.0
2023-108,2023,108,Stuart,Cohen,Stuart Cohen,M,39,Arvada,CO,USA,1685.1666666666667,True,207.0,171.0
2023-377,2023,377,Scott,Macintyre,Scott Macintyre,M,46,Mill Valley,CA,USA,1685.3166666666666,True,208.0,172.0
2023-335,2023,335,Kirstin,Scott,Kirstin Scott,F,39,Issaquah,WA,USA,1685.3833333333334,True,209.0,37.0
2023-276,2023,276,Kevin,Davis,Kevin Davis,M,51,Centennial Park,NSW,AUS,1686.35,True,210.0,173.0
2023-172,2023,172,Geoff,Evison,Geoff Evison,M,57,Sydney,AUS,AUS,1687.0333333333333,True,211.0,174.0
2023-374,2023,374,Stefan,Eady,Stefan Eady,M,49,Rome,GA,USA,1687.2166666666667,True,212.0,175.0
2023-316,2023,316,Jason,McCardle,Jason McCardle,M,52,West Sussex,GBR,GBR,1688.3333333333333,True,213.0,176.0
2023-314,2023,314,Fabrice,Perrin,Fabrice Perrin,M,51,Annecy,FRA,FRA,1690.45,True,214.0,177.0
2023-299,2023,299,Kirsten,Kanarr,Kirsten Kanarr,F,32,Davis,CA,USA,1690.5,True,215.0,38.0
2023-163,2023,163,Kok Kwang,Quek,Kok Kwang Quek,M,47,Singapore,SGP,SGP,1697.1,True,216.0,178.0
2023-330,2023,330,Aaron,Saft,Aaron Saft,M,45,Mills River,NC,USA,1697.5833333333333,True,217.0,179.0
2023-184,2023,184,Antonio,Garcia,Antonio Garcia,M,40,Mexico,MEX,MEX,1698.3333333333333,True,218.0,180.0
2023-119,2023,119,Bryan,Mckenney,Bryan Mckenney,M,59,Wylie,TX,USA,1698.8333333333333,True,219.0,181.0
2023-306,2023,306,Matthew,Kotsenas,Matthew Kotsenas,M,36,Seattle,WA,USA,1699.1666666666667,True,220.0,182.0
2023-334,2023,334,Todd,Scott,Todd Scott,M,59,Royal Oak,MI,USA,1700.3166666666666,True,221.0,183.0
2023-167,2023,167,Michael,Van Ryswyck,Michael Van Ryswyck,M,42,Langebaan,Western Cape,ZAF,1701.25,True,222.0,184.0
2023-389,2023,389,Jeff,Calvert,Jeff Calvert,M,58,Port Matilda,PA,USA,1701.5166666666667,True,223.0,185.0
2023-90,2023,90,Kat,Seeba,Kat Seeba,F,32,Jackson,CA,USA,1701.7,True,224.0,39.0
2023-63,2023,63,Greg,Braeger,Greg Braeger,M,50,Colorado Springs,CO,USA,1703.4333333333334,True,225.0,186.0
2023-221,2023,221,Carol,O'Hear,Carol O'Hear,F,48,Burlingame,CA,USA,1703.7833333333333,True,226.0,40.0
2023-152,2023,152,Pierre,Cochou,Pierre Cochou,M,55,NOUMEA,NCL,NCL,1709.0166666666667,True,227.0,187.0
2023-67,2023,67,Stefano,Cassan,Stefano Cassan,M,42,Pordenone,ITA,ITA,1709.3333333333333,True,228.0,188.0
2023-381,2023,381,Itaru,Fujieda,Itaru Fujieda,M,47,Bethesda,MD,USA,1710.25,True,229.0,189.0
2023-386,2023,386,Tim,Crow,Tim Crow,M,58,Stow,OH,USA,1710.7833333333333,True,230.0,190.0
2023-201,2023,201,Chris,Erxleben,Chris Erxleben,M,27,Redmond,OR,USA,1711.0,True,231.0,191.0
2023-286,2023,286,Nick,Eldridge,Nick Eldridge,M,36,Wilsonville,OR,USA,1713.1,True,232.0,192.0
2023-128,2023,128,Eileen,Czabaranek,Eileen Czabaranek,F,38,Colorado Springs,CO,USA,1715.6,True,233.0,41.0
2023-111,2023,111,Geoff,Vaughan,Geoff Vaughan,M,58,Corte Madera,CA,USA,1715.7333333333333,True,234.0,193.0
2023-64,2023,64,Mansour,Monem,Mansour Monem,M,64,carmichael,CA,USA,1716.6666666666667,True,235.0,194.0
2023-153,2023,153,Zach,Hanna,Zach Hanna,M,46,Orange Park,FL,USA,1717.2666666666667,True,236.0,195.0
2023-278,2023,278,Maia,Detmer,Maia Detmer,F,41,Las Vegas,NV,USA,1717.8666666666666,True,237.0,42.0
2023-211,2023,211,Mark,Beggs,Mark Beggs,M,49,Birmingham,AL,USA,1718.3333333333333,True,238.0,196.0
2023-234,2023,234,Matt,Hagen,Matt Hagen,M,52,Seattle,WA,USA,1718.8666666666666,True,239.0,197.0
2023-56,2023,56,Scott,Fischel,Scott Fischel,M,56,Solana Beach,CA,USA,1719.1333333333334,True,240.0,198.0
2023-251,2023,251,Rosendo,Caballero,Rosendo Caballero,M,48,Phoenix,AZ,USA,1719.85,True,241.0,199.0
2023-271,2023,271,Darren,Chalk,Darren Chalk,M,51,Exeter,GBR,GBR,1719.9666666666667,True,242.0,200.0
2023-249,2023,249,Robert,Dell Angelo,Robert Dell Angelo,M,61,Altadena,CA,USA,1721.65,True,243.0,201.0
2023-292,2023,292,Janelle,Gomez,Janelle Gomez,F,47,Proctor,MN,USA,1722.0,True,244.0,43.0
2023-230,2023,230,Angela,Feldman,Angela Feldman,F,48,Scottsdale,AZ,USA,1722.9666666666667,True,245.0,44.0
2023-160,2023,160,Jennifer,Kenty,Jennifer Kenty,F,41,Medford,MA,USA,1723.6666666666667,True,246.0,45.0
2023-368,2023,368,Joshua,Cromwell,Joshua Cromwell,M,31,Amherst,VA,USA,1723.7666666666667,True,247.0,202.0
2023-196,2023,196,Adam,Foley,Adam Foley,M,43,Wilmington,DE,USA,1725.1833333333334,True,248.0,203.0
2023-203,2023,203,Michael,Medeiros,Michael Medeiros,M,37,west hartford,CT,USA,1726.0166666666667,True,249.0,204.0
2023-224,2023,224,Germano,Cardoso,Germano Cardoso,M,44,Porto,PRT,PRT,1726.85,True,250.0,205.0
2023-309,2023,309,Marcin,Krzysztofik,Marcin Krzysztofik,M,38,Oxford,GBR,GBR,1727.2,True,251.0,206.0
2023-123,2023,123,Amelia,Valinsky-Fillipow,Amelia Valinsky-Fillipow,F,53,Long Beach,CA,USA,1728.7166666666667,True,252.0,46.0
2023-270,2023,270,Brian,Cavanaugh,Brian Cavanaugh,M,42,Grand Rapids,MI,USA,1728.9166666666667,True,253.0,207.0
2023-141,2023,141,Aleksis,Capili,Aleksis Capili,M,45,QUEZON CITY,PHL,PHL,1730.6833333333334,True,254.0,208.0
2023-284,2023,284,Fred,Leach,Fred Leach,M,42,Portola Valley,CA,USA,1730.85,True,255.0,209.0
2023-218,2023,218,Pam,Reed,Pam Reed,F,62,Jackson,WY,USA,1732.8666666666666,True,256.0,47.0
2023-300,2023,300,Owen,Wainhouse,Owen Wainhouse,M,41,Dagenham,GBR,GBR,1733.2,True,257.0,210.0
2023-233,2023,233,Garret,Christensen,Garret Christensen,M,43,Reno,NV,USA,1734.2666666666667,True,258.0,211.0
2023-101,2023,101,Michael,Linscott,Michael Linscott,M,52,Woodinville,WA,USA,1736.8666666666666,True,259.0,212.0
2023-228,2023,228,Wayne,Pfeffer,Wayne Pfeffer,M,46,Morgan Hill,CA,USA,1737.1333333333334,True,260.0,213.0
2023-277,2023,277,Heather,Davis,Heather Davis,F,41,Calgary,AB,CAN,1741.1833333333334,True,261.0,48.0
2023-125,2023,125,Yu-Yen,Mo,Yu-Yen Mo,M,53,San Jose,CA,USA,1741.7666666666667,True,262.0,214.0
2023-140,2023,140,Matthew,Vogel,Matthew Vogel,M,44,Akron,OH,USA,1742.7833333333333,True,263.0,215.0
2023-256,2023,256,Todd,Brown,Todd Brown,M,54,Skokie,IL,USA,1743.7333333333333,True,264.0,216.0
2023-339,2023,339,Bob,Smaltz,Bob Smaltz,M,62,Twinsburg,OH,USA,1744.5,True,265.0,217.0
2023-273,2023,273,Kevin,Chow,Kevin Chow,M,47,San Mateo,CA,USA,1745.1666666666667,True,266.0,218.0
2023-257,2023,257,Rob,Kolb,Rob Kolb,M,55,Jerusalem,,ISR,1746.9833333333333,True,267.0,219.0
2023-57,2023,57,Matt,Crain,Matt Crain,M,57,Carterville,IL,USA,1748.1333333333334,True,268.0,220.0
2023-232,2023,232,Darrel,Folkert,Darrel Folkert,M,53,Redondo Beach,CA,USA,1749.2166666666667,True,269.0,221.0
2023-69,2023,69,Jonathon,Amlung,Jonathon Amlung,M,53,Louisville,KY,USA,1749.5833333333333,True,270.0,222.0
2023-192,2023,192,Rhonda,Braun,Rhonda Braun,F,39,Brooklyn,NY,USA,1750.8166666666666,True,271.0,49.0
2023-158,2023,158,Caroline,Barichievich,Caroline Barichievich,F,51,South Lake Tahoe,CA,USA,1751.8,True,272.0,50.0
2023-319,2023,319,Zheng,Liu,Zheng Liu,M,52,San Gabriel,CA,USA,1752.4166666666667,True,273.0,223.0
2023-431,2023,431,Joseph,Pinter,Joseph Pinter,M,49,Gainesville,FL,USA,1753.1833333333334,True,274.0,224.0
2023-193,2023,193,Daniel,Haight,Daniel Haight,M,47,Cincinnati,OH,USA,1753.6666666666667,True,275.0,225.0
2023-336,2023,336,Sarah,Scozzaro,Sarah Scozzaro,F,44,Sequim,WA,USA,1754.4666666666667,True,276.0,51.0
2023-93,2023,93,Jean-Paul,Lavoie,Jean-Paul Lavoie,M,44,Scappoose,OR,USA,1754.85,True,277.0,226.0
2023-83,2023,83,Soon-Chul,Choi,Soon-Chul Choi,M,45,Issaquah,WA,USA,1756.6333333333334,True,278.0,227.0
2023-86,2023,86,Andrea,Kane,Andrea Kane,F,37,Livermore,CA,USA,1756.8666666666666,True,279.0,52.0
2023-281,2023,281,Matthew,Dubois,Matthew Dubois,M,41,Vineyard,UT,USA,1758.5166666666667,True,280.0,228.0
2023-345,2023,345,Jeff,Tomey,Jeff Tomey,M,50,Berkeley Lake,GA,USA,1758.7,True,281.0,229.0
2023-312,2023,312,Ercole,Lugari,Ercole Lugari,M,48,London,GBR,GBR,1759.2666666666667,True,282.0,230.0
2023-190,2023,190,Lisa,Booher,Lisa Booher,F,45,Vestavia Hills,AL,USA,1760.2166666666667,True,283.0,53.0
2023-212,2023,212,Leanne,Rive,Leanne Rive,F,49,Jersey,GBR,GBR,1760.3333333333333,True,284.0,54.0
2023-246,2023,246,Paul,Garcia,Paul Garcia,M,49,Skokie,IL,USA,1761.3833333333334,True,285.0,231.0
2023-401,2023,401,Kelly,Knopp,Kelly Knopp,F,40,morgan hill,CA,USA,1761.65,True,286.0,55.0
2023-205,2023,205,Melissa,Bensted,Melissa Bensted,F,46,Maryborough,Queensland,AUS,1763.0166666666667,True,287.0,56.0
2023-136,2023,136,Olivier,Gendre,Olivier Gendre,M,54,ECOLE,FRA,FRA,1763.0333333333333,True,288.0,232.0
2023-348,2023,348,Tracy,Vogler,Tracy Vogler,M,53,Livermore,CA,USA,1763.2666666666667,True,289.0,233.0
2023-146,2023,146,David,Ivanoff,David Ivanoff,M,53,Sainte-H√©l√®ne-sur-Is√®re,savoie,FRA,1763.7,True,290.0,234.0
2023-110,2023,110,Carolyn,Perrotti Lake,Carolyn Perrotti Lake,F,36,Auburn,CA,USA,1763.9333333333334,True,291.0,57.0
2023-365,2023,365,Jim,Gowland,Jim Gowland,M,52,Valencia,CA,USA,1763.9833333333333,True,292.0,235.0
2023-359,2023,359,Hyun Suk,Jang,Hyun Suk Jang,F,47,Pacifica,CA,USA,1769.45,True,293.0,58.0
2023-357,2023,357,Jason,Patent,Jason Patent,M,55,Albany,CA,USA,1769.55,True,294.0,236.0
2023-352,2023,352,John,Whittaker,John Whittaker,M,47,Hook,GBR,GBR,1769.8,True,295.0,237.0
2023-73,2023,73,Jon,Blankenship,Jon Blankenship,M,50,Columbia Falls,MT,USA,1769.8666666666666,True,296.0,238.0
2023-186,2023,186,William,Jackson,William Jackson,M,60,Neenah,WI,USA,1769.9833333333333,True,297.0,239.0
2023-66,2023,66,Ken,Ward,Ken Ward,M,66,Corvallis,OR,USA,1770.5666666666666,True,298.0,240.0
2023-179,2023,179,David,Ickringill,David Ickringill,M,56,Santa Eularia Del Rio,ESP,ESP,1771.95,True,299.0,241.0
2023-165,2023,165,Ryan,Williams,Ryan Williams,M,44,Houston,TX,USA,1772.5333333333333,True,300.0,242.0
2023-294,2023,294,Elijah,Hall,Elijah Hall,M,50,Sacramento,CA,USA,1772.65,True,301.0,243.0
2023-260,2023,260,Charley,Jones,Charley Jones,M,51,Folsom,CA,USA,1772.85,True,302.0,244.0
2023-223,2023,223,Melissa,Vanni,Melissa Vanni,F,44,Newcastle,CA,USA,1774.3833333333334,True,303.0,59.0
2023-263,2023,263,Elaine,Battson,Elaine Battson,F,57,London,GBR,GBR,1774.75,True,304.0,60.0
2023-209,2023,209,Nathan,Hahn,Nathan Hahn,M,52,San Mateo,CA,USA,1775.0166666666667,True,305.0,245.0
2023-349,2023,349,Ed,Walch,Ed Walch,M,47,Lake St. Louis,MO,USA,1777.7,True,306.0,246.0
2023-268,2023,268,Craig,Bronstein,Craig Bronstein,M,67,La Mirada,CA,USA,1777.9666666666667,True,307.0,247.0
2023-168,2023,168,Ryan,Zmierski,Ryan Zmierski,M,31,Flagstaff,AZ,USA,1778.9666666666667,True,308.0,248.0
2023-191,2023,191,Paul,Reader,Paul Reader,M,58,Reigate,GBR,GBR,1779.6333333333334,True,309.0,249.0
2023-120,2023,120,Susan,Henry,Susan Henry,F,61,Baker City,OR,USA,1779.9833333333333,True,310.0,61.0
2023-333,2023,333,John,Cushma,John Cushma,M,49,Norcross,GA,USA,1780.0666666666666,True,311.0,250.0
2023-269,2023,269,Thomas,Brown,Thomas Brown,M,52,Asheville,NC,USA,1780.2,True,312.0,251.0
2023-329,2023,329,Helen,Rolfe,Helen Rolfe,F,51,Tannum Sands,AUS,AUS,1781.2,True,313.0,62.0
2023-149,2023,149,Anil,Rao,Anil Rao,M,47,Santa Clara,CA,USA,1783.0,True,314.0,252.0
2023-425,2023,425,Jeni,Goodwin,Jeni Goodwin,F,39,Chicago,IL,USA,1783.6666666666667,True,315.0,63.0
2023-104,2023,104,Youa,Buchanan,Youa Buchanan,F,43,Fairoaks,CA,USA,1783.7333333333333,True,316.0,64.0
2023-115,2023,115,Clifford,Matthews,Clifford Matthews,M,60,Albuquerque,NM,USA,1785.2,True,317.0,253.0
2023-350,2023,350,Stephen,Scobie,Stephen Scobie,M,59,New York,NY,USA,1786.65,True,318.0,254.0
2023-346,2023,346,Steve,Troxel,Steve Troxel,M,63,Jackson,TN,USA,1787.2,True,319.0,255.0
2023-397,2023,397,Ben,Dolezal,Ben Dolezal,M,45,Grand Prairie,TX,USA,1788.3666666666666,True,320.0,256.0
2023-304,2023,304,Kristen,Klink,Kristen Klink,F,48,Auburn,CA,USA,1788.8666666666666,True,321.0,65.0
2023-222,2023,222,Derek,Smith,Derek Smith,M,34,Boise,ID,USA,1790.85,True,322.0,257.0
2023-403,2023,403,Maria,Oostra,Maria Oostra,F,49,bloomington,MN,USA,1791.35,True,323.0,66.0
2023-76,2023,76,Kate,Cook,Kate Cook,F,47,Marblehead,MA,USA,1795.1833333333334,True,324.0,67.0
2023-358,2023,358,Brent,Heady,Brent Heady,M,50,Irving,TX,USA,1795.8666666666666,True,325.0,258.0
2023-340,2023,340,Mark,Smith,Mark Smith,M,44,Coon Rapids,MN,USA,1798.3,True,326.0,259.0
2023-250,2023,250,Henrik,Ostlund,Henrik Ostlund,M,46,Stockholm,SWE,SWE,1798.9166666666667,True,327.0,260.0
2023-105,2023,105,Jennifer,St. Amand,Jennifer St. Amand,F,48,Dexter,MN,USA,1799.65,True,328.0,68.0
2023-61,2023,61,Ashley,Bartholomew,Ashley Bartholomew,M,61,Melbourne,Victoria,AUS,,False,,
2023-159,2023,159,Brian,Hamilton,Brian Hamilton,M,53,Portland,OR,USA,,False,,
2023-77,2023,77,Benjamin,Fiandaca,Benjamin Fiandaca,M,46,Peterborough,NH,USA,,False,,
2023-426,2023,426,Joe,Schrum,Joe Schrum,M,54,Hereford,AZ,USA,,False,,
2023-202,2023,202,Phillip,Tunney,Phillip Tunney,M,52,Manchester,GBR,GBR,,False,,
2023-82,2023,82,Chris,Bassett,Chris Bassett,M,55,Livermore,CA,USA,,False,,
2023-106,2023,106,Marco,Denson,Marco Denson,M,58,Scotts Valley,CA,USA,,False,,
2023-31,2023,31,Keely,Henninger,Keely Henninger,F,31,Portland,OR,USA,,False,,
2023-78,2023,78,Ronnie,Daniel,Ronnie Daniel,M,53,Little Rock,AR,USA,,False,,
2023-181,2023,181,Jennifer,Wilson,Jennifer Wilson,F,45,Los Angeles,CA,USA,,False,,
2023-354,2023,354,Ming,Zhou,Ming Zhou,M,55,NAPERVILLE,IL,USA,,False,,
2023-379,2023,379,Phillip,Lanum,Phillip Lanum,M,61,Lincoln,CA,USA,,False,,
2023-317,2023,317,Cory,Norris,Cory Norris,M,50,Rough and ready,CA,USA,,False,,
2023-154,2023,154,Ken,Sinclair,Ken Sinclair,M,56,Bend,OR,USA,,False,,
2023-127,2023,127,Steve,Martelli,Steve Martelli,M,55,Truckee,CA,USA,,False,,
2023-75,2023,75,Gene,Dykes,Gene Dykes,M,75,Bala Cynwyd,PA,USA,,False,,
2023-411,2023,411,James,Walsh,James Walsh,M,45,Ashland,OR,USA,,False,,
2023-52,2023,52,Zagdaa,Baatar,Zagdaa Baatar,F,52,Ulaanbaatar,Ulaanbaatar,MNG,,False,,
2023-412,2023,412,Samir,Shah,Samir Shah,M,49,San Francisco,CA,USA,,False,,
2023-113,2023,113,John,Loftus,John Loftus,M,65,Laguna Beach,CA,USA,,False,,
2023-391,2023,391,Terri,Rashid,Terri Rashid,F,56,Prescott,AZ,USA,,False,,
2023-264,2023,264,Pascal,Becotte,Pascal Becotte,M,53,Oakville,ON,CAN,,False,,
2023-332,2023,332,Michael,Schnepp,Michael Schnepp,M,39,Orange,CT,USA,,False,,
2023-341,2023,341,John,Swanson,John Swanson,M,48,Hainesport,NJ,USA,,False,,
2023-M2,2023,M2,Hayden,Hawks,Hayden Hawks,M,32,Cedar City,UT,USA,,False,,
2023-21,2023,21,Jiaju,Zhao,Jiaju Zhao,M,28,beijing,CHN,CHN,,False,,
2023-F8,2023,F8,Camille,Herron,Camille Herron,F,41,Warr Acres,OK,USA,,False,,
2023-255,2023,255,Jay,Marsh,Jay Marsh,M,60,Cool,CA,USA,,False,,
2023-44,2023,44,Heather,Jackson,Heather Jackson,F,39,Bend,OR,USA,,False,,
2023-372,2023,372,Mark,Moromisato,Mark Moromisato,M,55,Pasadena,CA,USA,,False,,
2023-126,2023,126,Steve,Holman,Steve Holman,M,66,Walnut Creek,CA,USA,,False,,
2023-378,2023,378,Jeff,Perry,Jeff Perry,M,62,Bondurant,IA,USA,,False,,
2023-178,2023,178,Andrew,Ferguson,Andrew Ferguson,M,57,Probus,GBR,GBR,,False,,
2023-134,2023,134,Sheldon,Campbell,Sheldon Campbell,M,51,Lexington,OH,USA,,False,,
2023-410,2023,410,Matt,Murphy,Matt Murphy,M,49,Celebration,FL,USA,,False,,
2023-24,2023,24,Nicole,Bitter,Nicole Bitter,F,41,Austin,TX,USA,,False,,
2023-162,2023,162,Robert,Pardy,Robert Pardy,M,63,San Diego,CA,USA,,False,,
2023-138,2023,138,Phyllis,Stanley,Phyllis Stanley,F,48,Montesano,WA,USA,,False,,
2023-347,2023,347,Casey,Urschel,Casey Urschel,M,44,New Orleans,LA,USA,,False,,
2023-398,2023,398,Angie,Woolman,Angie Woolman,F,69,Albany,CA,USA,,False,,
2023-199,2023,199,Daniel,Zurovec,Daniel Zurovec,M,39,Selma,TX,USA,,False,,
2023-363,2023,363,Bryan,Campbell,Bryan Campbell,M,50,Carmel,IN,USA,,False,,
2023-62,2023,62,Lisa,Wright,Lisa Wright,F,62,Liberty Hill,TX,USA,,False,,
2023-133,2023,133,Rebecca,Joyner,Rebecca Joyner,F,44,Alto,MI,USA,,False,,
2023-58,2023,58,Rui,Pedras,Rui Pedras,M,64,Lisbon,PRT,PRT,,False,,
2023-261,2023,261,Melissa,Arnold,Melissa Arnold,F,41,Framingham,MA,USA,,False,,
2023-72,2023,72,Alexia,Melling,Alexia Melling,F,52,Manchester,GBR,GBR,,False,,
2023-200,2023,200,Callie,Vinson,Callie Vinson,F,36,Scottsdale,AZ,USA,,False,,
2023-285,2023,285,James,Ehasz,James Ehasz,M,70,Hereford,AZ,USA,,False,,
2023-245,2023,245,Stephanie,Walker,Stephanie Walker,F,46,Cumming,GA,USA,,False,,
2023-85,2023,85,Dustin,Cooper,Dustin Cooper,M,47,Burnsville,NC,USA,,False,,
2024-21,2024,21,Jim,Walmsley,Jim Walmsley,M,34,Flagstaff,AZ,USA,853.75,True,1.0,1.0
2024-39,2024,39,Rod,Farvard,Rod Farvard,M,28,Mammoth Lakes,CA,USA,864.25,True,2.0,2.0
2024-34,2024,34,Hayden,Hawks,Hayden Hawks,M,33,Cedar City,UT,USA,864.5166666666667,True,3.0,3.0
2024-M5,2024,M5,Daniel,Jones,Daniel Jones,M,33,Wellington,NZL,NZL,872.4833333333333,True,4.0,4.0
2024-17,2024,17,Caleb,Olson,Caleb Olson,M,28,Draper,UT,USA,880.2,True,5.0,5.0
2024-13,2024,13,Jonathan,Albon,Jonathan Albon,M,35,Isfjorden,NOR,NOR,897.0166666666667,True,6.0,6.0
2024-M2,2024,M2,Tyler,Green,Tyler Green,M,40,Portland,OR,USA,905.65,True,7.0,7.0
2024-M4,2024,M4,Jiasheng,Shen,Jiasheng Shen,M,29,Kunming,CHN,CHN,909.8166666666667,True,8.0,8.0
2024-25,2024,25,Jonathan,Rea,Jonathan Rea,M,32,Boulder,CO,USA,913.1666666666666,True,9.0,9.0
2024-36,2024,36,Chris,Myers,Chris Myers,M,28,Nederland,CO,USA,918.4166666666666,True,10.0,10.0
2024-26,2024,26,Blake,Slattengren,Blake Slattengren,M,28,Seattle,WA,USA,918.95,True,11.0,11.0
2024-29,2024,29,Ji,Duo,Ji Duo,M,31,Fuzhou,CHN,CHN,935.5,True,12.0,12.0
2024-F2,2024,F2,Katie,Schide,Katie Schide,F,32,Gardiner,ME,USA,946.95,True,13.0,1.0
2024-46,2024,46,Fuzhao,Xiang,Fuzhao Xiang,F,32,CHONGQING,CHN,CHN,980.05,True,14.0,2.0
2024-40,2024,40,Petter,Engdahl,Petter Engdahl,M,29,Isfjorden,M√∏re og Romsdal,NOR,982.6,True,15.0,13.0
2024-170,2024,170,Guomin,Deng,Guomin Deng,M,34,ShenZhen,CHN,CHN,997.1333333333333,True,16.0,14.0
2024-F3,2024,F3,Eszter,Csillag,Eszter Csillag,F,39,Hong Kong,HUN,HUN,1002.2833333333333,True,17.0,3.0
2024-M9,2024,M9,Cole,Watson,Cole Watson,M,32,Rancho Cordova,CA,USA,1004.6,True,18.0,15.0
2024-F5,2024,F5,Emily,Hawgood,Emily Hawgood,F,29,Beatrice,ZWE,ZWE,1008.7166666666667,True,19.0,4.0
2024-11,2024,11,Yngvild,Kaspersen,Yngvild Kaspersen,F,29,Troms√∏,NOR,NOR,1010.65,True,20.0,5.0
2024-F7,2024,F7,Ida,Nilsson,Ida Nilsson,F,42,Kalmar,SWE,SWE,1016.8666666666667,True,21.0,6.0
2024-22,2024,22,Simon,Gosselin,Simon Gosselin,M,28,Beaufort,FRA,FRA,1024.2166666666667,True,22.0,16.0
2024-35,2024,35,Jupiter,Carera Casas,Jupiter Carera Casas,M,30,estado de Mexico,MEX,MEX,1034.0833333333333,True,23.0,17.0
2024-23,2024,23,Heather,Jackson,Heather Jackson,F,40,Bend,OR,USA,1036.7166666666667,True,24.0,7.0
2024-31,2024,31,Rachel,Drake,Rachel Drake,F,33,Salt Lake City,UT,USA,1048.5833333333333,True,25.0,8.0
2024-F8,2024,F8,Priscilla,Forgie,Priscilla Forgie,F,33,Edmonton,AB,CAN,1050.4,True,26.0,9.0
2024-F9,2024,F9,Leah,Yingling,Leah Yingling,F,33,Salt Lake City,UT,USA,1053.9,True,27.0,10.0
2024-14,2024,14,Dakota,Jones,Dakota Jones,M,33,Salt Lake City,UT,USA,1061.1166666666666,True,28.0,18.0
2024-38,2024,38,Anna,Louden,Anna Louden,F,31,San Francisco,CA,USA,1073.1666666666667,True,29.0,11.0
2024-343,2024,343,Devin,Vennard,Devin Vennard,M,31,Leadville,CO,USA,1102.0666666666666,True,30.0,19.0
2024-M7,2024,M7,Ryan,Montgomery,Ryan Montgomery,M,30,Wanship,UT,USA,1114.65,True,31.0,20.0
2024-352,2024,352,Henrik,Westerlin,Henrik Westerlin,M,49,Winterthur,CHE,CHE,1117.8,True,32.0,21.0
2024-12,2024,12,Emily,Schmitz,Emily Schmitz,F,43,Wauwatosa,WI,USA,1119.9166666666667,True,33.0,12.0
2024-33,2024,33,Lauren,Puretz,Lauren Puretz,F,41,Colorado Springs,CO,USA,1132.4166666666667,True,34.0,13.0
2024-37,2024,37,Careth,Arnold,Careth Arnold,F,34,Paonia,CO,USA,1133.65,True,35.0,14.0
2024-15,2024,15,Lotti,Brinks,Lotti Brinks,F,28,Boise,ID,USA,1133.65,True,36.0,15.0
2024-173,2024,173,Joseph,Dorph,Joseph Dorph,M,30,BRIGHT,AUS,AUS,1139.4166666666667,True,37.0,22.0
2024-18,2024,18,Caleb,Bowen,Caleb Bowen,M,30,Huntington,WV,USA,1142.9166666666667,True,38.0,23.0
2024-30,2024,30,Robert,Hajnal,Robert Hajnal,M,34,petrila,ROU,ROU,1146.8166666666666,True,39.0,24.0
2024-44,2024,44,Harvey,Lewis,Harvey Lewis,M,48,Cincinnati,OH,USA,1161.7666666666667,True,40.0,25.0
2024-392,2024,392,Tj,David,Tj David,M,37,Carbondale,CO,USA,1163.4666666666667,True,41.0,26.0
2024-335,2024,335,Mathias,Thenaisie,Mathias Thenaisie,M,34,PLERIN,FRA,FRA,1165.0166666666667,True,42.0,27.0
2024-247,2024,247,Charles,MacNulty,Charles MacNulty,M,50,Auburn,CA,USA,1171.5,True,43.0,28.0
2024-32,2024,32,Becca,Windell,Becca Windell,F,38,Fort Collins,CO,USA,1178.6833333333334,True,44.0,16.0
2024-41,2024,41,Kellie,Angel,Kellie Angel,F,38,Melbourne,AUS,AUS,1187.3666666666666,True,45.0,17.0
2024-202,2024,202,Paul,Jacobs,Paul Jacobs,M,46,Washington,DC,USA,1191.1833333333334,True,46.0,29.0
2024-337,2024,337,John,Tidd,John Tidd,M,60,San Lorenzo de el Escorial,ESP,ESP,1216.0666666666666,True,47.0,30.0
2024-373,2024,373,Ga√´l,Ninot,Ga√´l Ninot,M,46,Montpellier,,FRA,1234.35,True,48.0,31.0
2024-182,2024,182,Taylor,Edwards,Taylor Edwards,M,33,Auburn,CA,USA,1238.3833333333334,True,49.0,32.0
2024-43,2024,43,Kaci,Lickteig,Kaci Lickteig,F,37,Omaha,NE,USA,1245.35,True,50.0,18.0
2024-20,2024,20,Giulia,Vinco,Giulia Vinco,F,33,Sommacampagna,ITA,ITA,1246.6666666666667,True,51.0,19.0
2024-122,2024,122,Jacob,Rydman,Jacob Rydman,M,39,Auburn,CA,USA,1267.6833333333334,True,52.0,33.0
2024-119,2024,119,Thorsten,Preiss,Thorsten Preiss,M,47,Ebsdorfergrund,DEU,DEU,1273.05,True,53.0,34.0
2024-110,2024,110,Christopher,Harrington,Christopher Harrington,M,40,Golden,CO,USA,1274.8166666666666,True,54.0,35.0
2024-255,2024,255,Gerome,Fernandez,Gerome Fernandez,M,33,Les 2 Alpes,FRA,FRA,1282.7,True,55.0,36.0
2024-270,2024,270,Tomas,Nordl√∂f,Tomas Nordl√∂f,M,38,Ume√•,SWE,SWE,1283.9666666666667,True,56.0,37.0
2024-271,2024,271,Todd,Nott,Todd Nott,M,60,Plattsmouth,NE,USA,1284.4166666666667,True,57.0,38.0
2024-90,2024,90,Jack,Davis,Jack Davis,M,47,Johannesburg,ZAF,ZAF,1292.7,True,58.0,39.0
2024-313,2024,313,Brian,Miller,Brian Miller,M,48,El Dorado Hills,CA,USA,1295.05,True,59.0,40.0
2024-288,2024,288,Riley,Robertson,Riley Robertson,M,34,San Diego,CA,USA,1296.5166666666667,True,60.0,41.0
2024-211,2024,211,Patrick,Heine,Patrick Heine,M,35,Bethlehem,PA,USA,1318.9666666666667,True,61.0,42.0
2024-127,2024,127,Alina,Edwards,Alina Edwards,F,44,Grass Valley,CA,USA,1319.5166666666667,True,62.0,20.0
2024-24,2024,24,Ragna,Debats,Ragna Debats,F,45,Matadepera,ESP,ESP,1320.9666666666667,True,63.0,21.0
2024-165,2024,165,Todd,Curtis,Todd Curtis,M,51,GREAT BARRINGTON,MA,USA,1321.9333333333334,True,64.0,43.0
2024-169,2024,169,Romain,Demare,Romain Demare,M,38,Geneva,FR,FR,1329.9833333333333,True,65.0,44.0
2024-87,2024,87,Joshua,Nichols,Joshua Nichols,M,36,Manchester,MI,USA,1342.3833333333334,True,66.0,45.0
2024-195,2024,195,Josh,Gall,Josh Gall,M,33,Longmont,CO,USA,1344.4666666666667,True,67.0,46.0
2024-413,2024,413,Jeffrey,Adams,Jeffrey Adams,M,46,Kenmore,NY,USA,1347.55,True,68.0,47.0
2024-178,2024,178,Steve,Rowbury,Steve Rowbury,M,56,Mill Valley,CA,USA,1349.3166666666666,True,69.0,48.0
2024-223,2024,223,Eric,Johnson,Eric Johnson,M,43,Phoenix,AZ,USA,1365.6666666666667,True,70.0,49.0
2024-141,2024,141,Michael,Busada,Michael Busada,M,34,Linden,PA,USA,1366.75,True,71.0,50.0
2024-341,2024,341,Matthew,Urbanski,Matthew Urbanski,M,43,Denver,CO,USA,1368.6,True,72.0,51.0
2024-126,2024,126,Dennis,Boic,Dennis Boic,M,48,Redding,CA,USA,1369.6833333333334,True,73.0,52.0
2024-199,2024,199,Andrew,McDowall,Andrew McDowall,M,46,Auckland,NZL,NZL,1371.4333333333334,True,74.0,53.0
2024-350,2024,350,Shingo,Watanabe,Shingo Watanabe,M,40,Nihonmatu,JPN,JPN,1373.4833333333333,True,75.0,54.0
2024-302,2024,302,Francesco,Sgarlata,Francesco Sgarlata,M,35,Milano,ITA,ITA,1374.0666666666666,True,76.0,55.0
2024-117,2024,117,Stephen,Blea,Stephen Blea,M,38,San Diego,CA,USA,1380.1,True,77.0,56.0
2024-64,2024,64,Shaun,Daylor,Shaun Daylor,M,45,Lakeville,MA,USA,1382.8333333333333,True,78.0,57.0
2024-200,2024,200,Dominic,Grossman,Dominic Grossman,M,37,Wrightwood,CA,USA,1385.5666666666666,True,79.0,58.0
2024-238,2024,238,H√©l√®ne,L√©ger,H√©l√®ne L√©ger,F,41,Saint Lumine de Clisson,FRA,FRA,1386.2833333333333,True,80.0,22.0
2024-297,2024,297,Philip,Sanderson,Philip Sanderson,M,56,Mill Valley,CA,USA,1398.1833333333334,True,81.0,59.0
2024-207,2024,207,Matthew,Hagenah,Matthew Hagenah,M,51,Boise,ID,USA,1402.4166666666667,True,82.0,60.0
2024-99,2024,99,Michael,Daly,Michael Daly,M,48,La Jolla,CA,USA,1406.2333333333333,True,83.0,61.0
2024-325,2024,325,Auston,Sterling,Auston Sterling,M,31,Manitou Springs,CO,USA,1408.3666666666666,True,84.0,62.0
2024-254,2024,254,Jo,Meek,Jo Meek,F,47,Moretonhampstead,GBR,GBR,1408.7333333333333,True,85.0,23.0
2024-315,2024,315,Flemming,Sondergaard,Flemming Sondergaard,M,46,Saskatoon,SK,CAN,1412.25,True,86.0,63.0
2024-381,2024,381,Hans,Van Horn,Hans Van Horn,M,40,Sacramento,CA,USA,1413.5666666666666,True,87.0,64.0
2024-114,2024,114,Chandler,Blake,Chandler Blake,M,48,Saratoga Springs,UT,USA,1414.0333333333333,True,88.0,65.0
2024-180,2024,180,Joshua,Eddy,Joshua Eddy,M,43,Henderson,NV,USA,1414.4833333333333,True,89.0,66.0
2024-279,2024,279,Andy,Pearson,Andy Pearson,M,39,Los Angeles,CA,USA,1417.0166666666667,True,90.0,67.0
2024-163,2024,163,Brandon,Crews,Brandon Crews,M,41,Asheville,NC,USA,1417.7666666666667,True,91.0,68.0
2024-383,2024,383,Shawn,McDermott,Shawn McDermott,M,44,Leesburg,VA,USA,1418.2666666666667,True,92.0,69.0
2024-353,2024,353,Madeline,Wighardt,Madeline Wighardt,F,23,Ancaster,ON,CAN,1419.0666666666666,True,93.0,24.0
2024-394,2024,394,Jesse,Peragine,Jesse Peragine,M,35,Golden,CO,USA,1420.0333333333333,True,94.0,70.0
2024-280,2024,280,Joel,Pennington,Joel Pennington,M,43,Fairfax,CA,USA,1421.4,True,95.0,71.0
2024-55,2024,55,Takeshi,Noda,Takeshi Noda,M,39,Yokohama,JPN,JPN,1421.5333333333333,True,96.0,72.0
2024-316,2024,316,Kedric,Osborne,Kedric Osborne,M,47,Littleton,CO,USA,1421.7833333333333,True,97.0,73.0
2024-76,2024,76,James,Poole,James Poole,M,48,London,GBR,GBR,1422.2,True,98.0,74.0
2024-242,2024,242,Khris,Vickroy,Khris Vickroy,M,48,Iowa City,IA,USA,1423.25,True,99.0,75.0
2024-377,2024,377,Johan,Edenteg,Johan Edenteg,M,47,Tierp,SWE,SWE,1424.4,True,100.0,76.0
2024-300,2024,300,Edward,Scott,Edward Scott,M,30,London,GBR,GBR,1424.9833333333333,True,101.0,77.0
2024-219,2024,219,Bob,Luther,Bob Luther,M,48,Barboursville,WV,USA,1425.9333333333334,True,102.0,78.0
2024-116,2024,116,John,Bruno,John Bruno,M,38,Easley,SC,USA,1427.3833333333334,True,103.0,79.0
2024-306,2024,306,Noah,Simcoff,Noah Simcoff,M,36,Boulder,CO,USA,1428.3333333333333,True,104.0,80.0
2024-133,2024,133,Jonathan,Bretan,Jonathan Bretan,M,41,San Rafael,CA,USA,1428.5666666666666,True,105.0,81.0
2024-167,2024,167,Madeline,Hirschfeld,Madeline Hirschfeld,F,31,Telluride,CO,USA,1429.55,True,106.0,25.0
2024-366,2024,366,Nobuyasu,Tajime,Nobuyasu Tajime,M,41,Hamura,JPN,JPN,1435.55,True,107.0,82.0
2024-380,2024,380,Yuki,Ohama,Yuki Ohama,F,41,setagayaku,JPN,JPN,1438.8,True,108.0,26.0
2024-187,2024,187,Mike,Fakler,Mike Fakler,M,36,Lakewood,CO,USA,1438.9333333333334,True,109.0,83.0
2024-248,2024,248,Jean-Francois,Delbecq,Jean-Francois Delbecq,M,43,CHENOVE,FRA,FRA,1440.4166666666667,True,110.0,84.0
2024-132,2024,132,Kevin,Cannaday,Kevin Cannaday,M,45,Conifer,CO,USA,1465.6166666666666,True,111.0,85.0
2024-57,2024,57,Heidi,Rounds,Heidi Rounds,F,43,Roseville,CA,USA,1469.0666666666666,True,112.0,27.0
2024-51,2024,51,Nobuyori,Takeda,Nobuyori Takeda,M,44,Old Tappan,NJ,USA,1487.0833333333333,True,113.0,86.0
2024-234,2024,234,Nathan,Kurz,Nathan Kurz,M,41,Longmont,CO,USA,1489.8333333333333,True,114.0,87.0
2024-259,2024,259,Eric,Moe,Eric Moe,M,55,Orcutt,CA,USA,1491.45,True,115.0,88.0
2024-59,2024,59,Rudy,Wedlarski,Rudy Wedlarski,M,44,Charc√©-Saint-Ellier-sur-Aubance,FRA,FRA,1505.7166666666667,True,116.0,89.0
2024-241,2024,241,Todd,Logan,Todd Logan,M,41,Oakland,CA,USA,1507.6,True,117.0,90.0
2024-73,2024,73,Xavier,Berruel,Xavier Berruel,M,51,Montr√©al,QC,CAN,1512.3,True,118.0,91.0
2024-45,2024,45,Nick,Coury,Nick Coury,M,36,Scottsdale,AZ,USA,1514.8833333333334,True,119.0,92.0
2024-382,2024,382,Francisco,Porto,Francisco Porto,M,50,Belo Horizonte,BRA,BRA,1525.5833333333333,True,120.0,93.0
2024-192,2024,192,Gordon,Freeman,Gordon Freeman,M,39,Hood River,OR,USA,1531.25,True,121.0,94.0
2024-281,2024,281,Maxime,Petazzoni,Maxime Petazzoni,M,37,San Francisco,CA,USA,1534.1,True,122.0,95.0
2024-370,2024,370,Kashing,Cheung,Kashing Cheung,M,44,Mount Parker,HKG,HKG,1534.3333333333333,True,123.0,96.0
2024-314,2024,314,Whitney,Solomon,Whitney Solomon,F,42,Auburn,CA,USA,1539.5666666666666,True,124.0,28.0
2024-265,2024,265,Ryan,Mylymuk,Ryan Mylymuk,M,30,Edmonton,AB,CAN,1542.15,True,125.0,97.0
2024-311,2024,311,Emil,Soderlund,Emil Soderlund,M,48,Mariehamn,FIN,FIN,1544.05,True,126.0,98.0
2024-340,2024,340,Robin,Ucelli,Robin Ucelli,M,43,75014,FRA,FRA,1544.65,True,127.0,99.0
2024-215,2024,215,Sean,Hoover,Sean Hoover,M,41,Bend,OR,USA,1549.95,True,128.0,100.0
2024-193,2024,193,Mattia,Frigeri,Mattia Frigeri,M,43,Parma,ITA,ITA,1550.0666666666666,True,129.0,101.0
2024-399,2024,399,Jason,Midlock,Jason Midlock,M,40,Joliet,IL,USA,1553.4,True,130.0,102.0
2024-130,2024,130,Josh,Rutowski,Josh Rutowski,M,28,Chicago,IL,USA,1556.05,True,131.0,103.0
2024-347,2024,347,Chelsea,Ward-Waller,Chelsea Ward-Waller,F,34,Anchorage,AK,USA,1559.15,True,132.0,29.0
2024-201,2024,201,Mae,Barker,Mae Barker,F,47,Orange Park,FL,USA,1562.2666666666667,True,133.0,30.0
2024-263,2024,263,Rickert,Mulder,Rickert Mulder,M,36,Cape Town,ZAF,ZAF,1565.2333333333333,True,134.0,104.0
2024-191,2024,191,Sascha,Fersch,Sascha Fersch,M,46,Sankt Augustin,DEU,DEU,1565.9833333333333,True,135.0,105.0
2024-398,2024,398,Ryan,Thrower,Ryan Thrower,M,37,Seattle,WA,USA,1566.6666666666667,True,136.0,106.0
2024-206,2024,206,Klaus,Haake,Klaus Haake,M,54,Eppstein,DEU,DEU,1573.2833333333333,True,137.0,107.0
2024-368,2024,368,Martin,Urbanik,Martin Urbanik,M,47,Bratislava,SVK,SVK,1574.8166666666666,True,138.0,108.0
2024-175,2024,175,Tom,Downes,Tom Downes,M,53,Clogheen,IRL,IRL,1578.5333333333333,True,139.0,109.0
2024-236,2024,236,Joshua,Landvatter,Joshua Landvatter,M,40,West Jordan,UT,USA,1579.1833333333334,True,140.0,110.0
2024-161,2024,161,Brian,Compagnone,Brian Compagnone,M,50,Arlington,VA,USA,1580.4333333333334,True,141.0,111.0
2024-333,2024,333,Shimpei,Oishi,Shimpei Oishi,M,34,sagamihara,JPN,JPN,1583.7166666666667,True,142.0,112.0
2024-42,2024,42,Sally,McRae,Sally McRae,F,45,Huntington Beach,CA,USA,1585.6333333333334,True,143.0,31.0
2024-351,2024,351,Bryan,Weathers,Bryan Weathers,M,44,Vallejo,CA,USA,1590.7333333333333,True,144.0,113.0
2024-148,2024,148,Steven,Carr,Steven Carr,M,57,Huntsville,AL,USA,1593.9333333333334,True,145.0,114.0
2024-423,2024,423,Drew,Dinan,Drew Dinan,M,44,Bend,OR,USA,1599.4833333333333,True,146.0,115.0
2024-54,2024,54,Will,Rivera,Will Rivera,M,53,Elizabethtown,KY,USA,1602.1166666666666,True,147.0,116.0
2024-142,2024,142,Jared,Byrd,Jared Byrd,M,40,California,MD,USA,1603.4166666666667,True,148.0,117.0
2024-143,2024,143,Chris,Calimano,Chris Calimano,M,42,Staten Island,NY,USA,1606.2833333333333,True,149.0,118.0
2024-360,2024,360,Kevin,Young,Kevin Young,M,48,Roseville,CA,USA,1621.45,True,150.0,119.0
2024-196,2024,196,Colton,Gerhart,Colton Gerhart,M,31,Boise,ID,USA,1628.5666666666666,True,151.0,120.0
2024-135,2024,135,Bruce,Keele,Bruce Keele,M,57,Bridgewater,NJ,USA,1629.2666666666667,True,152.0,121.0
2024-129,2024,129,Ryan,Bolton,Ryan Bolton,M,32,Coomera,AUS,AUS,1629.7166666666667,True,153.0,122.0
2024-367,2024,367,Randy,Troyer,Randy Troyer,M,59,Lagrange,IN,USA,1630.8333333333333,True,154.0,123.0
2024-246,2024,246,Jeremy,Lyons,Jeremy Lyons,M,37,Baltimore,MD,USA,1631.1333333333334,True,155.0,124.0
2024-151,2024,151,Giuseppe,Cavallo,Giuseppe Cavallo,M,45,Lumberville,PA,USA,1638.1333333333334,True,156.0,125.0
2024-339,2024,339,Tony,Trundley,Tony Trundley,M,58,Kingswood,GBR,GBR,1641.45,True,157.0,126.0
2024-203,2024,203,Marianna,Grudziak,Marianna Grudziak,F,37,Pittsburgh,PA,USA,1642.7166666666667,True,158.0,32.0
2024-93,2024,93,Vincent,Pelisson,Vincent Pelisson,M,30,Cormaranche en Bugey,FRA,FRA,1642.8833333333334,True,159.0,127.0
2024-213,2024,213,Andres,Hernandez,Andres Hernandez,M,54,Downingtown,PA,USA,1645.8166666666666,True,160.0,128.0
2024-427,2024,427,Andrew,Barrett,Andrew Barrett,M,57,chapel hill,NC,USA,1646.9833333333333,True,161.0,129.0
2024-221,2024,221,Jeffrey,Jordan,Jeffrey Jordan,M,61,Cottontown,TN,USA,1649.5166666666667,True,162.0,130.0
2024-120,2024,120,Jim,Bledsoe,Jim Bledsoe,M,44,Saint George,UT,USA,1650.0333333333333,True,163.0,131.0
2024-115,2024,115,Junichi,Hashimoto,Junichi Hashimoto,M,46,Ageo,JPN,JPN,1653.55,True,164.0,132.0
2024-375,2024,375,Juan,Parra,Juan Parra,M,58,Fairfield,CA,USA,1655.3666666666666,True,165.0,133.0
2024-229,2024,229,Noel,Kingston,Noel Kingston,M,59,Prescott,AZ,USA,1657.7666666666667,True,166.0,134.0
2024-299,2024,299,Mike,Schmitt,Mike Schmitt,M,47,Rochester,MN,USA,1660.3666666666666,True,167.0,135.0
2024-82,2024,82,Brenton,Swyers,Brenton Swyers,M,36,Lynchburg,VA,USA,1662.25,True,168.0,136.0
2024-166,2024,166,Sean,Danaher,Sean Danaher,M,34,Manzanita,OR,USA,1664.95,True,169.0,137.0
2024-372,2024,372,Luke,Matjas,Luke Matjas,M,49,Thousand Oaks,CA,USA,1665.75,True,170.0,138.0
2024-298,2024,298,Jeremy,Scanlan,Jeremy Scanlan,M,41,Louisville,CO,USA,1671.4833333333333,True,171.0,139.0
2024-176,2024,176,William,Sheehan,William Sheehan,M,47,Bristol,GBR,GBR,1675.2833333333333,True,172.0,140.0
2024-308,2024,308,Greg,Sisengrath,Greg Sisengrath,M,48,Allen,TX,USA,1675.3333333333333,True,173.0,141.0
2024-137,2024,137,Matt,Whalen,Matt Whalen,M,45,San Diego,CA,USA,1675.95,True,174.0,142.0
2024-305,2024,305,Mikala,Shremshock,Mikala Shremshock,F,41,Harpers Ferry,WV,USA,1678.0,True,175.0,33.0
2024-266,2024,266,John,McKune,John McKune,M,48,Fremont,CA,USA,1678.65,True,176.0,143.0
2024-348,2024,348,Brant,Warner,Brant Warner,M,46,Gainesville,GA,USA,1680.75,True,177.0,144.0
2024-285,2024,285,Stacie,Riddle,Stacie Riddle,F,44,Mill Valley,CA,USA,1681.5333333333333,True,178.0,34.0
2024-53,2024,53,Ernest,Mlynarczyk,Ernest Mlynarczyk,M,53,Lodz,POL,POL,1685.0666666666666,True,179.0,145.0
2024-181,2024,181,David,Peppelman,David Peppelman,M,48,Bethesda,MD,USA,1686.5,True,180.0,146.0
2024-150,2024,150,Iain,Jones,Iain Jones,M,47,Knoxville,TN,USA,1687.45,True,181.0,147.0
2024-434,2024,434,Cynthia,Heady,Cynthia Heady,F,62,Shelbyville,KY,USA,1689.25,True,182.0,35.0
2024-249,2024,249,Jeff,Mandrell,Jeff Mandrell,M,38,Talent,OR,USA,1689.9333333333334,True,183.0,148.0
2024-107,2024,107,Marian,Vasile,Marian Vasile,M,47,Amsterdam,NLD,NLD,1693.75,True,184.0,149.0
2024-290,2024,290,Tyler,Rogers,Tyler Rogers,M,37,Squamish,BC,CAN,1693.95,True,185.0,150.0
2024-284,2024,284,Abby,McKee,Abby McKee,F,54,Rocklin,CA,USA,1695.1666666666667,True,186.0,36.0
2024-329,2024,329,Jonathan,Tanner,Jonathan Tanner,M,37,Fort Collins,CO,USA,1695.7333333333333,True,187.0,151.0
2024-273,2024,273,Elizabeth,Omodt,Elizabeth Omodt,F,47,San Jose,CA,USA,1698.5833333333333,True,188.0,37.0
2024-146,2024,146,Bogie,Dumitrescu,Bogie Dumitrescu,M,49,Boulder,CO,USA,1700.5166666666667,True,189.0,152.0
2024-98,2024,98,Nadine,Bennett,Nadine Bennett,F,40,London,GBR,GBR,1701.0333333333333,True,190.0,38.0
2024-293,2024,293,Carolina,Rubio- Macwright,Carolina Rubio- Macwright,F,42,South Orange,NJ,USA,1701.1,True,191.0,39.0
2024-205,2024,205,Forbes,Guthrie,Forbes Guthrie,M,51,Aptos,CA,USA,1702.8333333333333,True,192.0,153.0
2024-97,2024,97,Jeff,Boutte,Jeff Boutte,M,61,Sacramento,CA,USA,1704.5333333333333,True,193.0,154.0
2024-172,2024,172,Adam,Dickerson,Adam Dickerson,M,38,Belmont,NC,USA,1708.0333333333333,True,194.0,155.0
2024-251,2024,251,Rachel,Shebert,Rachel Shebert,F,29,Folsom,CA,USA,1708.35,True,195.0,40.0
2024-252,2024,252,Pete,McHugh,Pete McHugh,M,47,Sebastopol,CA,USA,1709.55,True,196.0,156.0
2024-226,2024,226,Baban,Kenkre,Baban Kenkre,M,48,Santa Clara,CA,USA,1710.7333333333333,True,197.0,157.0
2024-212,2024,212,Brennan,Henning,Brennan Henning,M,25,Staunton,VA,USA,1710.8666666666666,True,198.0,158.0
2024-217,2024,217,Travis,Liles,Travis Liles,M,45,Portland,OR,USA,1710.9666666666667,True,199.0,159.0
2024-179,2024,179,Juris,Dzenis,Juris Dzenis,M,43,Sigulda,LVA,LVA,1711.0833333333333,True,200.0,160.0
2024-272,2024,272,Paul,Olson,Paul Olson,M,49,Spring Lake Park,MN,USA,1713.35,True,201.0,161.0
2024-204,2024,204,Rosalia,Guarischi,Rosalia Guarischi,F,45,Rio De Janeiro,BRA,BRA,1717.1,True,202.0,41.0
2024-239,2024,239,Loren,Lewis,Loren Lewis,M,52,San Jose,CA,USA,1717.3166666666666,True,203.0,162.0
2024-112,2024,112,Jeff,Black,Jeff Black,M,53,Boise,ID,USA,1717.35,True,204.0,163.0
2024-218,2024,218,Colleen,Jay,Colleen Jay,F,48,Pinnacle,NC,USA,1717.4166666666667,True,205.0,42.0
2024-326,2024,326,Bryan,Stevens,Bryan Stevens,M,46,San Mateo,CA,USA,1718.3,True,206.0,164.0
2024-152,2024,152,Wayne,Chan,Wayne Chan,M,47,Westborough,MA,USA,1722.0,True,207.0,165.0
2024-92,2024,92,Sean,Belling,Sean Belling,M,39,Portland,OR,USA,1722.05,True,208.0,166.0
2024-355,2024,355,Sarah Kirsty,Williams,Sarah Kirsty Williams,F,50,Chelmsford,GBR,GBR,1722.5666666666666,True,209.0,43.0
2024-136,2024,136,Chloe,Brooks,Chloe Brooks,F,29,Otley,GBR,GBR,1722.6,True,210.0,44.0
2024-209,2024,209,Paula,Hamilton,Paula Hamilton,F,61,Carmichael,CA,USA,1723.9166666666667,True,211.0,45.0
2024-294,2024,294,Andrew,Ruthenbeck,Andrew Ruthenbeck,M,40,Carson City,NV,USA,1725.2666666666667,True,212.0,167.0
2024-106,2024,106,Craig,Betz,Craig Betz,M,40,Lakeland,FL,USA,1726.05,True,213.0,168.0
2024-257,2024,257,Ryan,Miller,Ryan Miller,M,43,Aurora,OH,USA,1726.3833333333334,True,214.0,169.0
2024-78,2024,78,Jeff,Rowthorn,Jeff Rowthorn,M,46,Mount Hope,ON,CAN,1726.4166666666667,True,215.0,170.0
2024-108,2024,108,Bruce,Nguyen,Bruce Nguyen,M,49,Citrus Heights,CA,USA,1729.8166666666666,True,216.0,171.0
2024-52,2024,52,Sam,Fiandaca,Sam Fiandaca,M,52,Foresthill,CA,USA,1731.7833333333333,True,217.0,172.0
2024-100,2024,100,Hebah,Hefzy,Hebah Hefzy,F,41,birmingham,MI,USA,1732.0833333333333,True,218.0,46.0
2024-62,2024,62,Ken,Weiblen,Ken Weiblen,M,52,Sherwood,WI,USA,1733.5666666666666,True,219.0,173.0
2024-349,2024,349,Erich,Washausen,Erich Washausen,M,34,Prairie Grove,AR,USA,1733.95,True,220.0,174.0
2024-237,2024,237,Peter,Lawson,Peter Lawson,M,60,Burlington,VT,USA,1734.7333333333333,True,221.0,175.0
2024-395,2024,395,Yong Chuang,Chen,Yong Chuang Chen,M,51,Vancouver,BC,CAN,1737.2833333333333,True,222.0,176.0
2024-286,2024,286,Angela,Ritchie,Angela Ritchie,F,54,Cameron Park,CA,USA,1737.9,True,223.0,47.0
2024-69,2024,69,Vince,Molosky,Vince Molosky,M,44,Sammamish,WA,USA,1738.4666666666667,True,224.0,177.0
2024-244,2024,244,Zac,Lundgren,Zac Lundgren,M,34,Minneapolis,MN,USA,1739.7166666666667,True,225.0,178.0
2024-262,2024,262,Soren Hadsund,Mortensen,Soren Hadsund Mortensen,M,57,Copenhagen,DNK,DNK,1740.7333333333333,True,226.0,179.0
2024-222,2024,222,Jake,Thornton,Jake Thornton,M,34,Birmingham,AL,USA,1741.2666666666667,True,227.0,180.0
2024-283,2024,283,Jamie,Rickard,Jamie Rickard,M,44,Morgantown,WV,USA,1744.45,True,228.0,181.0
2024-388,2024,388,Eric,Thorne,Eric Thorne,M,52,Wayne,PA,USA,1747.6333333333334,True,229.0,182.0
2024-327,2024,327,Jonathan,Strong,Jonathan Strong,M,41,Hinckley,GBR,GBR,1747.6666666666667,True,230.0,183.0
2024-256,2024,256,Andreas,Kohlhund,Andreas Kohlhund,M,41,Obersoechering,DEU,DEU,1747.8166666666666,True,231.0,184.0
2024-354,2024,354,Brent,Williams,Brent Williams,M,42,Beaumont,TX,USA,1748.2333333333333,True,232.0,185.0
2024-145,2024,145,Samantha,Carney,Samantha Carney,F,48,Lemoyne,PA,USA,1748.3666666666666,True,233.0,48.0
2024-356,2024,356,Rebekah,Winter,Rebekah Winter,F,35,Reno,NV,USA,1749.0,True,234.0,49.0
2024-346,2024,346,Mike,Wallin,Mike Wallin,M,40,Dayton,MN,USA,1749.2333333333333,True,235.0,186.0
2024-357,2024,357,Jay,Wnuk,Jay Wnuk,M,56,Galesville,WI,USA,1752.1,True,236.0,187.0
2024-194,2024,194,Justin,Galbraith,Justin Galbraith,M,37,Brighton,IL,USA,1752.5,True,237.0,188.0
2024-183,2024,183,Matt,Elam,Matt Elam,M,32,Boulder,CO,USA,1752.5166666666667,True,238.0,189.0
2024-309,2024,309,Sarah,Slater,Sarah Slater,F,46,Guilford,CT,USA,1753.1166666666666,True,239.0,50.0
2024-245,2024,245,Tin,Luu,Tin Luu,M,43,Centreville,VA,USA,1753.4833333333333,True,240.0,190.0
2024-95,2024,95,Joann,Ellero,Joann Ellero,F,55,Reno,NV,USA,1753.6833333333334,True,241.0,51.0
2024-282,2024,282,Glenn,Richardson,Glenn Richardson,M,48,Louisville,KY,USA,1754.6,True,242.0,191.0
2024-149,2024,149,Megan,Carroll,Megan Carroll,F,38,Santa Cruz,CA,USA,1756.7666666666667,True,243.0,52.0
2024-324,2024,324,Brian,Steinberg,Brian Steinberg,M,45,Caledonia,MI,USA,1757.5,True,244.0,192.0
2024-88,2024,88,Jerry,Pi,Jerry Pi,M,47,New York,NY,USA,1758.9833333333333,True,245.0,193.0
2024-235,2024,235,Sherman,Lam,Sherman Lam,M,44,Scarborough,ON,CAN,1759.65,True,246.0,194.0
2024-276,2024,276,Bryon,Paulazzo,Bryon Paulazzo,M,34,Long Lake,MN,USA,1760.5166666666667,True,247.0,195.0
2024-70,2024,70,Olov,Berg,Olov Berg,M,53,Potomac,MD,USA,1761.2333333333333,True,248.0,196.0
2024-401,2024,401,Greg,Bergeron,Greg Bergeron,M,54,San Diego,CA,USA,1761.45,True,249.0,197.0
2024-267,2024,267,Steve,Nagayama,Steve Nagayama,M,49,Felton,CA,USA,1762.1333333333334,True,250.0,198.0
2024-233,2024,233,Shannon,Krogsrud,Shannon Krogsrud,F,35,Auburn,CA,USA,1762.25,True,251.0,53.0
2024-184,2024,184,Anthony,Russo,Anthony Russo,M,47,Jackson,NJ,USA,1763.5666666666666,True,252.0,199.0
2024-303,2024,303,William,Shaw,William Shaw,M,52,Flowery Branch,GA,USA,1763.9166666666667,True,253.0,200.0
2024-89,2024,89,Rochelle,Gamette,Rochelle Gamette,F,50,Granite Bay,CA,USA,1764.0,True,254.0,54.0
2024-67,2024,67,Ken,Ward,Ken Ward,M,67,Corvallis,OR,USA,1770.6333333333334,True,255.0,201.0
2024-227,2024,227,Ngugi,Kihara,Ngugi Kihara,M,38,La Honda,CA,USA,1770.8333333333333,True,256.0,202.0
2024-188,2024,188,Josh,Welch,Josh Welch,M,41,Ravenwood,MO,USA,1773.35,True,257.0,203.0
2024-158,2024,158,Emily,Clay,Emily Clay,F,34,Baltimore,MD,USA,1773.6,True,258.0,55.0
2024-376,2024,376,Jeff,McLaughlin,Jeff McLaughlin,M,41,Spokane,WA,USA,1774.3666666666666,True,259.0,204.0
2024-386,2024,386,Hian Lim,Soh,Hian Lim Soh,M,58,Kuching,MYS,MYS,1774.3833333333334,True,260.0,205.0
2024-74,2024,74,Mark,Stugard,Mark Stugard,M,50,Brookhaven,GA,USA,1774.4,True,261.0,206.0
2024-289,2024,289,William,Robinson,William Robinson,M,56,Fort Jones,CA,USA,1774.4666666666667,True,262.0,207.0
2024-154,2024,154,Yung Hae,Cho,Yung Hae Cho,F,49,Bend,OR,USA,1776.0333333333333,True,263.0,56.0
2024-342,2024,342,Jana,Veliskova,Jana Veliskova,F,39,Praha 1,,CZE,1776.2,True,264.0,57.0
2024-268,2024,268,Yuki,Naotori,Yuki Naotori,M,51,Fukuoka,JPN,JPN,1776.85,True,265.0,208.0
2024-140,2024,140,Jacob,Burnett,Jacob Burnett,M,40,Safety Harbor,FL,USA,1778.65,True,266.0,209.0
2024-362,2024,362,Josh,Amato,Josh Amato,M,50,St Louis,MO,USA,1778.9833333333333,True,267.0,210.0
2024-363,2024,363,David,Kung,David Kung,M,52,Hillsborough,CA,USA,1779.0166666666667,True,268.0,211.0
2024-102,2024,102,Paul,Garner,Paul Garner,M,55,Wiltshire,GBR,GBR,1783.7333333333333,True,269.0,212.0
2024-139,2024,139,Eli,Burakian,Eli Burakian,M,46,Brownsville,VT,USA,1783.9333333333334,True,270.0,213.0
2024-225,2024,225,Takashi,Terabayashi,Takashi Terabayashi,M,54,Namerikawa,JPN,JPN,1784.1166666666666,True,271.0,214.0
2024-171,2024,171,Carson,Galloway,Carson Galloway,M,33,Des Moines,IA,USA,1786.5833333333333,True,272.0,215.0
2024-338,2024,338,Adam,Tremblay,Adam Tremblay,M,47,Quispamsis,NB,CAN,1787.2333333333333,True,273.0,216.0
2024-125,2024,125,Andrew,Zapor,Andrew Zapor,M,36,Bluff City,TN,USA,1787.7833333333333,True,274.0,217.0
2024-96,2024,96,Yuka,Atsumi,Yuka Atsumi,F,60,Suginami-ku,JPN,JPN,1787.8833333333334,True,275.0,58.0
2024-61,2024,61,Phillip,Nigh,Phillip Nigh,M,61,Santa Barbara,CA,USA,1788.4,True,276.0,218.0
2024-71,2024,71,Carlos,Osollo,Carlos Osollo,M,52,San Antonio,TX,USA,1789.6,True,277.0,219.0
2024-390,2024,390,Christian,Landresse,Christian Landresse,M,54,Luxembourg,LUX,LUX,1790.35,True,278.0,220.0
2024-164,2024,164,Chris,Culpepper,Chris Culpepper,M,59,Houston,TX,USA,1791.2166666666667,True,279.0,221.0
2024-253,2024,253,Jeff,Mcpherson,Jeff Mcpherson,M,49,Yachats,OR,USA,1792.3833333333334,True,280.0,222.0
2024-159,2024,159,Tabatha,Collins,Tabatha Collins,F,51,Bremerton,WA,USA,1793.0,True,281.0,59.0
2024-317,2024,317,Franco,Soriano,Franco Soriano,M,53,Livermore,CA,USA,1793.6833333333334,True,282.0,223.0
2024-214,2024,214,Rick,Hohman,Rick Hohman,M,41,Hudson,OH,USA,1793.8166666666666,True,283.0,224.0
2024-128,2024,128,Char,Kuperstein,Char Kuperstein,F,42,San Francisco,CA,USA,1794.5833333333333,True,284.0,60.0
2024-261,2024,261,Julia,Moffitt,Julia Moffitt,F,57,IOWA CITY,IA,USA,1795.0,True,285.0,61.0
2024-118,2024,118,Iris,Cooper,Iris Cooper,F,65,Thornhill,ON,CAN,1796.1666666666667,True,286.0,62.0
2024-83,2024,83,William,Barkan,William Barkan,M,40,Mill Valley,CA,USA,,False,,
2024-323,2024,323,Alex,Staten,Alex Staten,F,33,Fayetteville,AR,USA,,False,,
2024-75,2024,75,Francesco,Riccadonna,Francesco Riccadonna,M,49,Stouffville,ON,CAN,,False,,
2024-230,2024,230,Suzy,Kisylia,Suzy Kisylia,F,55,Walnut Creek,CA,USA,,False,,
2024-91,2024,91,Marcy,Beard,Marcy Beard,F,55,Livingston,TX,USA,,False,,
2024-310,2024,310,Nate,Smith,Nate Smith,M,48,Kerrville,TX,USA,,False,,
2024-359,2024,359,Lyndsey,Yang,Lyndsey Yang,F,43,Palos Verdes Estates,CA,USA,,False,,
2024-364,2024,364,Lisa,McFadden,Lisa McFadden,F,50,Lillington,NC,USA,,False,,
2024-208,2024,208,Mallory,Ham,Mallory Ham,M,67,Newbury Park,CA,USA,,False,,
2024-260,2024,260,Charley,Jones,Charley Jones,M,52,Folsom,CA,USA,,False,,
2024-274,2024,274,Jon,Paradowski,Jon Paradowski,M,47,Regina,SK,CAN,,False,,
2024-292,2024,292,Cesare,Rotundo,Cesare Rotundo,M,59,Tiburon,CA,USA,,False,,
2024-232,2024,232,Lisa,Kravetz,Lisa Kravetz,F,61,Scottsdale,AZ,USA,,False,,
2024-336,2024,336,Jonathan,Throne,Jonathan Throne,M,37,Davis,CA,USA,,False,,
2024-275,2024,275,Yury,Park,Yury Park,F,41,Los Angeles,CA,USA,,False,,
2024-369,2024,369,Stefanie,Bernosky,Stefanie Bernosky,F,42,Seattle,WA,USA,,False,,
2024-400,2024,400,Kirk,Misaka,Kirk Misaka,M,65,Orinda,CA,USA,,False,,
2024-65,2024,65,Mansour,Monem,Mansour Monem,M,65,carmichael,CA,USA,,False,,
2024-94,2024,94,Russ,Dresher,Russ Dresher,M,42,Berlin,MA,USA,,False,,
2024-27,2024,27,Lin,Chen,Lin Chen,F,33,shuozhou,CHN,CHN,,False,,
2024-M8,2024,M8,Jeffrey,Colt,Jeffrey Colt,M,33,Carbondale,CO,USA,,False,,
2024-19,2024,19,Eleanor,Davis,Eleanor Davis,F,35,Camelford,GBR,GBR,,False,,
2024-28,2024,28,Anna,Li,Anna Li,F,30,,CHN,CHN,,False,,
2024-387,2024,387,Wendy,Clark,Wendy Clark,F,53,Highland,UT,USA,,False,,
2024-228,2024,228,Ashley,Gramza,Ashley Gramza,F,38,Little Rock,AR,USA,,False,,
2024-216,2024,216,Ted,Jamieson,Ted Jamieson,M,36,Arvada,CO,USA,,False,,
2024-56,2024,56,Todd,Law,Todd Law,M,56,Novato,CA,USA,,False,,
2024-105,2024,105,Debbie,Booth,Debbie Booth,F,51,Auburn,CA,USA,,False,,
2024-134,2024,134,Ken,Brook,Ken Brook,M,37,BOISE,ID,USA,,False,,
2024-185,2024,185,Rachel,Elliott,Rachel Elliott,F,43,TAYLORSVILLE,KY,USA,,False,,
2024-60,2024,60,Caolan,MacMahon,Caolan MacMahon,F,60,Boulder,CO,USA,,False,,
2024-144,2024,144,Karen,Ellis,Karen Ellis,F,44,Cypress,TX,USA,,False,,
2024-331,2024,331,David Ernest,Taylor,David Ernest Taylor,M,63,Moggill,AUS,AUS,,False,,
2024-389,2024,389,Mica,Anderson,Mica Anderson,F,31,Huntsville,AL,USA,,False,,
2024-278,2024,278,Melissa,O'Connell,Melissa O'Connell,F,33,Rocklin,CA,USA,,False,,
2024-198,2024,198,Baldwyn,Chieh,Baldwyn Chieh,M,55,Castro Valley,CA,USA,,False,,
2024-295,2024,295,Stefano,Ruzza,Stefano Ruzza,M,42,Busto Arsizio,ITA,ITA,,False,,
2024-168,2024,168,Gilles,Davery,Gilles Davery,M,47,San Jose,CA,USA,,False,,
2024-123,2024,123,Herbert,Krabel,Herbert Krabel,M,59,Columbia,SC,USA,,False,,
2024-264,2024,264,Markus,M√ºller,Markus M√ºller,M,59,Baden,AUT,AUT,,False,,
2024-330,2024,330,Andrew,Taylor,Andrew Taylor,M,40,Modesto,CA,USA,,False,,
2024-345,2024,345,Jonathan,Walker,Jonathan Walker,M,55,Farnham,GBR,GBR,,False,,
2024-269,2024,269,Joseph,Smail,Joseph Smail,M,50,Columbia,MD,USA,,False,,
2024-197,2024,197,Dan,Baxley,Dan Baxley,M,53,San Rafael,CA,USA,,False,,
2024-156,2024,156,Greg,Cizio,Greg Cizio,M,34,Pacifica,CA,USA,,False,,
2024-113,2024,113,Amy,McDowell,Amy McDowell,F,38,Raleigh,NC,USA,,False,,
2024-86,2024,86,Alison,Bassett,Alison Bassett,F,47,Livermore,CA,USA,,False,,
2024-85,2024,85,Joe,Barnard,Joe Barnard,M,44,Olathe,KS,USA,,False,,
2024-396,2024,396,Edd,Ligsay,Edd Ligsay,M,64,Gold River,CA,USA,,False,,
2024-68,2024,68,William,Abel,William Abel,M,51,Byron,IL,USA,,False,,
2024-328,2024,328,Scott,Struck,Scott Struck,M,58,Battle Creek,MI,USA,,False,,
2024-365,2024,365,Slawomir,Michalak,Slawomir Michalak,M,56,Pruszkow,POL,POL,,False,,
2024-304,2024,304,John,Sherback,John Sherback,M,44,North Easton,MA,USA,,False,,
2024-63,2024,63,Luanne,Park,Luanne Park,F,63,Mt Shasta,CA,USA,,False,,
2024-162,2024,162,Kelly,Cook,Kelly Cook,M,41,Dallas,TX,USA,,False,,
2024-224,2024,224,Betsy,Kalmeyer,Betsy Kalmeyer,F,63,Leadville,CO,USA,,False,,
2024-138,2024,138,Burkhard,M√ºnchow,Burkhard M√ºnchow,M,57,L√ºtjensee,DEU,DEU,,False,,
2024-312,2024,312,Matthew,Newton,Matthew Newton,M,42,Long Island City,NY,USA,,False,,
2024-153,2024,153,Jean-Mathieu,Chenier,Jean-Mathieu Chenier,M,39,Gatineau,QC,CAN,,False,,
2024-160,2024,160,Randy,Duncan,Randy Duncan,M,62,Victoria,BC,CAN,,False,,
2024-322,2024,322,Alaina,Star,Alaina Star,F,35,Roseville,CA,USA,,False,,
2024-104,2024,104,Paul,Berquam,Paul Berquam,M,51,Rosamond,CA,USA,,False,,
2024-296,2024,296,Wael,Sammur,Wael Sammur,M,61,Raymore,MO,USA,,False,,
2024-174,2024,174,Brian,Hill,Brian Hill,M,50,Fort Worth,TX,USA,,False,,
2024-231,2024,231,Zelko,Krajcar,Zelko Krajcar,M,52,Gothenburg,SWE,SWE,,False,,
2024-319,2024,319,Sara,Lewis,Sara Lewis,F,47,El Dorado Hills,CA,USA,,False,,
2024-124,2024,124,Brian,Mulholand,Brian Mulholand,M,41,Concord,CA,USA,,False,,
2024-277,2024,277,Dave,Payne,Dave Payne,M,62,Los Altos,CA,USA,,False,,
2024-80,2024,80,Karel,Baloun,Karel Baloun,M,52,Lafayette,CA,USA,,False,,
2024-371,2024,371,Katherine,Webb,Katherine Webb,F,34,Davenport,CA,USA,,False,,
2024-147,2024,147,Steven,Wright,Steven Wright,M,65,Stockton,CA,USA,,False,,
2024-332,2024,332,Randy,Taylor,Randy Taylor,M,42,Kansas City,MO,USA,,False,,
2024-58,2024,58,Dan,Barger,Dan Barger,M,58,Steamboat Springs,CO,USA,,False,,
2024-177,2024,177,Kuwanna,Dyer-Pietras,Kuwanna Dyer-Pietras,F,48,Vestal,NY,USA,,False,,
2024-189,2024,189,Nicholas,Ferdinand,Nicholas Ferdinand,M,43,Traverse City,MI,USA,,False,,
2024-77,2024,77,Eric,Spector,Eric Spector,M,77,Greenbrae,CA,USA,,False,,
2024-393,2024,393,John,Baughman,John Baughman,M,47,Tallahassee,FL,USA,,False,,
2024-109,2024,109,Kim,Penzone,Kim Penzone,F,53,Powell,OH,USA,,False,,
2024-287,2024,287,Jocelyn,Rivas,Jocelyn Rivas,F,27,Los Angeles,CA,USA,,False,,
2024-103,2024,103,Carol,Youngblood,Carol Youngblood,F,46,North Canton,OH,USA,,False,,
2024-258,2024,258,Cal,Mitchell,Cal Mitchell,M,63,Ottawa,ON,CAN,,False,,
2024-240,2024,240,Keshia,Heggie-Street,Keshia Heggie-Street,F,57,Fuquay Varina,NC,USA,,False,,
2024-307,2024,307,Shavinder,Singh,Shavinder Singh,M,46,Fair Oaks,CA,USA,,False,,
2024-131,2024,131,Tim,Weber,Tim Weber,M,61,Indianapolis,IN,USA,,False,,
2024-190,2024,190,Lisa,Gesualdo,Lisa Gesualdo,F,54,Bel Air,MD,USA,,False,,
2024-334,2024,334,Catherine,Tetreault,Catherine Tetreault,F,56,Canmore,AB,CAN,,False,,
2024-344,2024,344,Carol,Villegas,Carol Villegas,F,48,New Lenox,IL,USA,,False,,
2024-101,2024,101,Cheri,Winter,Cheri Winter,F,51,Folsom,CA,USA,,False,,
2024-361,2024,361,Teonna,Zaragoza,Teonna Zaragoza,F,36,Hillsboro,OR,USA,,False,,
2025-M5,2025,M5,Caleb,Olson,Caleb Olson,M,29,Draper,UT,USA,851.4166666666666,True,1.0,1.0
2025-M10,2025,M10,Chris,Myers,Chris Myers,M,29,Nederland,CO,USA,857.65,True,2.0,2.0
2025-33,2025,33,Kilian,Jornet,Kilian Jornet,M,37,Måndalen,More og Romsdal,NOR,859.3666666666667,True,3.0,3.0
2025-20,2025,20,Jeff,Mogavero,Jeff Mogavero,M,31,Missoula,MT,USA,870.1833333333333,True,4.0,4.0
2025-M4,2025,M4,Daniel,Jones,Daniel Jones,M,34,Wellington,NZL,NZL,876.2833333333333,True,5.0,5.0
2025-24,2025,24,Seth,Ruhling,Seth Ruhling,M,30,Boulder,CO,USA,899.6,True,6.0,6.0
2025-40,2025,40,Ryan,Montgomery,Ryan Montgomery,M,31,Hanover,NH,USA,954.4833333333333,True,7.0,7.0
2025-38,2025,38,Hans,Troyer,Hans Troyer,M,25,Newnan,GA,USA,966.8666666666667,True,8.0,8.0
2025-14,2025,14,Peter,Frano,Peter Frano,M,29,Brezno,SVK,SVK,970.7333333333333,True,9.0,9.0
2025-29,2025,29,Kai,Hiroki,Kai Hiroki,M,30,Tokyo,JPN,JPN,982.7666666666667,True,10.0,10.0
2025-22,2025,22,Abby,Hall,Abby Hall,F,34,Flagstaff,AZ,USA,997.2666666666667,True,11.0,1.0
2025-F2,2025,F2,Fuzhao,Xiang,Fuzhao Xiang,F,33,Deqing,CHN,CHN,1007.15,True,12.0,2.0
2025-35,2025,35,Marianne,Hogan,Marianne Hogan,F,35,St-Jean-sur-Richelieu,QC,CAN,1010.9666666666667,True,13.0,3.0
2025-39,2025,39,Hannes,Namberger,Hannes Namberger,M,36,Ruhpolding,DEU,DEU,1019.55,True,14.0,11.0
2025-F6,2025,F6,Ida,Nilsson,Ida Nilsson,F,43,Kalmar,SWE,SWE,1020.8,True,15.0,4.0
2025-392,2025,392,Dan,Green,Dan Green,M,28,Huntington,WV,USA,1034.3833333333334,True,16.0,12.0
2025-31,2025,31,Fiona,Pascall,Fiona Pascall,F,35,Taunton,Somerset,GBR,1041.8666666666666,True,17.0,5.0
2025-13,2025,13,Hau,Ha,Hau Ha,F,36,Sapa,VNM,VNM,1043.7833333333333,True,18.0,6.0
2025-18,2025,18,Hannah,Allgood,Hannah Allgood,F,33,Colorado Springs,CO,USA,1059.0333333333333,True,19.0,7.0
2025-27,2025,27,Caitlin,Fielder,Caitlin Fielder,F,32,El Tarter,AND,AND,1067.4333333333334,True,20.0,8.0
2025-36,2025,36,Keely,Henninger,Keely Henninger,F,33,Portland,OR,USA,1077.4,True,21.0,9.0
2025-271,2025,271,Loren,Newman,Loren Newman,M,38,San Anselmo,CA,USA,1081.55,True,22.0,13.0
2025-26,2025,26,Joe,McConaughy,Joe McConaughy,M,33,Seattle,WA,USA,1082.5666666666666,True,23.0,14.0
2025-50,2025,50,Johannes,Obermueller,Johannes Obermueller,M,37,Kreuth,DEU,DEU,1085.9333333333334,True,24.0,15.0
2025-F4,2025,F4,Emily,Hawgood,Emily Hawgood,F,30,Beatrice,ZWE,ZWE,1091.0833333333333,True,25.0,10.0
2025-412,2025,412,Rob,Molke,Rob Molke,M,34,Minneapolis,MN,USA,1092.55,True,26.0,16.0
2025-405,2025,405,Ricki,Wynne,Ricki Wynne,M,42,Leitrim,DRUMSHANBO,IRL,1121.3166666666666,True,27.0,17.0
2025-37,2025,37,Erin,Clark,Erin Clark,F,30,Missoula,MT,USA,1132.3666666666666,True,28.0,11.0
2025-53,2025,53,Jeff,Browning,Jeff Browning,M,53,Flagstaff,AZ,USA,1152.9666666666667,True,29.0,18.0
2025-32,2025,32,Johanna,Antila,Johanna Antila,F,45,Vaasa,,FIN,1153.2666666666667,True,30.0,12.0
2025-248,2025,248,Jeremie,Marcuccilli,Jeremie Marcuccilli,M,44,Lagnes,FRA,FRA,1187.4,True,31.0,19.0
2025-165,2025,165,Galen,Farris,Galen Farris,M,43,Sacramento,CA,USA,1195.9833333333333,True,32.0,20.0
2025-104,2025,104,Eileen,Biscaha,Eileen Biscaha,F,35,Flagstaff,AZ,USA,1201.15,True,33.0,13.0
2025-300,2025,300,Chris,Roberts,Chris Roberts,M,40,Kirkwood,MO,USA,1205.85,True,34.0,21.0
2025-30,2025,30,Adrian,Macdonald,Adrian Macdonald,M,36,Fort Collins,CO,USA,1214.4166666666667,True,35.0,22.0
2025-28,2025,28,Nancy,Jiang,Nancy Jiang,F,34,Stoke,NZL,NZL,1217.4,True,36.0,14.0
2025-316,2025,316,Jeff,Schacherl,Jeff Schacherl,M,37,Thousand Oaks,CA,USA,1221.6,True,37.0,23.0
2025-246,2025,246,Simon,Marcil,Simon Marcil,M,45,OUTREMONT,QC,CAN,1245.3,True,38.0,24.0
2025-389,2025,389,Paige,Borges,Paige Borges,F,32,Mammoth Lakes,CA,USA,1246.0666666666666,True,39.0,15.0
2025-388,2025,388,Francesco,Sgarlata,Francesco Sgarlata,M,36,Milano,ITA,ITA,1252.5,True,40.0,25.0
2025-149,2025,149,Tim,Vail,Tim Vail,M,25,Ramona,CA,USA,1255.3333333333333,True,41.0,26.0
2025-43,2025,43,Shea,Aquilano,Shea Aquilano,F,24,Boulder,CO,USA,1268.1,True,42.0,16.0
2025-416,2025,416,Drew,Miller,Drew Miller,M,39,DURHAM,NC,USA,1276.6166666666666,True,43.0,27.0
2025-109,2025,109,Melissa,Ostaszewski,Melissa Ostaszewski,F,33,Flagstaff,AZ,USA,1287.1666666666667,True,44.0,17.0
2025-359,2025,359,Amber,Weibel,Amber Weibel,F,47,South Lake Tahoe,CA,USA,1288.2833333333333,True,45.0,18.0
2025-348,2025,348,Peter,Thorvaldsson,Peter Thorvaldsson,M,42,Mölndal,SWE,SWE,1289.8166666666666,True,46.0,28.0
2025-68,2025,68,Loren,Baker,Loren Baker,M,39,Martinez,CA,USA,1296.8166666666666,True,47.0,29.0
2025-303,2025,303,Michael,Roy,Michael Roy,M,46,Saint Louis,MO,USA,1303.6666666666667,True,48.0,30.0
2025-42,2025,42,Haroldas,Subertas,Haroldas Subertas,M,33,Haines,AK,USA,1305.45,True,49.0,31.0
2025-136,2025,136,Hyun Chang,Chung,Hyun Chang Chung,M,52,Kimije,KOR,KOR,1328.45,True,50.0,32.0
2025-206,2025,206,Troy,Haeseler,Troy Haeseler,M,44,Renton,WA,USA,1334.4833333333333,True,51.0,33.0
2025-208,2025,208,Tyler,Kilbury,Tyler Kilbury,M,39,Lakewood,CO,USA,1338.7166666666667,True,52.0,34.0
2025-349,2025,349,Eddy,Healey,Eddy Healey,M,35,York,GBR,GBR,1339.1833333333334,True,53.0,35.0
2025-274,2025,274,Krystian,Ogly,Krystian Ogly,M,47,Sobotka,POL,POL,1347.55,True,54.0,36.0
2025-370,2025,370,Jeffrey,Urbanski,Jeffrey Urbanski,M,40,Broomfield,CO,USA,1352.7333333333333,True,55.0,37.0
2025-218,2025,218,Adrian,Koch,Adrian Koch,M,24,Garmisch-Partenkirchen,DEU,DEU,1359.3166666666666,True,56.0,38.0
2025-188,2025,188,Luca,Guerini,Luca Guerini,M,59,Marcheno,ITA,ITA,1362.1,True,57.0,39.0
2025-265,2025,265,Shad,Mika,Shad Mika,M,49,Westminster,CO,USA,1362.7666666666667,True,58.0,40.0
2025-282,2025,282,Olivier,Pecoul,Olivier Pecoul,M,45,Combloux,FRA,FRA,1363.7666666666667,True,59.0,41.0
2025-235,2025,235,Jun,Liu,Jun Liu,F,38,shanghai,CHN,CHN,1365.15,True,60.0,19.0
2025-352,2025,352,Chad,Trumbo,Chad Trumbo,M,42,Columbus,OH,USA,1367.3,True,61.0,42.0
2025-140,2025,140,Brian,Corgard,Brian Corgard,M,43,Coon Rapids,MN,USA,1367.4166666666667,True,62.0,43.0
2025-126,2025,126,Tommy,Byrne,Tommy Byrne,M,39,De Pere,WI,USA,1370.8833333333334,True,63.0,44.0
2025-153,2025,153,Jon,Kline,Jon Kline,M,49,Sacramento,CA,USA,1372.3,True,64.0,45.0
2025-161,2025,161,Forrest,Eber,Forrest Eber,M,47,Santa Rosa,CA,USA,1375.6,True,65.0,46.0
2025-155,2025,155,Michael,Dimond,Michael Dimond,M,37,AUBURN,CA,USA,1383.4833333333333,True,66.0,47.0
2025-258,2025,258,Michael,Klingman,Michael Klingman,M,44,Fair Oaks,CA,USA,1386.7166666666667,True,67.0,48.0
2025-15,2025,15,Adam,Peterman,Adam Peterman,M,29,Missoula,MT,USA,1389.4833333333333,True,68.0,49.0
2025-330,2025,330,Ryan,Smook,Ryan Smook,M,36,Grande Prairie,AB,CAN,1391.9166666666667,True,69.0,50.0
2025-278,2025,278,Federico,Pacheco,Federico Pacheco,M,45,"La Unión, Tres ríos",CRI,CRI,1392.2166666666667,True,70.0,51.0
2025-94,2025,94,Anton,Kuhberger,Anton Kuhberger,M,49,Mautern,AUT,AUT,1394.0666666666666,True,71.0,52.0
2025-318,2025,318,Stefan,Schuster,Stefan Schuster,M,30,Boulder,CO,USA,1397.2166666666667,True,72.0,53.0
2025-219,2025,219,Megan,Kono,Megan Kono,F,41,San Rafael,CA,USA,1397.6833333333334,True,73.0,20.0
2025-361,2025,361,Clay,Wilkes,Clay Wilkes,M,36,Sandy,UT,USA,1402.95,True,74.0,54.0
2025-374,2025,374,Michael,Schooler,Michael Schooler,M,50,Concord,CA,USA,1405.25,True,75.0,55.0
2025-205,2025,205,Erin,Kelman,Erin Kelman,M,48,Germantown,MD,USA,1409.3666666666666,True,76.0,56.0
2025-371,2025,371,Lance,Pearce,Lance Pearce,M,44,Monument,CO,USA,1410.6166666666666,True,77.0,57.0
2025-321,2025,321,Cindy,Shepard,Cindy Shepard,F,31,Portland,OR,USA,1411.0333333333333,True,78.0,21.0
2025-90,2025,90,Jack,Davis,Jack Davis,M,48,Johannesburg,ZAF,ZAF,1412.1833333333334,True,79.0,58.0
2025-423,2025,423,William,Dai,William Dai,M,55,San Francisco,CA,USA,1413.0,True,80.0,59.0
2025-299,2025,299,Gerard,Riordan,Gerard Riordan,M,34,London,GBR,GBR,1413.6333333333334,True,81.0,60.0
2025-304,2025,304,John,Baldwin,John Baldwin,M,45,Madison,WV,USA,1415.75,True,82.0,61.0
2025-92,2025,92,Dane,Ball,Dane Ball,M,46,HOUSTON,TX,USA,1419.0833333333333,True,83.0,62.0
2025-178,2025,178,David,Galvez,David Galvez,M,30,Oakland,CA,USA,1419.8833333333334,True,84.0,63.0
2025-296,2025,296,Bradley,Revenis,Bradley Revenis,M,39,Chevy Chase,MD,USA,1421.25,True,85.0,64.0
2025-302,2025,302,Matt,Ross,Matt Ross,M,43,Marietta,GA,USA,1422.3833333333334,True,86.0,65.0
2025-97,2025,97,Brandon,Dugi,Brandon Dugi,M,28,Page,AZ,USA,1426.2,True,87.0,66.0
2025-172,2025,172,Matthias,Glück,Matthias Glück,M,42,Walddorfhäslach,DEU,DEU,1427.4833333333333,True,88.0,67.0
2025-107,2025,107,Yuichiro,Hidaka,Yuichiro Hidaka,M,46,South Kingstown,RI,USA,1428.15,True,89.0,68.0
2025-234,2025,234,Dongyang,Li,Dongyang Li,M,36,Pasadena,CA,USA,1428.9666666666667,True,90.0,69.0
2025-63,2025,63,Howard,Norton,Howard Norton,M,63,Norwood,AUS,AUS,1429.0833333333333,True,91.0,70.0
2025-152,2025,152,Fabio,Di Giacomo,Fabio Di Giacomo,M,46,Castronno,ITA,ITA,1433.6833333333334,True,92.0,71.0
2025-317,2025,317,Derek,Schultz,Derek Schultz,M,46,Pottstown,PA,USA,1443.3,True,93.0,72.0
2025-207,2025,207,Dave,Kesterson,Dave Kesterson,M,40,Knoxville,TN,USA,1448.0,True,94.0,73.0
2025-83,2025,83,Alberto,Campos,Alberto Campos,M,41,"Zacan, Michoacan",MEX,MEX,1449.5666666666666,True,95.0,74.0
2025-73,2025,73,Nathan,Moody,Nathan Moody,M,49,Monument,CO,USA,1456.8666666666666,True,96.0,75.0
2025-342,2025,342,Abigail,Swift,Abigail Swift,F,37,Sacramento,CA,USA,1458.85,True,97.0,22.0
2025-176,2025,176,Christian,Gagel,Christian Gagel,M,39,San Diego,CA,USA,1463.8166666666666,True,98.0,76.0
2025-87,2025,87,Buck,Baker,Buck Baker,M,30,Houston,TX,USA,1465.5166666666667,True,99.0,77.0
2025-229,2025,229,Graham,Law,Graham Law,M,43,London,GBR,GBR,1465.7333333333333,True,100.0,78.0
2025-82,2025,82,Elliot,Smith,Elliot Smith,M,42,Oak Park,IL,USA,1485.15,True,101.0,79.0
2025-319,2025,319,Mallory,Servais,Mallory Servais,F,36,Berkeley,CA,USA,1490.7333333333333,True,102.0,23.0
2025-171,2025,171,Phillip,Fowler,Phillip Fowler,M,40,Coalstoun Lakes,AUS,AUS,1493.4166666666667,True,103.0,80.0
2025-332,2025,332,Laure,Spake,Laure Spake,F,32,Binghamton,NY,USA,1499.15,True,104.0,24.0
2025-95,2025,95,Christopher,Bartholomew,Christopher Bartholomew,M,45,Mill Valley,CA,USA,1505.7666666666667,True,105.0,81.0
2025-129,2025,129,Liz,Canty,Liz Canty,F,33,Castle Rock,CO,USA,1510.9833333333333,True,106.0,25.0
2025-62,2025,62,Pål,Andersson,Pål Andersson,M,47,Beddingestrand,SWE,SWE,1516.8,True,107.0,82.0
2025-280,2025,280,William,Parnell,William Parnell,M,47,Chico,CA,USA,1521.8333333333333,True,108.0,83.0
2025-272,2025,272,Rick,Nguyen,Rick Nguyen,M,52,Richardson,TX,USA,1526.3,True,109.0,84.0
2025-421,2025,421,Tyler,Ford,Tyler Ford,M,30,Charlottesville,VA,USA,1528.6,True,110.0,85.0
2025-254,2025,254,Jay,McCabe,Jay McCabe,M,52,San Diego,CA,USA,1531.55,True,111.0,86.0
2025-239,2025,239,Nicholas,Peterson,Nicholas Peterson,M,43,Arvada,CO,USA,1535.7333333333333,True,112.0,87.0
2025-159,2025,159,Julien,Ducommun,Julien Ducommun,M,47,Féchy,CHE,CHE,1536.75,True,113.0,88.0
2025-291,2025,291,Babak,Rastgoufard,Babak Rastgoufard,M,52,Missoula,MT,USA,1539.9333333333334,True,114.0,89.0
2025-133,2025,133,Yann,Choppe,Yann Choppe,M,39,Montréal,QC,CAN,1542.3333333333333,True,115.0,90.0
2025-132,2025,132,Karl,Schnaitter,Karl Schnaitter,M,43,Santa Cruz,CA,USA,1542.9833333333333,True,116.0,91.0
2025-228,2025,228,Mathieu,Larrivee,Mathieu Larrivee,M,45,Gatineau,QC,CAN,1549.8166666666666,True,117.0,92.0
2025-105,2025,105,Austin,Black,Austin Black,M,34,Bartlett,NH,USA,1550.9166666666667,True,118.0,93.0
2025-101,2025,101,Ian,Garnett,Ian Garnett,M,39,"Milngavie, Glasgow",GBR,GBR,1552.7166666666667,True,119.0,94.0
2025-369,2025,369,Doug,Oatis,Doug Oatis,M,44,Denver,CO,USA,1555.7,True,120.0,95.0
2025-231,2025,231,Federico,Stickel,Federico Stickel,M,46,Imperia,ITA,ITA,1556.0166666666667,True,121.0,96.0
2025-127,2025,127,Dan,Campbell,Dan Campbell,M,46,Belgrade,MT,USA,1557.7666666666667,True,122.0,97.0
2025-79,2025,79,Daniel,Arnold,Daniel Arnold,M,40,Little Rock,AR,USA,1563.1,True,123.0,98.0
2025-113,2025,113,Jakub,Mrowiec,Jakub Mrowiec,M,37,Krakow,POL,POL,1563.3666666666666,True,124.0,99.0
2025-266,2025,266,Bryce,Murry,Bryce Murry,M,45,Henderson,NV,USA,1564.95,True,125.0,100.0
2025-400,2025,400,Sam,Skeels,Sam Skeels,M,47,Adrian,MI,USA,1568.0,True,126.0,101.0
2025-237,2025,237,Aurelien,Lorin,Aurelien Lorin,M,45,Quebec,QC,CAN,1568.3666666666666,True,127.0,102.0
2025-86,2025,86,William,Bacon,William Bacon,M,39,San Rafael,CA,USA,1568.4833333333333,True,128.0,103.0
2025-404,2025,404,Trevor,Meding,Trevor Meding,M,44,Sugar Land,TX,USA,1573.25,True,129.0,104.0
2025-245,2025,245,Morgan,Mahn,Morgan Mahn,M,30,Flagstaff,AZ,USA,1575.8166666666666,True,130.0,105.0
2025-118,2025,118,Jingyi,Wang,Jingyi Wang,M,33,SHENZHEN,CHN,CHN,1576.4,True,131.0,106.0
2025-306,2025,306,Tatiana,Rypinski,Tatiana Rypinski,F,32,Houston,TX,USA,1579.4,True,132.0,26.0
2025-358,2025,358,Rebecca,Watters,Rebecca Watters,F,39,ATLANTA,GA,USA,1588.3333333333333,True,133.0,27.0
2025-103,2025,103,James,Bennett,James Bennett,M,34,Kent,GBR,GBR,1589.9333333333334,True,134.0,107.0
2025-285,2025,285,David,Peterman,David Peterman,M,62,Hudson,OH,USA,1594.0333333333333,True,135.0,108.0
2025-232,2025,232,Moon-Ka,Leung,Moon-Ka Leung,M,49,Hong Kong,HKG,HKG,1595.7833333333333,True,136.0,109.0
2025-135,2025,135,Alice,May,Alice May,F,41,Vashon,WA,USA,1596.15,True,137.0,28.0
2025-331,2025,331,Qi,Song,Qi Song,F,56,San Jose,CA,USA,1597.6166666666666,True,138.0,29.0
2025-320,2025,320,Christopher,Severson,Christopher Severson,M,51,Orinda,CA,USA,1599.25,True,139.0,110.0
2025-138,2025,138,Amy,Clark,Amy Clark,F,48,Fort Worth,TX,USA,1600.2,True,140.0,30.0
2025-108,2025,108,Megan,Bowen,Megan Bowen,F,38,Bozeman,MT,USA,1602.3,True,141.0,31.0
2025-220,2025,220,Brian,Kutz,Brian Kutz,M,38,Silver Bay,MN,USA,1609.3333333333333,True,142.0,111.0
2025-200,2025,200,Roni,Kauri,Roni Kauri,M,57,Monroe,WA,USA,1612.7,True,143.0,112.0
2025-333,2025,333,Carolyn,Latham,Carolyn Latham,F,38,San Anselmo,CA,USA,1612.8333333333333,True,144.0,32.0
2025-270,2025,270,Yvonne,Naughton,Yvonne Naughton,F,48,Silverton,CO,USA,1613.7666666666667,True,145.0,33.0
2025-184,2025,184,Jade,Graham,Jade Graham,F,38,Alexandria,VA,USA,1614.95,True,146.0,34.0
2025-287,2025,287,Artur,Piecha,Artur Piecha,M,48,Rybnik,POL,POL,1615.2666666666667,True,147.0,113.0
2025-334,2025,334,Tim,Spaulding,Tim Spaulding,M,45,Forest,VA,USA,1622.3666666666666,True,148.0,114.0
2025-257,2025,257,Patrick,McEnaney,Patrick McEnaney,M,52,Mendon,MA,USA,1624.1833333333334,True,149.0,115.0
2025-425,2025,425,Ken,Krogsrud,Ken Krogsrud,M,38,Auburn,CA,USA,1624.9333333333334,True,150.0,116.0
2025-186,2025,186,Jimmey,Green,Jimmey Green,M,40,Oklahoma City,OK,USA,1625.2833333333333,True,151.0,117.0
2025-112,2025,112,Peter,Shearouse,Peter Shearouse,M,38,Lakewood,CO,USA,1630.8,True,152.0,118.0
2025-327,2025,327,Matthew Chen,Smith,Matthew Chen Smith,M,46,Redondo Beach,CA,USA,1633.1833333333334,True,153.0,119.0
2025-406,2025,406,Benjamin,Gibbard,Benjamin Gibbard,M,48,Seattle,WA,USA,1635.1833333333334,True,154.0,120.0
2025-250,2025,250,Debbie,Martin-Consani,Debbie Martin-Consani,F,50,Glasgow,GBR,GBR,1636.8,True,155.0,35.0
2025-240,2025,240,Brock,Ludlow,Brock Ludlow,M,46,Aurora,OR,USA,1637.6833333333334,True,156.0,121.0
2025-292,2025,292,Zoe,Ray,Zoe Ray,F,26,Walnut Creek,CA,USA,1638.1166666666666,True,157.0,36.0
2025-273,2025,273,Daniel,Oakes,Daniel Oakes,M,43,Vienna,VA,USA,1638.4833333333333,True,158.0,122.0
2025-77,2025,77,Melissa,Johnson,Melissa Johnson,F,49,Auburn,CA,USA,1638.6,True,159.0,37.0
2025-142,2025,142,Stuart,Cox,Stuart Cox,M,46,Melbourne,AUS,AUS,1640.35,True,160.0,123.0
2025-123,2025,123,Susan,Brown,Susan Brown,F,41,Calgary,AB,CAN,1640.5,True,161.0,38.0
2025-311,2025,311,Greg,Salvesen,Greg Salvesen,M,38,Santa Fe,NM,USA,1643.3833333333334,True,162.0,124.0
2025-261,2025,261,Zoey,McLarty,Zoey McLarty,F,36,Grass Valley,CA,USA,1644.5,True,163.0,39.0
2025-357,2025,357,Konstantin,Walmsley,Konstantin Walmsley,M,55,Glen Ridge,NJ,USA,1646.2,True,164.0,125.0
2025-217,2025,217,Don,Knight,Don Knight,M,43,Pittsburgh,PA,USA,1646.7833333333333,True,165.0,126.0
2025-81,2025,81,Nick,Affleck,Nick Affleck,M,44,Chico,CA,USA,1654.9833333333333,True,166.0,127.0
2025-151,2025,151,Lesley,Dellamonica,Lesley Dellamonica,F,60,Truckee,CA,USA,1656.5666666666666,True,167.0,40.0
2025-381,2025,381,Sean,Schmidt,Sean Schmidt,M,40,Portland,OR,USA,1658.45,True,168.0,128.0
2025-426,2025,426,Kristijan,Begic,Kristijan Begic,M,39,Waterbury,CT,USA,1658.8166666666666,True,169.0,129.0
2025-275,2025,275,Karmell,Ohlrogge,Karmell Ohlrogge,F,39,Olmsted Falls,OH,USA,1659.4833333333333,True,170.0,41.0
2025-322,2025,322,Ryan,Sievers,Ryan Sievers,M,37,Joelton,TN,USA,1663.0,True,171.0,130.0
2025-394,2025,394,Tim,Hullermann,Tim Hullermann,M,39,Denver,CO,USA,1666.3666666666666,True,172.0,131.0
2025-315,2025,315,Miki,Sawada,Miki Sawada,F,38,Boston,MA,USA,1667.6166666666666,True,173.0,42.0
2025-276,2025,276,Oscar,Osorio,Oscar Osorio,M,48,Millbrae,CA,USA,1669.3,True,174.0,132.0
2025-67,2025,67,Michael,Curry,Michael Curry,M,38,San Diego,CA,USA,1673.7833333333333,True,175.0,133.0
2025-378,2025,378,Richard,Kwiatkowski,Richard Kwiatkowski,M,59,Earlysville,VA,USA,1675.0166666666667,True,176.0,134.0
2025-84,2025,84,Evan,Bach,Evan Bach,M,26,Verona,WI,USA,1676.0666666666666,True,177.0,135.0
2025-312,2025,312,Philip,Sanderson,Philip Sanderson,M,57,Mill Valley,CA,USA,1679.85,True,178.0,136.0
2025-326,2025,326,Craig,Smith,Craig Smith,M,49,Madison,AL,USA,1681.0666666666666,True,179.0,137.0
2025-236,2025,236,Tyler,Lopez,Tyler Lopez,F,45,Sacramento,CA,USA,1683.7333333333333,True,180.0,43.0
2025-211,2025,211,Kristy,Killesteyn,Kristy Killesteyn,F,41,Lane Cove West,AUS,AUS,1684.0,True,181.0,44.0
2025-301,2025,301,Julie,Romanet-Perroux,Julie Romanet-Perroux,F,48,Coogee,AUS,AUS,1688.2833333333333,True,182.0,45.0
2025-156,2025,156,Matthew,Dina,Matthew Dina,M,47,Novato,CA,USA,1688.5,True,183.0,138.0
2025-76,2025,76,Danna,Baxley,Danna Baxley,F,44,Frankfort,KY,USA,1689.2,True,184.0,46.0
2025-295,2025,295,Christian,Reimers,Christian Reimers,M,42,Villach,AUT,AUT,1690.6333333333334,True,185.0,139.0
2025-223,2025,223,Mindy,Coolman,Mindy Coolman,F,43,Omaha,NE,USA,1692.3833333333334,True,186.0,47.0
2025-78,2025,78,Lucia,McIntosh,Lucia McIntosh,F,47,Los Angeles,CA,USA,1696.8833333333334,True,187.0,48.0
2025-106,2025,106,Ashley,Blakemore,Ashley Blakemore,F,40,Conifer,CO,USA,1698.4666666666667,True,188.0,49.0
2025-238,2025,238,Deron,Carter,Deron Carter,M,51,Corvallis,OR,USA,1699.0333333333333,True,189.0,140.0
2025-393,2025,393,David,Tien,David Tien,M,53,La Crescenta,CA,USA,1699.2333333333333,True,190.0,141.0
2025-286,2025,286,Lars,Peterson,Lars Peterson,M,48,Chandler,AZ,USA,1702.0,True,191.0,142.0
2025-177,2025,177,David,Galloway,David Galloway,M,41,Black Mountain,NC,USA,1705.45,True,192.0,143.0
2025-227,2025,227,Preston,Thomas,Preston Thomas,M,49,Philadelphia,PA,USA,1705.6833333333334,True,193.0,144.0
2025-305,2025,305,Michelle,Ryan,Michelle Ryan,F,54,Salt Lake City,UT,USA,1706.8333333333333,True,194.0,50.0
2025-221,2025,221,Francois,Lacoursiere,Francois Lacoursiere,M,58,Montreal,QC,CAN,1707.3833333333334,True,195.0,145.0
2025-148,2025,148,Jaime,Dawes,Jaime Dawes,F,46,Rio Rancho,NM,USA,1707.7,True,196.0,51.0
2025-167,2025,167,Scott,Flatlip,Scott Flatlip,M,39,Crow Agency,MT,USA,1711.6333333333334,True,197.0,146.0
2025-120,2025,120,Jason,Bull,Jason Bull,M,32,ARVADA,CO,USA,1712.4166666666667,True,198.0,147.0
2025-213,2025,213,Jared,Romero,Jared Romero,M,48,Irvine,CA,USA,1714.8166666666666,True,199.0,148.0
2025-241,2025,241,Simon,Ludwig,Simon Ludwig,M,48,Riedikon,CHE,CHE,1715.8666666666666,True,200.0,149.0
2025-85,2025,85,Ken,Bujer,Ken Bujer,M,40,Arnold,CA,USA,1716.8666666666666,True,201.0,150.0
2025-269,2025,269,Max,Naughton,Max Naughton,M,42,Solihull,GBR,GBR,1717.6,True,202.0,151.0
2025-365,2025,365,Aryn,Yancher,Aryn Yancher,F,39,Sacramento,CA,USA,1720.0,True,203.0,52.0
2025-147,2025,147,Gean Ivan,Dagnino Marquez,Gean Ivan Dagnino Marquez,M,50,"Culiacan, Sinaloa",MEX,MEX,1721.75,True,204.0,152.0
2025-399,2025,399,Gabe,Peterson,Gabe Peterson,M,51,San Diego,CA,USA,1724.0833333333333,True,205.0,153.0
2025-279,2025,279,Siu Chuen,Pang,Siu Chuen Pang,M,41,Hong Kong,HKG,HKG,1724.6833333333334,True,206.0,154.0
2025-336,2025,336,Antony,Stagg,Antony Stagg,M,54,Bristol,GBR,GBR,1725.4833333333333,True,207.0,155.0
2025-54,2025,54,Faith,Akioyamen,Faith Akioyamen,F,36,Katy,TX,USA,1729.7,True,208.0,53.0
2025-288,2025,288,Jason,Pohl,Jason Pohl,M,34,Berkeley,CA,USA,1729.8,True,209.0,156.0
2025-380,2025,380,Lauren,Schweitzer,Lauren Schweitzer,F,41,Altadena,CA,USA,1730.7166666666667,True,210.0,54.0
2025-249,2025,249,Shannon,Martin,Shannon Martin,F,49,Reno,NV,USA,1730.9833333333333,True,211.0,55.0
2025-313,2025,313,Yasushi,Sasaki,Yasushi Sasaki,M,63,Vancouver,BC,CAN,1732.8333333333333,True,212.0,157.0
2025-117,2025,117,Kenna,Brock,Kenna Brock,F,42,Littleton,CO,USA,1736.2,True,213.0,56.0
2025-259,2025,259,Melissa,McKeehan,Melissa McKeehan,F,40,Dana Point,CA,USA,1736.2333333333333,True,214.0,57.0
2025-96,2025,96,Wim,Bastiaens,Wim Bastiaens,M,47,Geel,BEL,BEL,1737.55,True,215.0,158.0
2025-379,2025,379,Michael,Pilz,Michael Pilz,M,56,Sierra Vista,AZ,USA,1737.9666666666667,True,216.0,159.0
2025-143,2025,143,Kevin,Wheat,Kevin Wheat,M,40,Highlands Ranch,CO,USA,1739.0833333333333,True,217.0,160.0
2025-190,2025,190,Matt,Hempel,Matt Hempel,M,50,Frisco,TX,USA,1739.15,True,218.0,161.0
2025-222,2025,222,Chassen,Ortiz,Chassen Ortiz,F,37,Bend,OR,USA,1739.8,True,219.0,58.0
2025-264,2025,264,Todd,Meconis,Todd Meconis,M,50,Smyrna,GA,USA,1739.9166666666667,True,220.0,162.0
2025-72,2025,72,Jan,Vleck,Jan Vleck,M,72,Olympia,WA,USA,1742.4333333333334,True,221.0,163.0
2025-226,2025,226,Cody,Jackson,Cody Jackson,M,33,Snoqualmie,WA,USA,1744.9666666666667,True,222.0,164.0
2025-197,2025,197,Rodrigo,Joao,Rodrigo Joao,M,47,RIO DE JANEIRO,BRA,BRA,1745.7333333333333,True,223.0,165.0
2025-168,2025,168,Zhong,Ge,Zhong Ge,M,43,Beijing,CHN,CHN,1745.9166666666667,True,224.0,166.0
2025-99,2025,99,Jace,Neuenschwander,Jace Neuenschwander,M,48,Kempner,TX,USA,1747.3833333333334,True,225.0,167.0
2025-141,2025,141,Jamil,Coury,Jamil Coury,M,40,Phoenix,AZ,USA,1747.5333333333333,True,226.0,168.0
2025-255,2025,255,Chad,McCarl,Chad McCarl,M,48,Cary,NC,USA,1747.95,True,227.0,169.0
2025-57,2025,57,Curt,Amstutz,Curt Amstutz,M,56,Berne,IN,USA,1751.35,True,228.0,170.0
2025-215,2025,215,Madeleine,King,Madeleine King,F,26,Chicago,IL,USA,1751.5166666666667,True,229.0,59.0
2025-210,2025,210,Richard,Ward,Richard Ward,M,58,Campbell,CA,USA,1753.1333333333334,True,230.0,171.0
2025-125,2025,125,Elizabeth,Lucarelli,Elizabeth Lucarelli,F,42,Asheville,NC,USA,1753.55,True,231.0,60.0
2025-150,2025,150,Sierra,DeGroff,Sierra DeGroff,F,34,Las Vegas,NV,USA,1754.5666666666666,True,232.0,61.0
2025-382,2025,382,Joe,Price,Joe Price,M,56,Oldenburg,IN,USA,1755.0166666666667,True,233.0,172.0
2025-131,2025,131,Nicholas,Hill,Nicholas Hill,M,40,Mendham,NJ,USA,1756.5333333333333,True,234.0,173.0
2025-157,2025,157,Laura,Rollins,Laura Rollins,F,55,Clyde,NC,USA,1758.05,True,235.0,62.0
2025-314,2025,314,Kenny,Jones,Kenny Jones,M,46,St. George,UT,USA,1758.4666666666667,True,236.0,174.0
2025-179,2025,179,Jack,Gammon,Jack Gammon,M,51,WARWICK,GBR,GBR,1759.1333333333334,True,237.0,175.0
2025-243,2025,243,Ian,Luschin,Ian Luschin,M,48,Chagrin Falls,OH,USA,1761.3,True,238.0,176.0
2025-323,2025,323,Maria,Simone,Maria Simone,F,51,Conifer,CO,USA,1761.5666666666666,True,239.0,63.0
2025-435,2025,435,Russell,Gardham,Russell Gardham,M,57,Eastbourne,GBR,GBR,1762.65,True,240.0,177.0
2025-89,2025,89,Tim,Gorichanaz,Tim Gorichanaz,M,35,Philadelphia,PA,USA,1762.9833333333333,True,241.0,178.0
2025-137,2025,137,Daniel,Cirstoveanu,Daniel Cirstoveanu,M,32,Bucharest,ROU,ROU,1764.05,True,242.0,179.0
2025-346,2025,346,Amy,Thomsen,Amy Thomsen,F,44,Grass Valley,CA,USA,1765.6666666666667,True,243.0,64.0
2025-115,2025,115,Mark,Klettlinger,Mark Klettlinger,M,44,Etna,OH,USA,1766.3,True,244.0,180.0
2025-100,2025,100,Carrie,Meng,Carrie Meng,F,47,Flagler Beach,FL,USA,1766.8333333333333,True,245.0,65.0
2025-194,2025,194,Jill,Hinely,Jill Hinely,F,43,Irmo,SC,USA,1767.9,True,246.0,66.0
2025-195,2025,195,David,Hopper,David Hopper,M,55,Beaverton,OR,USA,1768.35,True,247.0,181.0
2025-122,2025,122,Alison,Miller,Alison Miller,F,46,Aledo,TX,USA,1768.9,True,248.0,67.0
2025-395,2025,395,Rini,Sugianto,Rini Sugianto,F,45,Jakarta,IDN,IDN,1769.05,True,249.0,68.0
2025-354,2025,354,Mark,Valites,Mark Valites,M,46,Hamburg,NY,USA,1769.7166666666667,True,250.0,182.0
2025-297,2025,297,Nadine,Reynartz,Nadine Reynartz,F,49,Malmedy,BEL,BEL,1770.2,True,251.0,69.0
2025-253,2025,253,Andrew,Mayo,Andrew Mayo,M,44,Sacramento,CA,USA,1771.25,True,252.0,183.0
2025-309,2025,309,David,Saenger,David Saenger,M,57,Eugene,OR,USA,1771.5666666666666,True,253.0,184.0
2025-212,2025,212,Hohyun,Kim,Hohyun Kim,M,61,Santa Clara,CA,USA,1771.7666666666667,True,254.0,185.0
2025-256,2025,256,John,Mccracken,John Mccracken,M,55,Burr Ridge,IL,USA,1772.3833333333334,True,255.0,186.0
2025-283,2025,283,Steve,Pemberton,Steve Pemberton,M,43,Wanaka,NZL,NZL,1772.55,True,256.0,187.0
2025-329,2025,329,Jess,Wacker,Jess Wacker,F,36,Cameron Park,CA,USA,1773.3,True,257.0,70.0
2025-233,2025,233,Nate,Lewis,Nate Lewis,M,41,vancouver,WA,USA,1774.6166666666666,True,258.0,188.0
2025-174,2025,174,Christian,Abele Plaza,Christian Abele Plaza,M,51,Valdemorillo,ESP,ESP,1775.1833333333334,True,259.0,189.0
2025-65,2025,65,Louis,Fiandeiro,Louis Fiandeiro,M,65,San Jose,CA,USA,1776.65,True,260.0,190.0
2025-324,2025,324,David,Skeehan,David Skeehan,M,49,Granite Bay,CA,USA,1776.8333333333333,True,261.0,191.0
2025-88,2025,88,Victor,Yang,Victor Yang,M,49,Palos Verdes Estates,CA,USA,1777.25,True,262.0,192.0
2025-175,2025,175,Becca,Frei,Becca Frei,F,29,Davis,CA,USA,1777.3833333333334,True,263.0,71.0
2025-134,2025,134,Justin,Chow,Justin Chow,M,45,Coquitlam,BC,CAN,1777.5666666666666,True,264.0,193.0
2025-98,2025,98,Kelvin,Culp,Kelvin Culp,M,59,San Antonio,TX,USA,1777.8166666666666,True,265.0,194.0
2025-116,2025,116,Jose,Orillac,Jose Orillac,M,53,Panama,PAN,PAN,1777.9833333333333,True,266.0,195.0
2025-339,2025,339,Mark,Stone,Mark Stone,M,55,Saint Lucia,AUS,AUS,1779.6833333333334,True,267.0,196.0
2025-308,2025,308,Jean,Sabater,Jean Sabater,M,41,Boulder City,NV,USA,1781.4,True,268.0,197.0
2025-60,2025,60,Colin J,Anderson,Colin J Anderson,M,49,Glasgow,GBR,GBR,1784.1666666666667,True,269.0,198.0
2025-396,2025,396,Jessica,Simao,Jessica Simao,F,38,Hackettstown,NJ,USA,1785.05,True,270.0,72.0
2025-344,2025,344,Jianshan,Tang,Jianshan Tang,M,55,Horsham,PA,USA,1785.1833333333334,True,271.0,199.0
2025-337,2025,337,Lee,Dunstall,Lee Dunstall,M,47,Pevensey,GBR,GBR,1785.6,True,272.0,200.0
2025-360,2025,360,Annie,Weiss,Annie Weiss,F,40,Germantown,WI,USA,1785.6666666666667,True,273.0,73.0
2025-335,2025,335,Jeff,Spencer,Jeff Spencer,M,66,Bentonville,AR,USA,1786.9833333333333,True,274.0,201.0
2025-160,2025,160,Carter,Duerksen,Carter Duerksen,M,30,Reno,NV,USA,1787.3833333333334,True,275.0,202.0
2025-251,2025,251,Brett,Martinez,Brett Martinez,M,40,Vacaville,CA,USA,1787.5,True,276.0,203.0
2025-181,2025,181,Lee,Gates,Lee Gates,M,49,Fort Collins,CO,USA,1787.7833333333333,True,277.0,204.0
2025-166,2025,166,Benjamin,Fiandaca,Benjamin Fiandaca,M,48,Peterborough,NH,USA,1788.4166666666667,True,278.0,205.0
2025-328,2025,328,Christopher,Neiman,Christopher Neiman,M,59,santa monica,CA,USA,1789.0,True,279.0,206.0
2025-281,2025,281,Larry,Pearson,Larry Pearson,M,64,Helotes,TX,USA,1789.15,True,280.0,207.0
2025-242,2025,242,Pamela,Coughlin,Pamela Coughlin,F,59,Auburn,CA,USA,1789.65,True,281.0,74.0
2025-198,2025,198,Brett,Johnson,Brett Johnson,M,40,Eagle River,AK,USA,1792.4833333333333,True,282.0,208.0
2025-158,2025,158,Nick,Drozdiak,Nick Drozdiak,M,43,Washington,DC,USA,1794.6833333333334,True,283.0,209.0
2025-262,2025,262,Margaret,Branick-Abilla,Margaret Branick-Abilla,F,56,Half Moon Bay,CA,USA,1796.0833333333333,True,284.0,75.0
2025-201,2025,201,Tatsuro,Aoyama,Tatsuro Aoyama,M,52,Tokyo,JPN,JPN,1797.8,True,285.0,210.0
2025-163,2025,163,Neeraj,Egbert,Neeraj Egbert,M,53,Louisville,KY,USA,,False,,
2025-362,2025,362,Jared,Willbergh,Jared Willbergh,M,43,Brentwood,CA,USA,,False,,
2025-345,2025,345,Patrick,Tebbe,Patrick Tebbe,M,55,Le Sueur,MN,USA,,False,,
2025-216,2025,216,Jenni,Kirk,Jenni Kirk,F,46,San Francisco,CA,USA,,False,,
2025-364,2025,364,Keith,Wurm,Keith Wurm,M,45,Kansas City,MO,USA,,False,,
2025-268,2025,268,Joseph,Nah,Joseph Nah,M,53,Gaithersburg,MD,USA,,False,,
2025-55,2025,55,Shawn,Gavigan,Shawn Gavigan,M,49,Spruce Grove,AB,CAN,,False,,
2025-244,2025,244,Amanda,Lynch,Amanda Lynch,F,44,Tulsa,OK,USA,,False,,
2025-M2,2025,M2,Rod,Farvard,Rod Farvard,M,29,Mammoth Lakes,CA,USA,,False,,
2025-407,2025,407,Ward,Pettenger,Ward Pettenger,M,51,Douglasville,GA,USA,,False,,
2025-355,2025,355,Elisheva,Verdi,Elisheva Verdi,F,49,Auburn,CA,USA,,False,,
2025-130,2025,130,Suzanne,Cardenas,Suzanne Cardenas,F,50,Mather,CA,USA,,False,,
2025-427,2025,427,Abraham,Galvan,Abraham Galvan,M,50,Burlingame,CA,USA,,False,,
2025-203,2025,203,Patrick,Kellogg,Patrick Kellogg,M,51,Vestavia Hills,AL,USA,,False,,
2025-263,2025,263,Deon,McLean,Deon McLean,M,47,Kingaroy,AUS,AUS,,False,,
2025-146,2025,146,Joseph,D'Alessio,Joseph D'Alessio,M,48,Cambridge,MA,USA,,False,,
2025-385,2025,385,Soeren,Lund,Soeren Lund,M,42,Odense N,DNK,DNK,,False,,
2025-182,2025,182,Jennifer,George,Jennifer George,F,41,San Diego,CA,USA,,False,,
2025-214,2025,214,Megan,Smyth,Megan Smyth,F,41,Dallas,TX,USA,,False,,
2025-34,2025,34,Vincent,Bouillard,Vincent Bouillard,M,31,Annecy,Haute-Savoie,FRA,,False,,
2025-51,2025,51,Joey,Montoya,Joey Montoya,M,46,Auburn,CA,USA,,False,,
2025-93,2025,93,Hoa,Banh,Hoa Banh,F,55,south Australia,AUS,AUS,,False,,
2025-209,2025,209,Brent,Elis,Brent Elis,M,32,Los angeles,CA,USA,,False,,
2025-341,2025,341,Melissa,Surman,Melissa Surman,F,46,Cincinnati,OH,USA,,False,,
2025-290,2025,290,Michael,Pullar,Michael Pullar,M,56,Dunedin,NZL,NZL,,False,,
2025-247,2025,247,Michael,Rickels,Michael Rickels,M,49,Clovis,CA,USA,,False,,
2025-169,2025,169,Gary,Foreman,Gary Foreman,M,38,Phoenix,AZ,USA,,False,,
2025-402,2025,402,Brian,Janaszak,Brian Janaszak,M,48,Apple Valley,MN,USA,,False,,
2025-21,2025,21,Tara,Dower,Tara Dower,F,31,Durango,CO,USA,,False,,
2025-289,2025,289,Adam,Popp,Adam Popp,M,46,Lafayette,CO,USA,,False,,
2025-267,2025,267,Margaret,Mysz,Margaret Mysz,F,33,Corvallis,OR,USA,,False,,
2025-375,2025,375,Sean,Cook,Sean Cook,M,52,Troutville,VA,USA,,False,,
2025-224,2025,224,Kristopher,Koch,Kristopher Koch,M,42,san antonio,TX,USA,,False,,
2025-19,2025,19,David,Roche,David Roche,M,37,Boulder,CO,USA,,False,,
2025-17,2025,17,Riley,Brady,Riley Brady,F,30,Boulder,CO,USA,,False,,
2025-144,2025,144,Benjamin,Pulley,Benjamin Pulley,M,39,Granville,OH,USA,,False,,
2025-384,2025,384,Nick,Wagner,Nick Wagner,M,39,Lyn,ON,CAN,,False,,
2025-70,2025,70,Jim,Howard,Jim Howard,M,70,Applegate,CA,USA,,False,,
2025-277,2025,277,Steven,Ovah,Steven Ovah,M,40,Whiteriver,AZ,USA,,False,,
2025-61,2025,61,Anne,Johnson,Anne Johnson,F,63,Auburn,CA,USA,,False,,
2025-376,2025,376,Nathan,Marti,Nathan Marti,M,49,Courtland,MN,USA,,False,,
2025-199,2025,199,Warren,Johnson,Warren Johnson,M,54,Melbourne,FL,USA,,False,,
2025-52,2025,52,Shahid,Ali,Shahid Ali,M,40,Ashland,OR,USA,,False,,
2025-366,2025,366,Ken,Press,Ken Press,M,61,Sacramento,CA,USA,,False,,
2025-91,2025,91,Stephen,Ure,Stephen Ure,M,33,San Diego,CA,USA,,False,,
2025-11,2025,11,Martyna,Mlynarczyk,Martyna Mlynarczyk,F,35,Krakow,POL,POL,,False,,
2025-F7,2025,F7,Heather,Jackson,Heather Jackson,F,41,Bend,OR,USA,,False,,
2025-446,2025,446,Eszter,Csillag,Eszter Csillag,F,40,Hong Kong,HUN,HUN,,False,,
2025-164,2025,164,Timothy,Fahy,Timothy Fahy,M,53,Longmont,CO,USA,,False,,
2025-119,2025,119,David,Brunton,David Brunton,M,55,PRESTON,GBR,GBR,,False,,
2025-124,2025,124,Jonathan,Bullock,Jonathan Bullock,M,49,Phoenix,AZ,USA,,False,,
2025-187,2025,187,Diane,Grim,Diane Grim,F,65,Boyertown,PA,USA,,False,,
2025-260,2025,260,Charley,Jones,Charley Jones,M,53,Folsom,CA,USA,,False,,
2025-298,2025,298,Laura,Richard,Laura Richard,F,56,Fairfax,CA,USA,,False,,
2025-325,2025,325,Kenneth,Slagter,Kenneth Slagter,M,56,Freelton,ON,CAN,,False,,
2025-71,2025,71,Michel,Poletti,Michel Poletti,M,70,CHAMONIX,FRA,FRA,,False,,
2025-284,2025,284,Fabrice,Perrin,Fabrice Perrin,M,53,Annecy,FRA,FRA,,False,,
2025-185,2025,185,Becky,Grebosky,Becky Grebosky,F,58,Bend,OR,USA,,False,,
2025-294,2025,294,Andrew,Reiff,Andrew Reiff,M,52,North Bend,WA,USA,,False,,
2025-398,2025,398,Abby,McCarthy,Abby McCarthy,F,45,Rochester,NY,USA,,False,,
2025-340,2025,340,Russell,Stratton,Russell Stratton,M,53,Whitmore Lake,MI,USA,,False,,
2025-145,2025,145,David,Curtin,David Curtin,M,50,Munster,IN,USA,,False,,
2025-310,2025,310,Aaron,Saft,Aaron Saft,M,47,Mills River,NC,USA,,False,,
2025-154,2025,154,Keegan,Dimmick,Keegan Dimmick,M,45,Reno,NV,USA,,False,,
2025-193,2025,193,Lisa,Hiday,Lisa Hiday,F,60,Indianapolis,IN,USA,,False,,
2025-347,2025,347,Eric,Thomson,Eric Thomson,M,56,Dunn Loring,VA,USA,,False,,
2025-411,2025,411,Deborah,Hamberlin,Deborah Hamberlin,F,57,Tempe,AZ,USA,,False,,
2025-252,2025,252,Shane,Mascarin,Shane Mascarin,M,50,Wainwright,AB,CAN,,False,,
2025-307,2025,307,Kiran,Krishnamurthy,Kiran Krishnamurthy,M,49,Cupertino,CA,USA,,False,,
2025-69,2025,69,Ed,Willson,Ed Willson,M,71,Eugene,OR,USA,,False,,
2025-114,2025,114,Jody,Braninburg,Jody Braninburg,M,57,placerville,CA,USA,,False,,
2025-170,2025,170,Jaclyn,Foroughi,Jaclyn Foroughi,F,45,Truckee,CA,USA,,False,,
2025-189,2025,189,Nam,Ngo,Nam Ngo,M,44,San Jose,CA,USA,,False,,
2025-387,2025,387,Anne,Carroll,Anne Carroll,F,58,Riviera Beach,FL,USA,,False,,
2025-121,2025,121,Christine,Strom,Christine Strom,F,56,Eugene,OR,USA,,False,,
2025-225,2025,225,Clint,Langley,Clint Langley,M,63,McMurray,PA,USA,,False,,
2025-414,2025,414,Charles,Ventosa,Charles Ventosa,M,49,Colfax,CA,USA,,False,,
2025-74,2025,74,Michael,Koppy,Michael Koppy,M,74,Duluth,MN,USA,,False,,
2025-356,2025,356,Greg,Vogel,Greg Vogel,M,39,Lake Forest Park,WA,USA,,False,,
2025-391,2025,391,Laney,Baris,Laney Baris,F,50,Brick,NJ,USA,,False,,
2025-12,2025,12,Rosanna,Buchauer,Rosanna Buchauer,F,35,Inzell,DEU,DEU,,False,,
2025-202,2025,202,Samuel,Bedolla,Samuel Bedolla,M,43,Discovery Bay,CA,USA,,False,,
2025-56,2025,56,Hugh,Davis,Hugh Davis,M,56,West Linn,OR,USA,,False,,
2025-80,2025,80,Nicholas,Bassett,Nicholas Bassett,M,80,Cheyenne,WY,USA,,False,,
