year,place,finish_time,finish_minutes,first_name,last_name,gender,age,state
1974,1.0,23:42,1422,Ainsleigh,Gordy,M,26.0,CA
1976,1.0,24:30,1470,"Ken ""Cowman""",Shirk,M,,
1977,1.0,22:57:00,1377,Andy,Gonzales,M,22.0,
1977,2.0,28:36:00,1716,Peter,Mattei,M,53.0,
1977,2.0,28:36:00,1716,Ralph,Paffenbarger,M,54.0,
1978,1.0,18:50:00,1130,Andy,Gonzales,M,23.0,
1978,2.0,19:48:00,1188,Bob,Bunnell,M,27.0,
1978,3.0,19:49:00,1189,John,Cappis,M,36.0,
1978,4.0,20:59:00,1259,Ken,Adams,M,35.0,
1978,5.0,21:38:00,1298,Doug,Latimer,M,40.0,
1978,6.0,21:42:00,1302,Jim,Howard,M,23.0,
1978,7.0,22:28:00,1348,John,Evans,M,28.0,
1978,8.0,22:39:00,1359,Dean,Metcalf,M,35.0,
1978,9.0,22:39:00,1359,Cowman,A-Moo-Ha'S,M,34.0,
1978,10.0,22:40:00,1360,Gordy,Ainsleigh,M,30.0,
1978,11.0,22:48:00,1368,Mike,Catlin,M,26.0,
1978,12.0,23:29:00,1409,Peter,Mattei,M,54.0,
1978,13.0,23:29:00,1409,Ralph,Paffenbarger,M,55.0,
1978,14.0,23:57:00,1437,Peter,Hansen,M,35.0,
1978,15.0,23:57:00,1437,Joe,Maher,M,31.0,
1978,16.0,24:00:00,1440,Todd,Farley,M,22.0,
1978,17.0,26:26:00,1586,Dave,Niederhaus,M,37.0,
1978,18.0,26:29:00,1589,Bob,Falciola,M,34.0,
1978,19.0,26:39:00,1599,Jeffrey,Nakama,M,23.0,
1978,20.0,27:58:00,1678,Richard,Rossow,M,22.0,
1978,21.0,28:44:00,1724,Dave,Remington,M,37.0,
1978,22.0,28:45:00,1725,Rodger,Davis,M,30.0,
1978,23.0,28:49:00,1729,Charlie,Boyle,M,39.0,
1978,24.0,28:49:00,1729,John,Purdy,M,42.0,
1978,25.0,29:22:00,1762,Harvey,Cain,M,47.0,
1978,26.0,29:34:00,1774,Pat,Smythe,F,35.0,
1978,27.0,29:34:00,1774,Phil,Lenihan,M,43.0,
1978,28.0,29:39:00,1779,Steve,Mason,M,30.0,
1978,29.0,38:47:00,2327,Walt,Stack,M,70.0,
1978,30.0,38:47:00,2327,Jim,Fauss,M,37.0,
1979,1.0,16:11:56,971,Mike,Catlin,M,27.0,
1979,2.0,16:34:49,994,Doug,Latimer,M,41.0,
1979,3.0,17:36:39,1056,Dave,Ellingson,M,31.0,
1979,4.0,17:57:19,1077,Mike,Ranck,M,28.0,
1979,5.0,18:32:09,1112,Jeff,Collins,M,25.0,
1979,6.0,18:37:32,1117,Frank,Bozanich,M,35.0,
1979,7.0,18:49:57,1129,Ed,Wehan,M,35.0,
1979,8.0,18:58:45,1138,Fred,Coleman,M,35.0,
1979,9.0,18:58:57,1138,Peter,Monahan,M,45.0,
1979,10.0,19:05:30,1145,Sid,Christie,M,33.0,
1979,11.0,19:31:43,1171,Ron,Kovacs,M,40.0,
1979,12.0,19:37:52,1177,Ken,Gaal,M,39.0,
1979,13.0,19:42:29,1182,Thomas,Zavortink,M,40.0,
1979,14.0,20:16:11,1216,Mike,Clinkenbeard,M,33.0,
1979,15.0,20:30:35,1230,Mike,Williams,M,26.0,
1979,16.0,20:42:50,1242,Abe,Underwood,M,41.0,
1979,17.0,20:48:58,1248,Marc,Hoschler,M,28.0,
1979,18.0,20:49:15,1249,Warren,Finke,M,36.0,
1979,19.0,21:29:07,1289,Paul,Mingo,M,29.0,
1979,20.0,21:36:05,1296,John,Kanieski,M,33.0,
1979,21.0,21:42:09,1302,Clayton,Wagner,M,38.0,
1979,22.0,21:45:24,1305,Tj,Key,M,35.0,
1979,23.0,21:50:17,1310,Link,Lindquist,M,51.0,
1979,24.0,21:53:24,1313,Mike,Lundblad,M,26.0,
1979,25.0,21:53:26,1313,Johnny,Faerber,M,43.0,
1979,26.0,21:53:28,1313,Dan,Hounchell,M,22.0,
1979,27.0,21:55:23,1315,Dennis,Tracy,M,32.0,
1979,28.0,21:56:27,1316,Skip,Swannack,F,37.0,
1979,29.0,22:01:27,1321,Jim,Kerse,M,30.0,
1979,30.0,22:07:24,1327,Phil,Lenihan,M,44.0,
1979,31.0,22:08:59,1328,Paul,Garrett,M,23.0,
1979,32.0,22:11:42,1331,Harrison,Smith,M,52.0,
1979,33.0,22:11:44,1331,Vi,Wexner,M,36.0,
1979,34.0,22:12:40,1332,Mike,Garrett,M,23.0,
1979,35.0,22:17:54,1337,Curt,Sproul,M,30.0,
1979,36.0,22:27:19,1347,Rod,Kinder,M,32.0,
1979,37.0,22:29:38,1349,John,Andriola,M,25.0,
1979,38.0,22:32:05,1352,Dennis,Burkett,M,25.0,
1979,39.0,22:32:05,1352,Peter,Mattei,M,55.0,
1979,40.0,22:32:05,1352,Ralph,Paffenbarger,M,56.0,
1979,41.0,22:47:18,1367,Tom,Smith,M,39.0,
1979,42.0,22:52:05,1372,Peter,Hansen,M,37.0,
1979,43.0,22:52:05,1372,Joe,Sloan,M,44.0,
1979,44.0,22:53:11,1373,Candy,Hearn,F,36.0,
1979,45.0,23:02:20,1382,Joe,Oakes,M,44.0,
1979,46.0,23:07:02,1387,John,Lehrer,M,35.0,
1979,47.0,23:13:00,1393,Ben,Dewell,M,24.0,
1979,48.0,23:16:25,1396,Jay,Cassell,M,31.0,
1979,49.0,23:17:00,1397,Gary,Cross,M,19.0,
1979,50.0,23:20:00,1400,Mike,Allen,M,44.0,
1979,51.0,23:26:20,1406,Bob,Suter,M,38.0,
1979,52.0,23:28:23,1408,Gordon,Dugan,M,46.0,
1979,53.0,23:31:16,1411,Isa,Lapaj,M,28.0,
1979,54.0,23:31:16,1411,George,Parrott,M,35.0,
1979,55.0,23:33:03,1413,Jerry,Welsh,M,39.0,
1979,56.0,23:33:32,1413,Deming,Maclise,M,34.0,
1979,57.0,23:36:20,1416,Larry,Swanson,M,28.0,
1979,58.0,23:37:30,1417,Elliott,Eisenbud,M,36.0,
1979,59.0,23:39:40,1419,Brent,Weigner,M,29.0,
1979,60.0,23:41:11,1421,Jim,Wholey,M,32.0,
1979,61.0,23:44:50,1424,Doug,Peck,M,24.0,
1979,62.0,23:46:40,1426,Richard,Dinges,M,38.0,
1979,63.0,23:46:40,1426,Herb,Killackey,M,38.0,
1979,64.0,23:48:03,1428,Jerry,Schad,M,29.0,
1979,65.0,23:49:17,1429,Larry,Fox,M,56.0,
1979,66.0,23:49:17,1429,Jim,Weil,M,36.0,
1979,67.0,23:56:10,1436,Pj,Downey,M,34.0,
1979,68.0,24:06:20,1446,Harvey,Cain,M,48.0,
1979,69.0,24:08:30,1448,Bob,Myette,M,32.0,
1979,70.0,24:09:50,1449,Richard,Rossow,M,23.0,
1979,71.0,24:15:30,1455,Nick,Daly,M,25.0,
1979,72.0,24:20:30,1460,Joe,Lyons,M,37.0,
1979,73.0,25:58:20,1558,Bob,Hughes,M,43.0,
1979,74.0,26:00:40,1560,Sally,Edwards,F,31.0,
1979,75.0,26:12:00,1572,Lynn,Harris,F,28.0,
1979,76.0,26:17:01,1577,Cowman,A-Moo-Ha'S,M,35.0,
1979,77.0,26:29:04,1589,Jim,Larimer,M,31.0,
1979,78.0,27:05:03,1625,Jody,Payne,F,42.0,
1979,79.0,27:05:03,1625,Ralph,Payne,M,48.0,
1979,80.0,27:38:59,1658,Jerry,Nourse,M,40.0,
1979,81.0,27:50:27,1670,David,Deer,M,35.0,
1979,82.0,28:10:30,1690,Karl,Romano,M,32.0,
1979,83.0,28:16:22,1696,Roy,Million,M,38.0,
1979,84.0,28:37:14,1717,Jerome,Lengyel,M,44.0,
1979,85.0,28:38:49,1718,Pat,Caffrey,M,28.0,
1979,86.0,28:47:11,1727,Charlie,Boyle,M,40.0,
1979,87.0,28:54:11,1734,Chalon,Crawford,M,38.0,
1979,88.0,28:54:11,1734,Mark,Ware,M,27.0,
1979,89.0,29:31:48,1771,Lono,Tyson,M,51.0,
1979,90.0,29:34:26,1774,Michael,Witwer,M,37.0,
1979,91.0,29:34:41,1774,Jim,Fauss,M,38.0,
1979,92.0,29:42:07,1782,Larry,King,M,34.0,
1979,93.0,29:44:00,1784,Dick,Collins,M,45.0,
1979,94.0,29:52:56,1792,Jim,Shea,M,56.0,
1979,95.0,29:58:28,1798,John,Huckaby,M,58.0,
1979,96.0,30:00:00,1800,Karin,Stok,F,19.0,
1980,1.0,18:35:42,1115,Mike,Catlin,M,28.0,
1980,2.0,18:52:12,1132,Bill,McKean,M,30.0,
1980,3.0,19:53:30,1193,Bill,Weigle,M,39.0,
1980,4.0,19:57:35,1197,Mark,Driscoll,M,33.0,
1980,5.0,20:22:48,1222,Ben,Dewell,M,25.0,
1980,6.0,20:47:42,1247,Rae,Clark,M,28.0,
1980,7.0,21:16:25,1276,Gordon,Dugan,M,47.0,
1980,8.0,21:19:00,1279,Odin,Christensen,M,32.0,
1980,9.0,21:31:37,1291,Marc,Hoschler,M,29.0,
1980,10.0,21:46:28,1306,Thomas,Zavortink,M,40.0,
1980,11.0,21:51:37,1311,John,Kanieski,M,34.0,
1980,12.0,21:52:07,1312,Bruce,Madewell,M,34.0,
1980,13.0,21:53:18,1313,Tim,Hicks,M,36.0,
1980,14.0,22:04:33,1324,Richard,Dinges,M,40.0,
1980,15.0,22:04:53,1324,Andre,Tocco,M,44.0,
1980,16.0,22:05:48,1325,Vi,Wexner,M,37.0,
1980,17.0,22:08:19,1328,Dave,Remington,M,39.0,
1980,18.0,22:13:44,1333,Sally,Edwards,F,32.0,
1980,19.0,22:15:55,1335,Bjorg,Austrheim-Smith,F,37.0,
1980,20.0,22:19:29,1339,Michael,Morrow,M,29.0,
1980,21.0,22:24:06,1344,George,Parrott,M,36.0,
1980,22.0,22:40:54,1360,Steve,Senich,M,29.0,
1980,23.0,22:44:01,1364,Dwaine,Batt,M,44.0,
1980,24.0,22:55:50,1375,Jim,Pellon,M,30.0,
1980,25.0,22:57:32,1377,Richard,Belliveau,M,43.0,
1980,26.0,22:57:32,1377,Charles,Hoover,M,31.0,
1980,27.0,22:57:32,1377,Bob,Myette,M,33.0,
1980,28.0,22:59:00,1379,Russ,Melanson,M,45.0,
1980,29.0,23:01:25,1381,Herb,Killackey,M,39.0,
1980,30.0,23:03:53,1383,Gordon,Johnson,M,34.0,
1980,31.0,23:04:17,1384,Jim,Thiering,M,43.0,
1980,32.0,23:10:16,1390,John,Notch,M,31.0,
1980,33.0,23:11:32,1391,Colleen,Conners-Pace,F,23.0,
1980,34.0,23:11:32,1391,Scott,Simpkin,M,27.0,
1980,35.0,23:14:59,1394,David,Ferguson,M,40.0,
1980,36.0,23:16:36,1396,Michael,Owen,M,36.0,
1980,37.0,23:17:29,1397,John,Kendall,M,46.0,
1980,38.0,23:17:37,1397,Mike,Wade,M,28.0,
1980,39.0,23:20:12,1400,Martha,Maricle,F,46.0,
1980,40.0,23:21:45,1401,Jay,Aldous,M,18.0,
1980,41.0,23:22:38,1402,Dean,Metcalf,M,37.0,
1980,42.0,23:22:55,1402,Tom,Rotkis,M,32.0,
1980,43.0,23:26:20,1406,Tim,Guinan,M,33.0,
1980,44.0,23:28:40,1408,Mark,Reese,M,30.0,
1980,45.0,23:30:48,1410,Jim,Moyles,M,28.0,
1980,46.0,23:31:31,1411,Gary,Cross,M,19.0,
1980,47.0,23:33:45,1413,Link,Lindquist,M,52.0,
1980,48.0,23:34:31,1414,Gerald,Ripperger,M,21.0,
1980,49.0,23:34:33,1414,Don,Macintosh,M,48.0,
1980,50.0,23:36:22,1416,John,Richards,M,48.0,
1980,51.0,23:40:43,1420,Clayton,Wagner,M,39.0,
1980,52.0,23:40:54,1420,Walter,Belachart,M,52.0,
1980,53.0,23:42:26,1422,Skip,Swannack,F,38.0,
1980,54.0,23:44:02,1424,Eric,Edmonds,M,26.0,
1980,55.0,23:46:05,1426,Craig,Chambers,M,30.0,
1980,56.0,23:46:05,1426,Bob,Ross,M,37.0,
1980,57.0,23:46:22,1426,Carl,Pytlinski,M,40.0,
1980,58.0,23:46:57,1426,Charles,Savage,M,32.0,
1980,59.0,23:47:10,1427,Jim,Fauss,M,39.0,
1980,60.0,23:50:53,1430,Hans,Albrecht,M,31.0,
1980,61.0,23:51:23,1431,Nick,Daly,M,26.0,
1980,62.0,23:52:23,1432,Thomas,Barthold,M,36.0,
1980,63.0,23:58:44,1438,Herb,Tanimoto,M,36.0,
1980,64.0,24:43:17,1483,Gary,Stansauk,M,29.0,
1980,65.0,24:57:30,1497,Robert,Pike,M,43.0,
1980,66.0,25:16:02,1516,Richard,Goodhead,M,43.0,
1980,67.0,25:23:24,1523,Joan,Scannell,F,34.0,
1980,68.0,25:33:20,1533,Gerald,Warnock,M,46.0,
1980,69.0,26:08:36,1568,Bob,Holtel,M,48.0,
1980,70.0,26:08:36,1568,Tom,McManus,M,43.0,
1980,71.0,26:13:42,1573,Michael,Hicks,M,38.0,
1980,72.0,26:13:42,1573,Orval,Peterson,M,42.0,
1980,73.0,26:21:08,1581,Bob,Davidson,M,32.0,
1980,74.0,26:21:08,1581,Nicki,Lewis,F,47.0,
1980,75.0,26:23:11,1583,Howard,Perkins,M,36.0,
1980,76.0,26:32:39,1592,Dick,Collins,M,46.0,
1980,77.0,26:40:37,1600,Elliott,Eisenbud,M,37.0,
1980,78.0,26:52:47,1612,Robert,Haynes,M,48.0,
1980,79.0,26:53:42,1613,Ed,Williams,M,50.0,
1980,80.0,27:00:00,1620,Bob,Chic,M,35.0,
1980,81.0,27:06:46,1626,Larry,Gatton,M,29.0,
1980,82.0,27:08:36,1628,Shlomo,Waser,M,35.0,
1980,83.0,27:12:40,1632,Richard,Fonseca,M,37.0,
1980,84.0,27:29:48,1649,Paul,Bush,M,42.0,
1980,85.0,27:29:57,1649,Carol,Stroud,F,37.0,
1980,86.0,27:32:10,1652,Glenn,Bailey,M,32.0,
1980,87.0,27:38:42,1658,Mark,Haymond,M,35.0,
1980,88.0,27:44:18,1664,Robert,Closson,M,42.0,
1980,89.0,27:44:18,1664,Gary,Ruttenberg,M,34.0,
1980,90.0,28:05:09,1685,Sherman,Welpton,M,45.0,
1980,91.0,28:07:30,1687,Stephen,Gaal,M,46.0,
1980,92.0,28:07:39,1687,Chalon,Crawford,M,39.0,
1980,93.0,28:10:56,1690,Larry,Fox,M,57.0,
1980,94.0,28:10:56,1690,Tim,Smith,M,40.0,
1980,95.0,28:18:59,1698,Robert,Murcott,M,34.0,
1980,96.0,28:23:07,1703,Larry,Kahn,M,33.0,
1980,97.0,28:23:07,1703,Cathy,Mason,F,29.0,
1980,98.0,28:25:14,1705,Harry,Deupree,M,41.0,
1980,99.0,28:25:14,1705,Roy,Million,M,39.0,
1980,100.0,28:29:48,1709,William,Beddor,M,52.0,
1980,101.0,28:29:48,1709,Dale,Sutton,M,40.0,
1980,102.0,28:30:44,1710,Vincent,Devlin,M,42.0,
1980,103.0,28:31:39,1711,Michael,Levin,M,37.0,
1980,104.0,28:35:06,1715,Jim,Edmundson,M,,
1980,105.0,28:37:45,1717,Dominic,Debenedetti,M,38.0,
1980,106.0,28:42:09,1722,Eric,Perlman,M,29.0,
1980,107.0,28:44:47,1724,Larry,Gibbs,M,38.0,
1980,108.0,28:45:50,1725,Charles,Mersereau,M,56.0,
1980,109.0,28:46:25,1726,Wendy,Robie,F,32.0,
1980,110.0,28:49:22,1729,Glen,Leckman,M,29.0,
1980,111.0,29:05:18,1745,Melda,Dean,F,51.0,
1980,112.0,29:13:32,1753,Patrick,Bitter,M,48.0,
1980,113.0,29:15:25,1755,Deanne,Scott,F,38.0,
1980,114.0,29:15:25,1755,Robert,Wright,M,44.0,
1980,115.0,29:19:47,1759,Helene,Eisenbud,F,35.0,
1980,116.0,29:19:49,1759,Lono,Tyson,M,52.0,
1980,117.0,29:20:44,1760,Jj,Brown,M,35.0,
1980,118.0,29:24:19,1764,Carol,Walker,F,29.0,
1980,119.0,29:29:36,1769,Paul,Goldman,M,56.0,
1980,120.0,29:33:24,1773,Steve,Papp,M,36.0,
1980,121.0,29:34:55,1774,Joselina,Pabalan,F,28.0,
1980,122.0,29:34:57,1774,Bill,Dickey,M,40.0,
1980,123.0,29:41:57,1781,Jim,Kavanaugh,M,32.0,
1980,124.0,29:46:34,1786,Bob,Hanna,M,43.0,
1981,1.0,16:02:37,962,Jim,Howard,M,27.0,
1981,1.0,16:02:37,962,Doug,Latimer,M,43.0,
1981,3.0,17:39:00,1059,Bill,McDermott,M,29.0,
1981,4.0,18:16:00,1096,Bill,Weigle,M,40.0,
1981,5.0,18:23:00,1103,Jim,Pellon,M,30.0,
1981,6.0,18:36:00,1116,Bruce,Labelle,M,29.0,
1981,7.0,18:44:00,1124,Rae,Clark,M,29.0,
1981,8.0,18:46:00,1126,Bjorg,Austrheim-Smith,F,37.0,
1981,9.0,19:25:00,1165,Odin,Christensen,M,33.0,
1981,10.0,20:07:00,1207,Sally,Edwards,F,33.0,
1981,11.0,20:11:00,1211,John,Kanieski,M,34.0,
1981,12.0,20:35:00,1235,Bill,Davis,M,35.0,
1981,13.0,20:58:00,1258,Bruce,Madewell,M,34.0,
1981,14.0,21:03:00,1263,Richard,Belliveau,M,43.0,
1981,15.0,21:12:00,1272,Marc,Hoschler,M,30.0,
1981,16.0,21:14:00,1274,Craig,Chambers,M,31.0,
1981,17.0,21:23:00,1283,Tj,Key,M,37.0,
1981,18.0,21:25:00,1285,Eric,Thompson,M,30.0,
1981,18.0,21:25:00,1285,Richard,Goodhead,M,44.0,
1981,20.0,21:39:00,1299,Charles,Hoover,M,31.0,
1981,21.0,21:45:00,1305,Thomas,Zavortink,M,41.0,
1981,22.0,21:48:00,1308,Bill,Clements,M,22.0,
1981,23.0,21:56:00,1316,Michael,Owen,M,28.0,
1981,24.0,22:02:00,1322,Vincent,Wexner,M,38.0,
1981,25.0,22:03:00,1323,Tim,Twietmeyer,M,21.0,
1981,26.0,22:13:00,1333,Orin,Peterson,M,43.0,
1981,27.0,22:20:00,1340,John,Richards,M,49.0,
1981,28.0,22:23:00,1343,Dave,Niederhaus,M,39.0,
1981,28.0,22:23:00,1343,Mike,Ranck,M,29.0,
1981,30.0,22:26:00,1346,Jody,Payne,F,42.0,
1981,30.0,22:26:00,1346,Max,Telford,M,45.0,
1981,32.0,22:29:00,1349,Scott,Simpkin,M,27.0,
1981,33.0,22:35:00,1355,John,Coffey,M,25.0,
1981,33.0,22:35:00,1355,Dennis,Burger,M,37.0,
1981,35.0,22:42:00,1362,Nicki,Lewis,F,48.0,
1981,36.0,22:43:00,1363,Tim,Guinan,M,34.0,
1981,37.0,22:49:00,1369,Gordon,Johnson,M,35.0,
1981,38.0,22:51:00,1371,Raul,Ynzunza,M,42.0,
1981,39.0,22:54:00,1374,Vincent,Devlin,M,43.0,
1981,39.0,22:54:00,1374,Herb,Tanimoto,M,32.0,
1981,41.0,22:55:00,1375,Gordy,Ainsleigh,M,33.0,
1981,41.0,22:55:00,1375,Cowman,A-Moo-Ha'S,M,39.0,
1981,41.0,22:55:00,1375,Kim,Largent,F,39.0,
1981,44.0,23:00:00,1380,Jim,Thiering,M,45.0,
1981,45.0,23:06:00,1386,David,Ferguson,M,41.0,
1981,46.0,23:08:00,1388,Bob,Cedergreen,M,33.0,
1981,46.0,23:08:00,1388,Steve,Jaber,M,28.0,
1981,48.0,23:09:00,1389,Patrick,Creehan,M,38.0,
1981,48.0,23:09:00,1389,Dahl,Orin,M,45.0,
1981,48.0,23:09:00,1389,Tom,McManus,M,44.0,
1981,51.0,23:11:00,1391,David,Deer,M,37.0,
1981,51.0,23:11:00,1391,Dick,Collins,M,47.0,
1981,53.0,23:14:00,1394,Arthur,Riggs,M,35.0,
1981,54.0,23:16:00,1396,Steven,Barr,M,25.0,
1981,54.0,23:16:00,1396,Russ,Melanson,M,45.0,
1981,56.0,23:18:00,1398,Gary,Cross,M,21.0,
1981,57.0,23:21:00,1401,Saul,Silverman,M,38.0,
1981,58.0,23:24:00,1404,Peter,Hanson,M,38.0,
1981,59.0,23:28:00,1408,Fred,Dunn,M,51.0,
1981,59.0,23:28:00,1408,Ron,Kovacs,M,41.0,
1981,61.0,23:30:00,1410,Dennis,Scott,M,33.0,
1981,62.0,23:34:00,1414,Dominic,Debenedetti,M,38.0,
1981,62.0,23:34:00,1414,Gary,Covell,M,39.0,
1981,62.0,23:34:00,1414,Robert,Pike,M,43.0,
1981,62.0,23:34:00,1414,Gary,Ruttenberg,M,34.0,
1981,66.0,23:36:00,1416,Skip,Swannack,F,39.0,
1981,67.0,23:37:00,1417,Ralph,Paffenbarger,M,58.0,
1981,68.0,23:40:00,1420,Bob,Suter,M,41.0,
1981,68.0,23:40:00,1420,Randall,Maple,M,41.0,
1981,70.0,23:42:00,1422,Robert,Haynes,M,48.0,
1981,71.0,23:43:00,1423,Bob,Hughes,M,45.0,
1981,72.0,23:45:00,1425,Jim,Fauss,M,41.0,
1981,72.0,23:45:00,1425,Bill,Peterson,M,58.0,
1981,74.0,23:47:00,1427,Paul,Garnett,M,33.0,
1981,74.0,23:47:00,1427,Dan,Martin,M,32.0,
1981,76.0,23:48:00,1428,Martha,Maricle,F,47.0,
1981,77.0,23:50:00,1430,Joselina,Pabalan,F,25.0,
1981,78.0,23:52:00,1432,Gerald,Warnock,M,47.0,
1981,79.0,23:53:00,1433,Jason,Stephens,M,38.0,
1981,79.0,23:53:00,1433,Charles,Wilson,M,37.0,
1981,79.0,23:53:00,1433,Carol,Stroud,F,37.0,
1981,82.0,23:54:00,1434,Bryan,Bowker,M,33.0,
1981,83.0,24:46:00,1486,Steve,Muscatel,M,35.0,
1981,83.0,24:46:00,1486,Elliott,Eisenbud,M,38.0,
1981,85.0,24:53:00,1493,Jeff,Wiltse,M,21.0,
1981,86.0,24:59:00,1499,Bob,Myette,M,34.0,
1981,87.0,25:51:00,1551,Reinhard,Ackerman,M,57.0,
1981,88.0,25:52:00,1552,Allen,Brynes,M,28.0,
1981,88.0,25:52:00,1552,Carol,Hewitt,F,29.0,
1981,90.0,25:59:00,1559,Dennis,Facchino,M,41.0,
1981,91.0,26:08:00,1568,Lono,Tyson,M,53.0,
1981,92.0,26:14:00,1574,John,Naslund,M,30.0,
1981,92.0,26:14:00,1574,Bill,Beddor,M,52.0,
1981,94.0,26:20:00,1580,Bob,Holtel,M,49.0,
1981,95.0,26:28:00,1588,Shlomo,Waser,M,35.0,
1981,96.0,26:32:00,1592,Keith,Whittingslow,M,42.0,
1981,97.0,26:33:00,1593,Helene,Eisenbud,F,35.0,
1981,98.0,26:48:00,1608,Gavin,Callinan,M,47.0,
1981,99.0,26:51:00,1611,Ron,Parks,M,34.0,
1981,100.0,26:52:00,1612,Paul,Reese,M,64.0,
1981,101.0,26:53:00,1613,Jim,Drake,M,40.0,
1981,102.0,26:56:00,1616,Otto,Appenzeller,M,53.0,
1981,103.0,26:59:00,1619,Dieter,Diekmeyer,M,48.0,
1981,104.0,27:01:00,1621,Kathy,Martin,F,31.0,
1981,105.0,27:05:00,1625,Michael,Levin,M,38.0,
1981,106.0,27:11:00,1631,Cathy,Mason,F,30.0,
1981,107.0,27:17:00,1637,Mark,Clement,M,41.0,
1981,108.0,27:18:00,1638,Karen,Clement,F,40.0,
1981,109.0,27:19:00,1639,Kooij,Vander,M,46.0,
1981,110.0,27:24:00,1644,Charles,Steinmetz,M,51.0,
1981,111.0,27:25:00,1645,Emily,Devlin,F,38.0,
1981,112.0,27:30:00,1650,Joe,Winch,M,24.0,
1981,113.0,27:34:00,1654,Dale,Sutton,M,41.0,
1981,113.0,27:34:00,1654,Mike,Popolizio,M,35.0,
1981,115.0,27:42:00,1662,Bruce,Mauldin,M,32.0,
1981,116.0,27:52:00,1672,Richard,Provost,M,34.0,
1981,117.0,27:59:00,1679,Red,Fisher,M,27.0,
1981,118.0,28:07:00,1687,Howard,Henry,M,60.0,
1981,119.0,28:08:00,1688,Les,Nightingill,M,30.0,
1981,120.0,28:11:00,1691,Jim,Bentson,M,36.0,
1981,121.0,28:19:00,1699,Roger,Thompson,M,38.0,
1981,122.0,28:22:00,1702,Bob,Closson,M,42.0,
1981,123.0,28:28:00,1708,Sherman,Welpton,M,47.0,
1981,124.0,28:32:00,1712,Scotty,McCaulley,M,36.0,
1981,124.0,28:32:00,1712,Fred,Nielson,M,30.0,
1981,124.0,28:32:00,1712,Deming,Maclise,M,36.0,
1981,127.0,28:37:00,1717,Daniel,Martin,M,37.0,
1981,128.0,28:41:00,1721,Paul,Hendricks,M,37.0,
1981,129.0,28:43:00,1723,Robert,Vandeusen,M,33.0,
1981,130.0,28:44:00,1724,Craig,Tempey,M,35.0,
1981,131.0,28:47:00,1727,Al,Beaupre,M,51.0,
1981,131.0,28:47:00,1727,Michael,McGrath,M,37.0,
1981,131.0,28:47:00,1727,Alan,Lopez,M,39.0,
1981,131.0,28:47:00,1727,Mo,Livermore,F,29.0,
1981,135.0,28:49:00,1729,Gary,Morris,M,41.0,
1981,136.0,28:55:00,1735,Larry,King,M,36.0,
1981,137.0,29:13:00,1753,Wendy,Robie,F,33.0,
1981,137.0,29:13:00,1753,Mike,Clinkenbeard,M,35.0,
1981,139.0,29:15:00,1755,Dennis,Letl,M,44.0,
1981,140.0,29:16:00,1756,Bob,King,M,38.0,
1981,140.0,29:16:00,1756,Chalon,Crawford,M,40.0,
1981,142.0,29:21:00,1761,Edward,Hooper,M,41.0,
1981,143.0,29:24:00,1764,Barbara,Honeck,F,28.0,
1981,144.0,29:37:00,1777,Redmond,Gleason,M,45.0,
1981,145.0,29:42:00,1782,Julia,Wiley,F,44.0,
1981,146.0,29:57:00,1797,Donald,Fanning,M,33.0,
1982,1.0,16:17:00,977,Jim,King,M,25.0,
1982,2.0,17:22:00,1042,Jim,Pellon,M,31.0,
1982,3.0,17:45:00,1065,Bruce,Labelle,M,26.0,
1982,4.0,17:48:00,1068,John,Coffey,M,26.0,
1982,5.0,18:10:00,1090,William,Davis,M,36.0,
1982,6.0,18:18:00,1098,Ben,Dewell,M,27.0,
1982,7.0,18:23:00,1103,Bjorg,Austrheim-Smith,F,39.0,
1982,8.0,18:47:00,1127,Doug,Latimer,M,44.0,
1982,9.0,18:50:00,1130,Rae,Clark,M,30.0,
1982,10.0,19:06:00,1146,Tom,Rotkis,M,34.0,
1982,11.0,19:41:00,1181,John,Kanieski,M,36.0,
1982,12.0,19:51:00,1191,Richard,Belliveau,M,45.0,
1982,13.0,20:27:00,1227,Gary,Stansauk,M,31.0,
1982,14.0,20:39:00,1239,Richard,Dinges,M,42.0,
1982,15.0,20:45:00,1245,Marc,Hoschler,M,31.0,
1982,16.0,20:59:00,1259,Ian,Maddieson,M,39.0,
1982,17.0,21:01:00,1261,Herb,Tanzer,M,38.0,
1982,18.0,21:07:00,1267,Robert,Bruner,M,44.0,
1982,19.0,21:19:00,1279,Charles,Savage,M,34.0,
1982,20.0,21:25:00,1285,Ed,Wehan,M,38.0,
1982,21.0,21:27:00,1287,John,Bandur,M,44.0,
1982,22.0,21:29:00,1289,Scott,Mills,M,31.0,
1982,23.0,21:30:00,1290,Steven,Barr,M,26.0,
1982,24.0,21:31:00,1291,Gary,Cross,M,22.0,
1982,25.0,21:40:00,1300,Bill,Thomas,M,25.0,
1982,26.0,21:43:00,1303,Daniel,Martin,M,34.0,
1982,26.0,21:43:00,1303,Wally,Shiel,M,30.0,
1982,28.0,21:45:00,1305,Bobby,Yee,M,32.0,
1982,29.0,21:47:00,1307,Rex,Maynard,M,38.0,
1982,30.0,21:48:00,1308,Mike,Pelechaty,M,27.0,
1982,31.0,21:49:00,1309,Jim,Moyles,M,30.0,
1982,32.0,21:50:00,1310,Charles,Hoover,M,34.0,
1982,33.0,21:51:00,1311,Charles,Ferguson,M,41.0,
1982,34.0,22:08:00,1328,David,Samuelson,M,32.0,
1982,35.0,22:09:00,1329,Bob,Ross,M,39.0,
1982,36.0,22:19:00,1339,Steve,Muscatel,M,35.0,
1982,37.0,22:26:00,1346,John,Esposito,M,25.0,
1982,37.0,22:26:00,1346,James,Meskinen,M,38.0,
1982,39.0,22:27:00,1347,Thomas,Zavortink,M,43.0,
1982,40.0,22:30:00,1350,Eric,Ianacone,M,35.0,
1982,41.0,22:33:00,1353,Gordy,Ainsleigh,M,34.0,
1982,42.0,22:36:00,1356,David,Innes,M,34.0,
1982,43.0,22:38:00,1358,Dean,Metcalf,M,39.0,
1982,44.0,22:40:00,1360,Lee,Muchow,M,42.0,
1982,45.0,22:42:00,1362,Valerie,Doyle,F,40.0,
1982,45.0,22:42:00,1362,Paul,Garnett,M,34.0,
1982,47.0,22:43:00,1363,Clay,Campbell,M,47.0,
1982,48.0,22:44:00,1364,Rob,Volkenand,M,51.0,
1982,49.0,22:48:00,1368,Tom,Perry,M,37.0,
1982,50.0,22:53:00,1373,Tim,Twietmeyer,M,23.0,
1982,51.0,22:54:00,1374,Doug,Schrock,M,29.0,
1982,52.0,22:55:00,1375,William,Beddor,M,54.0,
1982,53.0,22:56:00,1376,Alan,Lopez,M,40.0,
1982,54.0,22:57:00,1377,Red,Fisher,M,29.0,
1982,55.0,22:59:00,1379,Richard,Provost,M,35.0,
1982,56.0,23:00:00,1380,Thomas,Dean,M,36.0,
1982,57.0,23:04:00,1384,Jeff,Collins,M,28.0,
1982,58.0,23:05:00,1385,Td,Winters,M,43.0,
1982,59.0,23:06:00,1386,Paul,Deloria,M,37.0,
1982,59.0,23:06:00,1386,Joan,Scannell,F,36.0,
1982,61.0,23:09:00,1389,Cowman,A-Moo-Ha'S,M,38.0,
1982,62.0,23:11:00,1391,Bill,Weigle,M,42.0,
1982,63.0,23:12:00,1392,Kensyl,Reading,M,35.0,
1982,64.0,23:14:00,1394,Judy,Walker,F,29.0,
1982,64.0,23:14:00,1394,Craig,Chambers,M,33.0,
1982,66.0,23:15:00,1395,Frank,Williams,M,39.0,
1982,66.0,23:15:00,1395,Gary,Ruttenberg,M,36.0,
1982,68.0,23:17:00,1397,Willis,McCarthy,M,26.0,
1982,69.0,23:21:00,1401,Dick,Shanley,M,40.0,
1982,70.0,23:23:00,1403,Lono,Tyson,M,54.0,
1982,71.0,23:24:00,1404,Paul,Bush,M,44.0,
1982,71.0,23:24:00,1404,James,Clover,M,40.0,
1982,73.0,23:29:00,1409,Fred,Copeland,M,38.0,
1982,73.0,23:29:00,1409,Mark,Driscoll,M,35.0,
1982,75.0,23:30:00,1410,Tom,Wilcox,M,28.0,
1982,76.0,23:33:00,1413,Ed,Garrigues,M,44.0,
1982,76.0,23:33:00,1413,James,Gills,M,47.0,
1982,78.0,23:34:00,1414,Richard,Brantigan,M,38.0,
1982,78.0,23:34:00,1414,George,Hall,M,31.0,
1982,80.0,23:37:00,1417,Robert,Wade,M,39.0,
1982,80.0,23:37:00,1417,Ronald,Allison,M,41.0,
1982,82.0,23:38:00,1418,Richard,Rossow,M,26.0,
1982,82.0,23:38:00,1418,Dennis,Burkett,M,28.0,
1982,84.0,23:41:00,1421,Roger,Thompson,M,40.0,
1982,85.0,23:42:00,1422,Peter,Galloni,M,47.0,
1982,86.0,23:43:00,1423,Sandy,Waddell,F,41.0,
1982,87.0,23:44:00,1424,Steve,Papp,M,38.0,
1982,87.0,23:44:00,1424,Jim,Mensching,M,35.0,
1982,89.0,23:45:00,1425,Clifton,Rodenburg,M,33.0,
1982,90.0,23:48:00,1428,Pete,Taylor,M,38.0,
1982,91.0,23:53:00,1433,Jason,Stephens,M,40.0,
1982,92.0,23:59:00,1439,Robert,Closson,M,44.0,
1982,93.0,24:55:00,1495,Dennis,Coffee,M,34.0,
1982,94.0,25:05:00,1505,James,Honig,M,31.0,
1982,95.0,25:14:00,1514,Jim,Butera,M,34.0,
1982,96.0,25:20:00,1520,Otto,Appenzeller,M,54.0,
1982,97.0,25:27:00,1527,Dahl,Orin,M,46.0,
1982,98.0,25:28:00,1528,Joel,Lobel,M,37.0,
1982,99.0,25:50:00,1550,Jim,Bentson,M,37.0,
1982,100.0,25:51:00,1551,Bill,Beadle,M,35.0,
1982,101.0,26:04:00,1564,Arthur,Schwartz,M,36.0,
1982,101.0,26:04:00,1564,Scott,Jackson,M,48.0,
1982,103.0,26:11:00,1571,Thomas,Taylor,M,28.0,
1982,104.0,26:13:00,1573,Melinda,Creel-Mattingly,F,25.0,
1982,104.0,26:13:00,1573,Les,Nightingill,M,31.0,
1982,104.0,26:13:00,1573,Robert,Finley,M,27.0,
1982,107.0,26:24:00,1584,Russell,Gamble,M,31.0,
1982,108.0,26:29:00,1589,Stuart,Honse,M,40.0,
1982,109.0,26:36:00,1596,Dale,Sutton,M,42.0,
1982,110.0,26:37:00,1597,Randolph,Seed,M,49.0,
1982,111.0,26:38:00,1598,Robert,Haynes,M,50.0,
1982,112.0,26:40:00,1600,Paul,Christman,M,39.0,
1982,113.0,26:44:00,1604,Michael,Sullivan,M,22.0,
1982,114.0,26:57:00,1617,David,Saylor,M,45.0,
1982,115.0,26:58:00,1618,Robert,Vernon,M,48.0,
1982,116.0,27:00:00,1620,Kenneth,Hamada,M,42.0,
1982,117.0,27:03:00,1623,Russ,Melanson,M,47.0,
1982,118.0,27:08:00,1628,Bob,Holtel,M,50.0,
1982,119.0,27:13:00,1633,Joanne,Goodhead,F,42.0,
1982,120.0,27:15:00,1635,Potato,Richardson,M,39.0,
1982,121.0,27:18:00,1638,William,Smith,M,47.0,
1982,122.0,27:23:00,1643,Dick,Collins,M,48.0,
1982,123.0,27:33:00,1653,Bob,Moses,M,36.0,
1982,124.0,27:36:00,1656,Jean-Luc,Szpakowski,M,33.0,
1982,125.0,27:43:00,1663,Don,Pycior,M,42.0,
1982,126.0,27:44:00,1664,Gary,Krosch,M,33.0,
1982,127.0,27:45:00,1665,Theresa,Gerber,F,33.0,
1982,127.0,27:45:00,1665,Katharine,Brieger,F,49.0,
1982,129.0,27:51:00,1671,James,Burke,M,46.0,
1982,129.0,27:51:00,1671,David,Glassman,M,39.0,
1982,131.0,27:53:00,1673,David,Hudson,M,34.0,
1982,132.0,27:58:00,1678,Robert,Cavett,M,42.0,
1982,133.0,28:01:00,1681,Joe,Mensching,M,38.0,
1982,134.0,28:20:00,1700,Michael,Witwer,M,40.0,
1982,135.0,28:22:00,1702,Wally,Robinson,M,35.0,
1982,136.0,28:24:00,1704,Gary,Dow,M,36.0,
1982,136.0,28:24:00,1704,Carol,Laplant,F,35.0,
1982,138.0,28:26:00,1706,Howard,Arnold,M,48.0,
1982,138.0,28:26:00,1706,Walt,Johnson,M,52.0,
1982,140.0,28:30:00,1710,Randy,Homes,M,29.0,
1982,140.0,28:30:00,1710,Gregg,Johnson,M,35.0,
1982,140.0,28:30:00,1710,Cecil,Stearns,M,45.0,
1982,143.0,28:36:00,1716,Debbie,Caminati,F,27.0,
1982,144.0,28:38:00,1718,Emily,Devlin,F,39.0,
1982,145.0,28:39:00,1719,John,Warren,M,43.0,
1982,146.0,28:43:00,1723,Paul,Lee,M,43.0,
1982,147.0,28:45:00,1725,James,Padbury,M,34.0,
1982,148.0,28:47:00,1727,John,Chappel,M,50.0,
1982,148.0,28:47:00,1727,Sherman,Welpton,M,48.0,
1982,150.0,28:55:00,1735,Carl,Touchstone,M,41.0,
1982,151.0,28:56:00,1736,Christine,Shultis,F,43.0,
1982,152.0,28:58:00,1738,Gloria,Bassler,F,45.0,
1982,153.0,29:03:00,1743,Roy,Frizzell,M,23.0,
1982,154.0,29:05:00,1745,Howard,Emer,M,32.0,
1982,154.0,29:05:00,1745,Don,Chorley,M,48.0,
1982,156.0,29:07:00,1747,Peter,Mattei,M,58.0,
1982,157.0,29:08:00,1748,Georgette,Cooper,F,30.0,
1982,158.0,29:10:00,1750,Leo,Cain,M,43.0,
1982,159.0,29:12:00,1752,Moe,Jackson,M,32.0,
1982,160.0,29:21:00,1761,Alan,Nichols,M,52.0,
1982,161.0,29:23:00,1763,Thomas,Sherwood,M,43.0,
1982,161.0,29:23:00,1763,Stanley,Wenger,M,43.0,
1982,161.0,29:23:00,1763,Wally,Herman,M,56.0,
1982,164.0,29:25:00,1765,Jon,Griffin,M,43.0,
1982,165.0,29:27:00,1767,George,Billingsley,M,60.0,
1982,165.0,29:27:00,1767,Marcia,Martyn,F,43.0,
1982,167.0,29:28:00,1768,Carol,Poxon,F,30.0,
1982,168.0,29:31:00,1771,Edward,Anacker,M,61.0,
1982,168.0,29:31:00,1771,Ted,Hill,M,43.0,
1982,170.0,29:34:00,1774,Lawrence,Kinahan,M,34.0,
1982,171.0,29:40:00,1780,Ken,Porter,M,35.0,
1982,172.0,29:41:00,1781,Edward,Weadock,M,50.0,
1982,173.0,29:56:00,1796,Stanford,Brown,M,32.0,
1982,174.0,29:58:00,1798,George,Peavy,M,51.0,
1982,174.0,29:58:00,1798,Reinhold,Ullrich,M,55.0,
1982,176.0,35:52:00,2152,Jonathan,Bechtel,M,38.0,
1983,1.0,16:07:00,967,Jim,Howard,M,29.0,
1983,2.0,16:08:00,968,Jim,King,M,26.0,
1983,3.0,17:23:00,1043,William,Davis,M,37.0,
1983,4.0,17:45:00,1065,Rae,Clark,M,31.0,
1983,5.0,18:06:00,1086,Odin,Chirstensen,M,35.0,
1983,6.0,18:12:00,1092,Bruce,Labelle,M,27.0,
1983,6.0,18:12:00,1092,Ben,Dewell,M,28.0,
1983,8.0,18:15:00,1095,Doug,Latimer,M,45.0,
1983,9.0,18:39:00,1119,David,Horton,M,33.0,
1983,10.0,18:44:00,1124,Charles,Hoover,M,34.0,
1983,11.0,18:51:00,1131,Gil,Cornell,M,33.0,
1983,12.0,19:07:00,1147,Jasper,Kirkby,M,34.0,
1983,13.0,19:11:00,1151,Bjorg,Austrheim-Smith,F,41.0,
1983,14.0,19:14:00,1154,Jim,Pellon,M,32.0,
1983,15.0,19:31:00,1171,Judy,Milkie-West,F,34.0,
1983,16.0,19:36:00,1176,Skip,Houk,M,41.0,
1983,17.0,19:47:00,1187,Richard,Provost,M,37.0,
1983,18.0,19:55:00,1195,Daniel,Brannen,M,30.0,
1983,19.0,19:59:00,1199,Richard,Spady,M,30.0,
1983,20.0,20:10:00,1210,Skip,Seebeck,M,36.0,
1983,21.0,20:11:00,1211,David,Lygre,M,40.0,
1983,22.0,20:16:00,1216,Bruce,Vonborstel,M,37.0,
1983,23.0,20:18:00,1218,Mike,Pelechaty,M,29.0,
1983,24.0,20:31:00,1231,Bruce,Madewell,M,37.0,
1983,25.0,20:35:00,1235,Paul,Ryan,M,37.0,
1983,26.0,20:47:00,1247,Ronald,Ross,M,25.0,
1983,27.0,20:50:00,1250,Tom,Rotkis,M,35.0,
1983,28.0,20:58:00,1258,Leighton,Gard,M,48.0,
1983,28.0,20:58:00,1258,Roger,Daniels,M,47.0,
1983,30.0,21:04:00,1264,Tim,Twietmeyer,M,24.0,
1983,31.0,21:07:00,1267,Michael,Mauldin,M,35.0,
1983,32.0,21:16:00,1276,Charles,Ferguson,M,42.0,
1983,33.0,21:25:00,1285,Walter,Bortz,M,24.0,
1983,34.0,21:30:00,1290,Russell,Moore,M,43.0,
1983,35.0,21:31:00,1291,Harry,Sloan,M,34.0,
1983,36.0,21:32:00,1292,Les,Nightingill,M,32.0,
1983,37.0,21:49:00,1309,Mark,Olson,M,36.0,
1983,38.0,21:51:00,1311,Steven,Barr,M,27.0,
1983,39.0,21:54:00,1314,Orin,Peterson,M,46.0,
1983,40.0,21:55:00,1315,Thomas,Zavortink,M,44.0,
1983,41.0,21:56:00,1316,Gary,Cross,M,23.0,
1983,41.0,21:56:00,1316,Robert,Eichstaedt,M,36.0,
1983,43.0,21:57:00,1317,Robert,Marsh,M,29.0,
1983,44.0,22:07:00,1327,Arthur,Schwartz,M,37.0,
1983,45.0,22:13:00,1333,Charles,Savage,M,35.0,
1983,46.0,22:21:00,1341,David,Samuelson,M,33.0,
1983,46.0,22:21:00,1341,Martin,Hillyer,M,46.0,
1983,46.0,22:21:00,1341,Steve,Austrheim-Smith,M,36.0,
1983,49.0,22:24:00,1344,Gerard,Custer,M,34.0,
1983,50.0,22:31:00,1351,R.,Silver,M,52.0,
1983,50.0,22:31:00,1351,Robert,Sobsey,M,32.0,
1983,52.0,22:32:00,1352,Cowman,A-Moo-Ha'S,M,41.0,
1983,53.0,22:35:00,1355,Butch,Alexander,M,30.0,
1983,54.0,22:40:00,1360,Michael,Levin,M,40.0,
1983,55.0,22:45:00,1365,John,Naslund,M,32.0,
1983,55.0,22:45:00,1365,Gordon,Palmer,M,44.0,
1983,57.0,22:48:00,1368,Richard,Stewart,M,35.0,
1983,57.0,22:48:00,1368,Lori,Brusati,F,28.0,
1983,57.0,22:48:00,1368,Dana,Gard,M,38.0,
1983,57.0,22:48:00,1368,Michael,Owen,M,30.0,
1983,61.0,22:49:00,1369,John,Kanieski,M,37.0,
1983,62.0,22:50:00,1370,Peter,Galloni,M,48.0,
1983,63.0,22:51:00,1371,Daniel,Wilson,M,33.0,
1983,64.0,22:52:00,1372,Karen,Clement,F,36.0,
1983,65.0,22:54:00,1374,Phil,Galdi,M,33.0,
1983,66.0,22:56:00,1376,Steve,Kohler,M,35.0,
1983,66.0,22:56:00,1376,Robert,Pike,M,45.0,
1983,68.0,23:00:00,1380,Ted,Winters,M,44.0,
1983,69.0,23:07:00,1387,Bob,Bunnell,M,32.0,
1983,69.0,23:07:00,1387,Bill,Finkbeiner,M,28.0,
1983,71.0,23:08:00,1388,Ed,Richardson,M,31.0,
1983,72.0,23:09:00,1389,Jim,Sapp,M,33.0,
1983,72.0,23:09:00,1389,Red,Fisher,M,30.0,
1983,72.0,23:09:00,1389,Bob,Ross,M,40.0,
1983,75.0,23:19:00,1399,Jim,Hurley,M,27.0,
1983,75.0,23:19:00,1399,Don,Lamarre,M,52.0,
1983,77.0,23:20:00,1400,Phil,Penna,M,35.0,
1983,77.0,23:20:00,1400,Robert,Szekeresh,M,36.0,
1983,79.0,23:22:00,1402,Steve,Shopoff,M,36.0,
1983,80.0,23:24:00,1404,Paul,Bush,M,38.0,
1983,81.0,23:25:00,1405,Gordon,Dugan,M,50.0,
1983,82.0,23:27:00,1407,Clayton,Wagner,M,42.0,
1983,82.0,23:27:00,1407,Tess,Porter,F,36.0,
1983,84.0,23:29:00,1409,Carol,Hewitt,F,35.0,
1983,85.0,23:30:00,1410,Marvin,Christensen,M,49.0,
1983,86.0,23:32:00,1412,Jean-Luc,Szpakowski,M,34.0,
1983,87.0,23:33:00,1413,Tom,Sloan,M,35.0,
1983,87.0,23:33:00,1413,Ron,Kovacs,M,44.0,
1983,87.0,23:33:00,1413,Joe,Williams,M,27.0,
1983,90.0,23:36:00,1416,Bob,Chic,M,38.0,
1983,90.0,23:36:00,1416,James,Brynteson,M,29.0,
1983,90.0,23:36:00,1416,Ted,Hill,M,44.0,
1983,93.0,23:38:00,1418,Paul,Garnett,M,35.0,
1983,94.0,23:39:00,1419,Raymond,Graber,M,40.0,
1983,95.0,23:41:00,1421,Randy,Homes,M,29.0,
1983,96.0,23:42:00,1422,Bill,Peterson,M,60.0,
1983,96.0,23:42:00,1422,Mark,Samuelson,M,29.0,
1983,98.0,23:44:00,1424,David,Hudson,M,35.0,
1983,99.0,23:46:00,1426,Nick,Klaich,M,37.0,
1983,99.0,23:46:00,1426,Gordon,Hall,M,51.0,
1983,101.0,23:47:00,1427,Roger,Dike,M,28.0,
1983,102.0,23:49:00,1429,Russ,Melanson,M,49.0,
1983,103.0,23:53:00,1433,Tia,Tobin,M,29.0,
1983,103.0,23:53:00,1433,Mo,Livermore,F,31.0,
1983,105.0,23:54:00,1434,Debbie,Caminati,F,28.0,
1983,106.0,23:57:00,1437,Mark,Driscoll,M,36.0,
1983,107.0,23:58:00,1438,Robert,Norton,M,41.0,
1983,108.0,23:59:00,1439,Thomas,Magrann,M,34.0,
1983,108.0,23:59:00,1439,Ted,Martinez,M,28.0,
1983,110.0,24:07:00,1447,Jim,Butera,M,35.0,
1983,110.0,24:07:00,1447,Jon,Griffin,M,44.0,
1983,112.0,24:10:00,1450,Bill,Gardner,M,40.0,
1983,113.0,24:28:00,1468,John,Markl,M,35.0,
1983,114.0,24:29:00,1469,Dieter,Diekmeyer,M,50.0,
1983,115.0,24:31:00,1471,Thomas,Bryan,M,43.0,
1983,116.0,24:32:00,1472,Robert,Develice,M,29.0,
1983,117.0,24:48:00,1488,Mark,Richert,M,43.0,
1983,118.0,25:05:00,1505,Ken,Littlefield,M,36.0,
1983,119.0,25:30:00,1530,Johnny,Palacio,M,32.0,
1983,120.0,25:41:00,1541,Richard,Hogan,M,39.0,
1983,121.0,25:42:00,1542,Richard,Park,M,45.0,
1983,122.0,25:55:00,1555,Ray,Langston,M,49.0,
1983,123.0,25:58:00,1558,Michael,Kasser,M,36.0,
1983,124.0,25:59:00,1559,Barry,Mink,M,42.0,
1983,124.0,25:59:00,1559,Mark,Wade,M,27.0,
1983,126.0,26:00:00,1560,Ephraim,Romesberg,M,52.0,
1983,127.0,26:02:00,1562,Don,Johnson,M,40.0,
1983,128.0,26:20:00,1580,Marion,Fryar,M,47.0,
1983,129.0,26:22:00,1582,Harlan,Martin,M,41.0,
1983,130.0,26:30:00,1590,Ken,Porter,M,37.0,
1983,131.0,26:31:00,1591,Robert,Shaw,M,29.0,
1983,132.0,26:34:00,1594,Don,Chorley,M,49.0,
1983,132.0,26:34:00,1594,Katharine,Brieger,F,50.0,
1983,134.0,26:38:00,1598,Norm,Klein,M,44.0,
1983,135.0,26:40:00,1600,Pat,Cangiano,M,57.0,
1983,136.0,26:41:00,1601,Gary,Ruttenberg,M,37.0,
1983,137.0,26:42:00,1602,Charles,Mersereau,M,59.0,
1983,138.0,26:46:00,1606,Luke,Barber,M,38.0,
1983,139.0,26:57:00,1617,Nancy,March,F,36.0,
1983,139.0,26:57:00,1617,Steve,March,M,37.0,
1983,141.0,26:58:00,1618,Stanford,Brown,M,32.0,
1983,141.0,26:58:00,1618,Sandy,Waddell,F,42.0,
1983,143.0,27:04:00,1624,Chuck,Eidenschink,M,30.0,
1983,144.0,27:06:00,1626,Bob,Moses,M,37.0,
1983,145.0,27:09:00,1629,Vi,Wexner,M,41.0,
1983,146.0,27:17:00,1637,Gavin,Callinan,M,50.0,
1983,147.0,27:20:00,1640,Debbie,Deupree,F,29.0,
1983,148.0,27:22:00,1642,Cheryl,Clanton,F,34.0,
1983,149.0,27:23:00,1643,Lanny,Brent,M,43.0,
1983,149.0,27:23:00,1643,Allyn,Schwinkendorf,M,49.0,
1983,151.0,27:25:00,1645,William,Casteel,M,54.0,
1983,152.0,27:32:00,1652,Steve,Jaber,M,31.0,
1983,153.0,27:34:00,1654,Gary,Davis,M,39.0,
1983,154.0,27:36:00,1656,Thomas,Boland,M,45.0,
1983,155.0,27:37:00,1657,Gloria,Bassler,F,46.0,
1983,156.0,27:38:00,1658,Martha,Maricle,F,50.0,
1983,156.0,27:38:00,1658,Karin,Nequin,F,29.0,
1983,158.0,27:40:00,1660,G.G.,Belanger,M,46.0,
1983,158.0,27:40:00,1660,Carlos,Arellanes,M,27.0,
1983,160.0,27:45:00,1665,Reinhold,Ullrich,M,56.0,
1983,161.0,27:55:00,1675,Tom,Chaves,M,43.0,
1983,162.0,28:01:00,1681,George,Miller,M,36.0,
1983,163.0,28:02:00,1682,Lono,Tyson,M,55.0,
1983,164.0,28:04:00,1684,Pat,Fitzgerald,M,52.0,
1983,165.0,28:11:00,1691,Ruth,Anderson,F,53.0,
1983,166.0,28:12:00,1692,Chuck,Sorenson,M,41.0,
1983,166.0,28:12:00,1692,Jim,Corbett,M,35.0,
1983,168.0,28:14:00,1694,Kalon,Kelley,M,44.0,
1983,169.0,28:15:00,1695,Peter,Jacobs,M,43.0,
1983,170.0,28:26:00,1706,Lynn,Cranmer,F,43.0,
1983,171.0,28:28:00,1708,Karen,Diekmeyer,F,42.0,
1983,172.0,28:30:00,1710,Edward,Hooper,M,44.0,
1983,172.0,28:30:00,1710,Howard,Henry,M,62.0,
1983,174.0,28:33:00,1713,Robert,Haynes,M,51.0,
1983,174.0,28:33:00,1713,William,Elkman,M,31.0,
1983,176.0,28:35:00,1715,John,Hill,M,48.0,
1983,176.0,28:35:00,1715,Peter,Coffin,M,37.0,
1983,178.0,28:40:00,1720,Edward,Creehan,M,41.0,
1983,179.0,28:43:00,1723,Dennis,Scott,M,35.0,
1983,180.0,28:44:00,1724,Mickey,Campaniello,M,29.0,
1983,181.0,28:48:00,1728,John,Squires,M,52.0,
1983,182.0,28:51:00,1731,Ed,Pope,M,43.0,
1983,183.0,28:54:00,1734,Rick,Fay,M,42.0,
1983,184.0,29:04:00,1744,Dennis,Coffee,M,35.0,
1983,185.0,29:05:00,1745,Steve,Hamilton,M,37.0,
1983,186.0,29:13:00,1753,Don,Douglass,M,51.0,
1983,187.0,29:18:00,1758,Floyd,Doss,M,63.0,
1983,187.0,29:18:00,1758,Tj,Key,M,39.0,
1983,189.0,29:21:00,1761,James,Levasseur,M,44.0,
1983,190.0,29:24:00,1764,Larry,King,M,38.0,
1983,191.0,29:26:00,1766,Noel,Murchie,F,47.0,
1983,192.0,29:30:00,1770,Tom,O'Brien,M,48.0,
1983,193.0,29:31:00,1771,John,Warren,M,44.0,
1983,194.0,29:32:00,1772,Eric,Gebelein,M,37.0,
1983,195.0,29:47:00,1787,James,Brabec,M,52.0,
1983,196.0,29:55:00,1795,Laura,Lambert,F,28.0,
1984,1.0,14:54:00,894,Jim,King,M,27.0,
1984,2.0,15:47:00,947,Bruce,Labelle,M,28.0,
1984,3.0,17:11:00,1031,Rae,Clark,M,32.0,
1984,4.0,17:28:00,1048,Doug,Latimer,M,46.0,
1984,5.0,17:38:00,1058,Richard,Spady,M,32.0,
1984,6.0,18:18:00,1098,Jim,Pellon,M,34.0,
1984,7.0,18:28:00,1108,Martin,Jones,M,41.0,
1984,8.0,18:29:00,1109,Charles,Savage,M,36.0,
1984,9.0,18:45:00,1125,Bruce,Mauldin,M,36.0,
1984,10.0,18:49:00,1129,Leighton,Gard,M,50.0,
1984,11.0,18:52:00,1132,Dan,Williams,M,35.0,
1984,12.0,18:54:00,1134,Gil,Cornell,M,34.0,
1984,13.0,18:55:00,1135,David,Innes,M,36.0,
1984,14.0,19:00:00,1140,Bernd,Leupold,M,42.0,
1984,15.0,19:05:00,1145,Odin,Christensen,M,36.0,
1984,16.0,19:13:00,1153,Ben,Dewell,M,29.0,
1984,17.0,19:27:00,1167,Willis,McCarthy,M,28.0,
1984,18.0,19:35:00,1175,Bill,Thomas,M,27.0,
1984,18.0,19:35:00,1175,Steve,Boyer,M,37.0,
1984,20.0,19:37:00,1177,Aaron,Wernham,M,20.0,
1984,20.0,19:37:00,1177,Bill,Finkbeiner,M,28.0,
1984,22.0,19:42:00,1182,Mark,Samuelson,M,30.0,
1984,22.0,19:42:00,1182,David,Hudson,M,36.0,
1984,24.0,19:56:00,1196,Ian,Maddieson,M,41.0,
1984,25.0,20:03:00,1203,Scott,Mills,M,33.0,
1984,26.0,20:04:00,1204,Judy,Milkie-West,F,34.0,
1984,27.0,20:18:00,1218,Red,Fisher,M,31.0,
1984,28.0,20:19:00,1219,Phil,Penna,M,35.0,
1984,29.0,20:23:00,1223,Bjorg,Austrheim-Smith,F,41.0,
1984,30.0,20:24:00,1224,Steven,Barr,M,28.0,
1984,31.0,20:34:00,1234,Wally,Portelance,M,41.0,
1984,32.0,20:35:00,1235,Hal,Winton,M,52.0,
1984,33.0,20:36:00,1236,Jean-Luc,Szpakowski,M,35.0,
1984,34.0,20:41:00,1241,Tom,Ulik,M,43.0,
1984,35.0,20:47:00,1247,Mark,Olson,M,37.0,
1984,36.0,20:50:00,1250,Michael,Morrow,M,34.0,
1984,37.0,20:55:00,1255,Gordy,Ainsleigh,M,37.0,
1984,37.0,20:55:00,1255,Kimberly,Beaulieu,F,29.0,
1984,39.0,21:01:00,1261,Kathy,Martin,F,34.0,
1984,40.0,21:07:00,1267,Alfred,Solish,M,34.0,
1984,41.0,21:08:00,1268,Butch,Alexander,M,31.0,
1984,42.0,21:12:00,1272,Tim,Tobin,M,30.0,
1984,43.0,21:18:00,1278,Richard,Fonseca,M,49.0,
1984,44.0,21:19:00,1279,Cj,Edgar,M,42.0,
1984,45.0,21:20:00,1280,Debbie,Sierra,F,32.0,
1984,46.0,21:22:00,1282,John,Kanieski,M,38.0,
1984,47.0,21:31:00,1291,Walter,Bortz,M,25.0,
1984,47.0,21:31:00,1291,Miles,Krier,M,32.0,
1984,49.0,21:34:00,1294,Ed,Wehan,M,40.0,
1984,49.0,21:34:00,1294,Michael,Callen,M,33.0,
1984,51.0,21:43:00,1303,Stan,Wegner,M,45.0,
1984,52.0,21:44:00,1304,Herb,Tanimoto,M,36.0,
1984,53.0,21:49:00,1309,Ike,Hesler,M,44.0,
1984,53.0,21:49:00,1309,Robert,Stewart,M,39.0,
1984,55.0,21:51:00,1311,Jeffrey,Horton,M,37.0,
1984,56.0,21:58:00,1318,Milan,Zeman,M,42.0,
1984,56.0,21:58:00,1318,Terri,Gerber,F,35.0,
1984,56.0,21:58:00,1318,Stanford,Brown,M,34.0,
1984,59.0,21:59:00,1319,David,Wrolstad,M,25.0,
1984,60.0,22:00:00,1320,Mike,Pelechaty,M,29.0,
1984,60.0,22:00:00,1320,Tom,Rotkis,M,36.0,
1984,62.0,22:03:00,1323,Ralph,Paffenbarger,M,61.0,
1984,63.0,22:07:00,1327,David,Ferguson,M,45.0,
1984,64.0,22:10:00,1330,Christopher,Hall,M,36.0,
1984,65.0,22:11:00,1331,Jim,Butera,M,36.0,
1984,65.0,22:11:00,1331,Gary,Cross,M,24.0,
1984,65.0,22:11:00,1331,Ephraim,Romesberg,M,53.0,
1984,68.0,22:12:00,1332,Floyd,Whiting,M,43.0,
1984,69.0,22:13:00,1333,Robert,Sobsey,M,33.0,
1984,69.0,22:13:00,1333,Patrick,Shaughnessy,M,32.0,
1984,71.0,22:16:00,1336,John,Richards,M,52.0,
1984,72.0,22:23:00,1343,Peter,Magee,M,37.0,
1984,73.0,22:24:00,1344,Joseph,Schieffer,M,33.0,
1984,74.0,22:25:00,1345,Roger,Sobsey,M,33.0,
1984,74.0,22:25:00,1345,Eric,Evers,M,34.0,
1984,76.0,22:26:00,1346,Larry,Gomez,M,39.0,
1984,77.0,22:27:00,1347,Klaus,Weber,M,41.0,
1984,78.0,22:28:00,1348,Joe,Dugan,M,45.0,
1984,78.0,22:28:00,1348,Elin,Fossen,F,44.0,
1984,78.0,22:28:00,1348,Doug,Conover,M,31.0,
1984,81.0,22:32:00,1352,John,Bandur,M,46.0,
1984,82.0,22:34:00,1354,Thad,Childs,M,37.0,
1984,83.0,22:35:00,1355,Robert,Pike,M,47.0,
1984,84.0,22:36:00,1356,Bobbie,Dixon,F,37.0,
1984,85.0,22:42:00,1362,Martha,Maricle,F,51.0,
1984,86.0,22:45:00,1365,Ted,Winters,M,45.0,
1984,87.0,22:46:00,1366,Nick,Bassett,M,39.0,
1984,88.0,22:47:00,1367,Bill,Clements,M,26.0,
1984,89.0,22:48:00,1368,Valerie,Doyle,F,42.0,
1984,90.0,22:49:00,1369,Michael,Addis,M,33.0,
1984,91.0,22:50:00,1370,Mike,Doolittle,M,45.0,
1984,91.0,22:50:00,1370,Jeff,Hagen,M,37.0,
1984,93.0,22:53:00,1373,Robert,Cox,M,47.0,
1984,94.0,22:55:00,1375,James,Drake,M,44.0,
1984,94.0,22:55:00,1375,Bob,Bunnell,M,33.0,
1984,96.0,22:56:00,1376,Joan,Scannell,F,38.0,
1984,97.0,22:57:00,1377,Dick,Shanley,M,42.0,
1984,98.0,22:58:00,1378,Don,Pycior,M,45.0,
1984,98.0,22:58:00,1378,Arthur,Schwartz,M,38.0,
1984,98.0,22:58:00,1378,Norm,Klein,M,46.0,
1984,98.0,22:58:00,1378,Wes,Barrett,M,47.0,
1984,102.0,22:59:00,1379,Andy,Deters,M,42.0,
1984,102.0,22:59:00,1379,John,Naslund,M,34.0,
1984,104.0,23:01:00,1381,James,Brusstar,M,48.0,
1984,105.0,23:02:00,1382,Warren,Yeend,M,48.0,
1984,106.0,23:04:00,1384,Scott,Metcalfe,M,22.0,
1984,107.0,23:05:00,1385,Dan,Holzer,M,38.0,
1984,108.0,23:06:00,1386,Jim,Sapp,M,34.0,
1984,108.0,23:06:00,1386,Bob,Ross,M,41.0,
1984,110.0,23:07:00,1387,Lanny,Brent,M,44.0,
1984,111.0,23:08:00,1388,Albert,Freese,M,38.0,
1984,112.0,23:09:00,1389,John,Korff,M,32.0,
1984,112.0,23:09:00,1389,Albert,Franklin,M,37.0,
1984,112.0,23:09:00,1389,Luke,Barber,M,39.0,
1984,112.0,23:09:00,1389,Chuck,Eidenschink,M,31.0,
1984,116.0,23:10:00,1390,Richard,West,M,36.0,
1984,117.0,23:17:00,1397,Carlos,Arellanes,M,28.0,
1984,118.0,23:18:00,1398,Ken,Evans,M,38.0,
1984,118.0,23:18:00,1398,Barry,Turner,M,43.0,
1984,120.0,23:19:00,1399,Bob,Moses,M,38.0,
1984,120.0,23:19:00,1399,Kalon,Kelley,M,45.0,
1984,120.0,23:19:00,1399,James,Glinn,M,39.0,
1984,120.0,23:19:00,1399,John,Dorr,M,41.0,
1984,124.0,23:20:00,1400,Jan,Nyboer,M,41.0,
1984,125.0,23:21:00,1401,Tom,Crawford,M,38.0,
1984,125.0,23:21:00,1401,Michael,Witwer,M,42.0,
1984,127.0,23:22:00,1402,Ron,Kovacs,M,45.0,
1984,128.0,23:23:00,1403,Robert,Shaw,M,31.0,
1984,129.0,23:25:00,1405,Dahl,Orin,M,48.0,
1984,130.0,23:28:00,1408,Linda,Lee,F,28.0,
1984,131.0,23:31:00,1411,Robert,Karwasky,M,28.0,
1984,132.0,23:32:00,1412,Larry,Jackson,M,50.0,
1984,133.0,23:33:00,1413,Elliott,Eisenbud,M,41.0,
1984,133.0,23:33:00,1413,Thomas,Zavortink,M,45.0,
1984,133.0,23:33:00,1413,Dean,Metcalf,M,41.0,
1984,133.0,23:33:00,1413,Dennis,Scott,M,36.0,
1984,137.0,23:35:00,1415,Philip,Edmunds,M,35.0,
1984,137.0,23:35:00,1415,Jerry,Blinn,M,37.0,
1984,139.0,23:36:00,1416,James,Padbury,M,36.0,
1984,139.0,23:36:00,1416,Kevin,Lee,M,20.0,
1984,141.0,23:40:00,1420,Bruce,Hagen,M,33.0,
1984,142.0,23:43:00,1423,Barry,Hawley,M,42.0,
1984,143.0,23:44:00,1424,Roy,Haley,M,47.0,
1984,144.0,23:45:00,1425,Henry,Yeager,M,48.0,
1984,145.0,23:47:00,1427,Dick,Collins,M,50.0,
1984,145.0,23:47:00,1427,John,McComish,M,47.0,
1984,147.0,23:50:00,1430,Jason,Stephens,M,42.0,
1984,148.0,23:53:00,1433,Russ,Melanson,M,49.0,
1984,148.0,23:53:00,1433,Gary,Ruttenberg,M,38.0,
1984,148.0,23:53:00,1433,Joseph,Mavec,M,40.0,
1984,148.0,23:53:00,1433,James,Theiring,M,48.0,
1984,152.0,23:54:00,1434,Terence,Pintane,M,33.0,
1984,153.0,23:55:00,1435,Gary,Stansauk,M,33.0,
1984,153.0,23:55:00,1435,Joe,Mensching,M,40.0,
1984,153.0,23:55:00,1435,David,Lapierre,M,43.0,
1984,153.0,23:55:00,1435,Brian,Stansauk,M,32.0,
1984,153.0,23:55:00,1435,Richard,Kinder,M,37.0,
1984,158.0,23:59:00,1439,Ed,Williams,M,54.0,
1984,158.0,23:59:00,1439,Kyle,Meintzer,M,35.0,
1984,160.0,24:02:00,1442,Albert,Ortiz,M,38.0,
1984,161.0,24:03:00,1443,Scott,Jackson,M,49.0,
1984,162.0,24:16:00,1456,Harrison,Smith,M,57.0,
1984,163.0,24:19:00,1459,Jean,Wilkinson,M,22.0,
1984,164.0,24:21:00,1461,Daniel,Reid,M,42.0,
1984,165.0,24:34:00,1474,James,Gills,M,49.0,
1984,166.0,24:36:00,1476,John,Salmonson,M,41.0,
1984,167.0,25:13:00,1513,Tom,Galbraith,M,40.0,
1984,167.0,25:13:00,1513,Pat,Fitzgerald,M,53.0,
1984,169.0,25:31:00,1531,Karin,Nequin,F,30.0,
1984,169.0,25:31:00,1531,Russell,Moore,M,44.0,
1984,171.0,25:36:00,1536,Edward,Weadock,M,52.0,
1984,172.0,25:45:00,1545,Jim,Wholey,M,37.0,
1984,173.0,25:46:00,1546,Pam,Rowland,F,35.0,
1984,174.0,25:48:00,1548,Dick,Stevens,M,50.0,
1984,175.0,25:52:00,1552,Chuck,Frame,M,41.0,
1984,176.0,25:59:00,1559,Joe,Campbell,M,38.0,
1984,177.0,26:07:00,1567,Katharine,Brieger,F,51.0,
1984,178.0,26:08:00,1568,Carol,Laplant,F,37.0,
1984,179.0,26:16:00,1576,Bob,Holtel,M,52.0,
1984,180.0,26:23:00,1583,Ted,Hill,M,45.0,
1984,181.0,26:26:00,1586,Don,Kesinger,M,46.0,
1984,182.0,26:32:00,1592,Dennis,Coffee,M,36.0,
1984,183.0,26:33:00,1593,Judy,Milgram,F,42.0,
1984,184.0,26:35:00,1595,John,Fazel,M,47.0,
1984,185.0,26:39:00,1599,William,Smith,M,49.0,
1984,186.0,26:40:00,1600,Russ,Coile,M,40.0,
1984,187.0,26:44:00,1604,Larry,Wyatt,M,34.0,
1984,188.0,26:48:00,1608,Wally,Robinson,M,37.0,
1984,189.0,26:53:00,1613,Cherry,Stockton,F,40.0,
1984,190.0,27:02:00,1622,Mark,Ricaud,M,53.0,
1984,191.0,27:03:00,1623,Robert,Figuli,M,55.0,
1984,192.0,27:05:00,1625,Mary,Hammes,F,24.0,
1984,193.0,27:06:00,1626,Clyde,Nunn,M,43.0,
1984,194.0,27:07:00,1627,Gerald,Rockwell,M,36.0,
1984,194.0,27:07:00,1627,Gloria,Bassler,F,47.0,
1984,196.0,27:12:00,1632,John,Gish,M,39.0,
1984,197.0,27:15:00,1635,Jim,Bentson,M,39.0,
1984,198.0,27:21:00,1641,Richard,Pence,M,34.0,
1984,199.0,27:27:00,1647,Holiday,Holmes,F,28.0,
1984,199.0,27:27:00,1647,Robert,Haynes,M,52.0,
1984,201.0,27:30:00,1650,John,Shaw Jr,M,41.0,
1984,202.0,27:31:00,1651,John,Fries,M,27.0,
1984,203.0,27:33:00,1653,Sandra,Stepp,F,34.0,
1984,204.0,27:38:00,1658,Noel,Neguin,M,46.0,
1984,205.0,27:39:00,1659,Ed,Fishman,M,61.0,
1984,206.0,27:41:00,1661,Roger,Tilford,M,55.0,
1984,207.0,27:46:00,1666,Winterhawk,Semler,M,32.0,
1984,207.0,27:46:00,1666,Daniel,Lindstrom,M,34.0,
1984,209.0,27:47:00,1667,Joseph,Adams,M,44.0,
1984,210.0,27:49:00,1669,Peter,Keep,M,29.0,
1984,211.0,27:50:00,1670,Fritz,Ingram,M,44.0,
1984,212.0,27:56:00,1676,Robert,Corley,M,32.0,
1984,213.0,27:57:00,1677,Tom,Williams,M,35.0,
1984,214.0,28:00:00,1680,Mark,Haymond,M,40.0,
1984,215.0,28:10:00,1690,Keith,Whittingslow,M,45.0,
1984,216.0,28:11:00,1691,Ruth,Bortz,F,53.0,
1984,217.0,28:12:00,1692,Howard,Henry,M,63.0,
1984,218.0,28:13:00,1693,Tim,McCollor,M,19.0,
1984,218.0,28:13:00,1693,Jesse,Castaneda,M,44.0,
1984,220.0,28:17:00,1697,Eugene,Schuman,M,38.0,
1984,221.0,28:21:00,1701,Charlie,Gabri,M,40.0,
1984,221.0,28:21:00,1701,Terrel,Eddy,M,51.0,
1984,223.0,28:22:00,1702,Stephen,Cassell,M,34.0,
1984,224.0,28:30:00,1710,Rod,Dickson,M,38.0,
1984,225.0,28:32:00,1712,Fred,Nagelschmidt,M,60.0,
1984,225.0,28:32:00,1712,Chuck,Logan,M,46.0,
1984,225.0,28:32:00,1712,Gary,Folsom,M,34.0,
1984,228.0,28:33:00,1713,Richard,Boston,M,36.0,
1984,229.0,28:35:00,1715,Terry,Seyfarth,F,36.0,
1984,230.0,28:37:00,1717,Redmond,Gleason,M,49.0,
1984,231.0,28:52:00,1732,Lewis,Hollander,M,54.0,
1984,232.0,29:13:00,1753,Lori,Brusati,F,29.0,
1984,233.0,29:16:00,1756,Robert,Burdick,M,51.0,
1984,233.0,29:16:00,1756,Susan,McMaster,F,38.0,
1984,235.0,29:18:00,1758,Roger,Larue,M,35.0,
1984,236.0,29:19:00,1759,Helen,Klein,F,61.0,
1984,237.0,29:20:00,1760,John,Warren,M,45.0,
1984,238.0,29:21:00,1761,Dennis,Burkett,M,30.0,
1984,239.0,29:24:00,1764,Joan,Barber,F,40.0,
1984,240.0,29:25:00,1765,Stephen,Hubbard,M,36.0,
1984,240.0,29:25:00,1765,Gloria,Takagishi,F,38.0,
1984,242.0,29:28:00,1768,John,Squires,M,54.0,
1984,243.0,29:29:00,1769,Tj,Key,M,40.0,
1984,243.0,29:29:00,1769,Pamela,Smith,F,30.0,
1984,243.0,29:29:00,1769,David,Dixon,M,38.0,
1984,243.0,29:29:00,1769,John,Jordan,M,39.0,
1984,247.0,29:47:00,1787,Ed,Pope,M,45.0,
1984,248.0,29:56:00,1796,Jill,Merriman,F,30.0,
1984,248.0,29:56:00,1796,Fred,Hornbruch,M,42.0,
1984,250.0,29:59:00,1799,Cowman,A-Moo-Ha'S,M,40.0,
1985,1.0,16:02:44,962,Jim,King,M,28.0,
1985,2.0,16:48:31,1008,Jim,Pellon,M,35.0,
1985,3.0,16:51:36,1011,Steve,Warshawer,M,27.0,
1985,4.0,17:14:29,1034,Mark,Brotherton,M,28.0,
1985,5.0,17:24:15,1044,William,Davis,M,39.0,
1985,6.0,17:44:36,1064,Rae,Clark,M,33.0,
1985,7.0,18:11:24,1091,Herb,Tanzer,M,41.0,
1985,8.0,18:28:23,1108,Doug,Latimer,M,47.0,
1985,9.0,18:39:48,1119,Bruce,Vonborstel,M,39.0,
1985,10.0,18:42:09,1122,Tim,Twietmeyer,M,26.0,
1985,11.0,19:05:14,1145,Gil,Cornell,M,35.0,
1985,12.0,19:08:36,1148,Dan,Williams,M,36.0,
1985,13.0,19:09:04,1149,Dave,Stevenson,M,32.0,
1985,14.0,19:19:53,1159,Charles,Savage,M,37.0,
1985,15.0,19:40:45,1180,Odin,Christensen,M,37.0,
1985,16.0,19:50:55,1190,Bernd,Leupold,M,43.0,
1985,17.0,20:22:07,1222,Leighton,Gard,M,51.0,
1985,18.0,20:30:03,1230,Terri,Gerber,F,36.0,
1985,19.0,20:32:44,1232,Chris,Delgado,M,51.0,
1985,20.0,20:46:46,1246,Richard,Spady,M,33.0,
1985,21.0,20:51:15,1251,Bob,Dalton,M,30.0,
1985,22.0,20:55:36,1255,Richard,Provost,M,39.0,
1985,23.0,21:03:56,1263,Dana,Gard,M,40.0,
1985,24.0,21:05:00,1265,David,Innes,M,37.0,
1985,25.0,21:10:10,1270,Gregory,Franklin,M,,
1985,26.0,21:14:34,1274,Edward,Lujan,M,46.0,
1985,27.0,21:17:23,1277,Eric,Ianacone,M,38.0,
1985,28.0,21:23:37,1283,Rob,Volkenand,M,54.0,
1985,29.0,21:29:36,1289,Rex,Maynard,M,41.0,
1985,30.0,21:34:36,1294,Martyn,Greaves,M,25.0,
1985,31.0,21:40:04,1300,Dane,Larsen,M,34.0,
1985,32.0,21:43:23,1303,John,Demorest,M,34.0,
1985,33.0,21:43:49,1303,Kathy,D'Onofrio-Wood,F,20.0,
1985,34.0,21:53:59,1313,Vicki,Johnson,F,42.0,
1985,35.0,21:54:39,1314,Doug,Schrock,M,32.0,
1985,36.0,22:00:57,1320,Tom,Rotkis,M,37.0,
1985,37.0,22:04:56,1324,Marc,Hoschler,M,34.0,
1985,38.0,22:05:32,1325,Carol,Laplant,F,38.0,
1985,39.0,22:08:29,1328,Joe,Campbell,M,39.0,
1985,40.0,22:09:01,1329,Ike,Hesler,M,45.0,
1985,41.0,22:09:51,1329,Bjorg,Austrheim-Smith,F,42.0,
1985,42.0,22:10:28,1330,Ben,Dewell,M,30.0,
1985,43.0,22:10:53,1330,Pat,Whyte,M,37.0,
1985,44.0,22:13:01,1333,Bobbie,Dixon,F,38.0,
1985,45.0,22:13:15,1333,Jeff,Wall,M,42.0,
1985,46.0,22:14:38,1334,Ed,Wehan,M,41.0,
1985,47.0,22:21:58,1341,Ronny,Harries,M,34.0,
1985,48.0,22:26:27,1346,Gary,Cross,M,25.0,
1985,49.0,22:31:02,1351,Andy,Gonzalez,M,30.0,
1985,50.0,22:32:01,1352,Daniel,Fowkes,M,23.0,
1985,51.0,22:38:01,1358,Tom,Duket,M,42.0,
1985,52.0,22:38:22,1358,Jerry,Guse,M,45.0,
1985,53.0,22:41:37,1361,Michael,Callen,M,34.0,
1985,54.0,22:41:45,1361,Lee,Roberts,M,32.0,
1985,55.0,22:46:24,1366,Chris,Cole,M,22.0,
1985,56.0,22:48:07,1368,Wes,Kesenich,M,,
1985,57.0,22:50:56,1370,Larry,Matz,M,37.0,
1985,58.0,22:53:07,1373,John,Kanieski,M,39.0,
1985,59.0,22:56:00,1376,Fred,Nagelschmidt,M,61.0,
1985,60.0,22:57:18,1377,Gary,Stansauk,M,34.0,
1985,61.0,23:06:09,1386,Kathy,Martin,F,35.0,
1985,62.0,23:07:29,1387,Brian,Purcell,M,29.0,
1985,63.0,23:08:53,1388,Mark,Samuelson,M,31.0,
1985,64.0,23:11:44,1391,Bill,Yawn,M,39.0,
1985,65.0,23:16:07,1396,Richard,Crane,M,32.0,
1985,66.0,23:18:14,1398,Gordy,Ainsleigh,M,37.0,
1985,67.0,23:19:01,1399,Chuck,Frame,M,42.0,
1985,68.0,23:19:20,1399,Bob,Hamilton,M,28.0,
1985,69.0,23:19:48,1399,Ted,Putnam,M,41.0,
1985,70.0,23:20:32,1400,David,Samuelson,M,35.0,
1985,71.0,23:20:48,1400,Dennis,Lindsay,M,32.0,
1985,72.0,23:22:57,1402,Patrick,Kemp,M,37.0,
1985,73.0,23:23:34,1403,Bruce,Mauldin,M,37.0,
1985,74.0,23:24:38,1404,Kevin,Lee,M,21.0,
1985,75.0,23:26:50,1406,Ronny,Christensen,M,,
1985,76.0,23:32:14,1412,David,Calderon,M,25.0,
1985,77.0,23:33:20,1413,Christopher,Hall,M,37.0,
1985,78.0,23:34:24,1414,Tahafumi,Hamabata,M,,
1985,79.0,23:34:57,1414,David,Black,M,34.0,
1985,80.0,23:35:25,1415,James,Clover,M,41.0,
1985,81.0,23:38:15,1418,Duane,Purdue,M,,
1985,82.0,23:38:51,1418,Janice,Levet,F,34.0,
1985,83.0,23:41:10,1421,Rene,Casteran,M,37.0,
1985,84.0,23:41:16,1421,Ronald,Shaw,M,32.0,
1985,85.0,23:41:18,1421,Robert,Shaw,M,32.0,
1985,86.0,23:41:21,1421,Skip,Lees,M,40.0,
1985,87.0,23:41:48,1421,Tom,O'Hern,M,29.0,
1985,88.0,23:42:07,1422,Tim,Guinan,M,38.0,
1985,89.0,23:42:33,1422,Gary,Hall,M,39.0,
1985,90.0,23:44:00,1424,Richard,Shields,M,41.0,
1985,91.0,23:45:06,1425,Cheryl,Clanton,F,36.0,
1985,92.0,23:45:41,1425,Mary,Hammes,F,25.0,
1985,93.0,23:47:02,1427,Roger,Sobsey,M,34.0,
1985,94.0,23:50:34,1430,H,Maherns,M,,
1985,95.0,23:53:32,1433,K,Braun,M,,
1985,96.0,23:54:02,1434,Tommie,Jackson,M,33.0,
1985,97.0,23:55:35,1435,Richard E,Sitter Jr,M,46.0,
1985,98.0,23:55:39,1435,Jon,Brown,M,33.0,
1985,99.0,24:26:34,1466,William,Tramontin,M,36.0,
1985,100.0,24:45:23,1485,Eric,McCready,M,35.0,
1985,101.0,25:10:57,1510,Joseph,George,M,54.0,
1985,102.0,25:20:57,1520,Richard,Fonseca,M,50.0,
1985,103.0,25:39:20,1539,David,Kim,M,42.0,
1985,104.0,25:44:06,1544,Nick,Bassett,M,40.0,
1985,105.0,25:44:08,1544,Alfred,Solish,M,35.0,
1985,106.0,25:57:10,1557,Gordon,Johnson,M,39.0,
1985,107.0,25:59:14,1559,Nancy,March,F,38.0,
1985,108.0,26:05:24,1565,Phillip,Shattuck,M,41.0,
1985,109.0,26:24:12,1584,John,Naslund,M,35.0,
1985,110.0,26:26:10,1586,Kenneth,Hamada,M,45.0,
1985,111.0,26:33:44,1593,John,Vonhof,M,38.0,
1985,112.0,26:42:20,1602,Rod,Dickson,M,39.0,
1985,113.0,26:44:22,1604,Jeffrey,Vieyra,M,38.0,
1985,114.0,26:51:34,1611,Larry,Gomez,M,40.0,
1985,115.0,26:53:55,1613,Neil,Mishalov,M,42.0,
1985,116.0,26:56:59,1616,Ted,Hill,M,46.0,
1985,117.0,27:04:15,1624,Gary,Aglietti,M,40.0,
1985,118.0,27:06:26,1626,Clyde,Nunn,M,44.0,
1985,119.0,27:18:50,1638,Carlos,Arellanes,M,29.0,
1985,120.0,27:20:22,1640,Warren,Hellman,M,50.0,
1985,121.0,27:22:41,1642,Norrie,Williamson,M,31.0,
1985,122.0,27:27:56,1647,Steve,March,M,39.0,
1985,123.0,27:33:36,1653,Tony,Rossmann,M,44.0,
1985,124.0,27:39:00,1659,Dennis,Chistopherson,M,,
1985,125.0,27:53:06,1673,Betty,Brasgala,M,,
1985,126.0,27:54:53,1674,Larry,Wyatt,M,35.0,
1985,127.0,28:02:27,1682,Edward,Weadock,M,53.0,
1985,128.0,28:05:46,1685,Kimberly,Bricker,F,25.0,
1985,129.0,28:06:36,1686,Martha,Maricle,F,52.0,
1985,130.0,28:12:41,1692,Charlie,Gabri,M,41.0,
1985,131.0,28:19:00,1699,John,Robinson,M,19.0,
1985,132.0,28:22:04,1702,Ernest,Kurginski,M,45.0,
1985,133.0,28:25:02,1705,Terry,Seyfarth,F,37.0,
1985,134.0,28:25:13,1705,Terry,Bruns,M,29.0,
1985,135.0,28:26:51,1706,Ned,Benedict,M,44.0,
1985,136.0,28:31:25,1711,Pamela,Smith,F,31.0,
1985,136.0,28:31:25,1711,John,Jordan,M,40.0,
1985,138.0,28:40:36,1720,James,Grindley,M,49.0,
1985,139.0,28:41:07,1721,Lee,Dinapoli,M,28.0,
1985,140.0,28:42:38,1722,Michael,Witwer,M,44.0,
1985,141.0,28:44:13,1724,Pat,Fitzgerald,M,54.0,
1985,142.0,28:46:58,1726,Roland,Martin,M,36.0,
1985,143.0,28:48:58,1728,Jim,Bentson,M,40.0,
1985,144.0,28:50:24,1730,Holiday,Holmes,F,29.0,
1985,145.0,28:50:29,1730,Ed,Fishman,M,62.0,
1985,146.0,28:57:27,1737,Maryann,Buxton,F,,
1985,147.0,28:58:47,1738,Tom,Crawford,M,39.0,
1985,148.0,29:02:18,1742,Charles,Liskey,M,29.0,
1985,149.0,29:04:10,1744,William,Smith,M,50.0,
1985,150.0,29:11:14,1751,Keith,Kehn,M,33.0,
1985,151.0,29:24:10,1764,John,Squires,M,53.0,
1985,152.0,29:29:52,1769,W B,White,M,,
1985,153.0,29:35:17,1775,Jon,Griffin,M,46.0,
1985,154.0,29:38:01,1778,Bob,Sanchez,M,46.0,
1985,155.0,29:40:12,1780,Tj,Key,M,41.0,
1985,156.0,29:41:32,1781,Suzi,Clark,F,37.0,
1985,157.0,29:46:40,1786,R,Kayen,M,26.0,
1985,158.0,29:50:31,1790,Wellington,Henderson,M,53.0,
1985,159.0,29:51:12,1791,Helen,Klein,F,62.0,
1985,160.0,29:52:49,1792,Werner,Perchtold,M,,
1985,161.0,29:54:52,1794,Terry,Cammack,F,38.0,
1985,161.0,29:54:52,1794,Stephen,Gaal,M,51.0,
1985,163.0,30:00:00,1800,George,Peavy,M,54.0,
1986,1.0,16:37:47,997,Chuck,Jones,M,27.0,
1986,2.0,16:48:19,1008,Jim,Pellon,M,36.0,
1986,3.0,18:20:29,1100,Jim,King,M,29.0,
1986,4.0,18:35:45,1115,Herb,Tanzer,M,34.0,
1986,5.0,18:40:49,1120,John,Loeschhorn,M,42.0,
1986,6.0,18:47:56,1127,Dan,Williams,M,37.0,
1986,7.0,19:02:03,1142,Tim,Twietmeyer,M,27.0,
1986,8.0,19:03:40,1143,Doug,Latimer,M,48.0,
1986,9.0,19:03:46,1143,Craig,Moore,M,33.0,
1986,10.0,19:29:21,1169,Dave,Stevenson,M,33.0,
1986,11.0,20:08:32,1208,Jim,Pomroy,M,39.0,
1986,12.0,20:20:25,1220,David,Roberts,M,33.0,
1986,13.0,20:32:40,1232,Martin,Jones,M,43.0,
1986,14.0,20:47:51,1247,Rob,Volkenand,M,55.0,
1986,15.0,20:57:13,1257,David,Roth,M,32.0,
1986,16.0,20:58:16,1258,Kathy,D'Onofrio-Wood,F,21.0,
1986,17.0,21:01:30,1261,Roger,Daniels,M,50.0,
1986,18.0,21:02:00,1262,Charles,Savage,M,38.0,
1986,19.0,21:05:59,1265,Kimberly,Moody,F,31.0,
1986,20.0,21:10:00,1270,Alfred,Bogenhuber,M,46.0,
1986,21.0,21:16:02,1276,Chris,Turney,M,28.0,
1986,22.0,21:17:48,1277,Vicki,Johnson,F,43.0,
1986,23.0,21:23:22,1283,Leighton,Gard,M,52.0,
1986,24.0,21:26:14,1286,Bjorg,Austrheim-Smith,F,43.0,
1986,25.0,21:30:14,1290,Bill,Kissell,M,33.0,
1986,26.0,21:37:35,1297,James-David,Park,M,30.0,
1986,27.0,21:38:51,1298,David,Gray,M,32.0,
1986,28.0,21:40:32,1300,Bruce,Labelle,M,30.0,
1986,29.0,21:44:13,1304,Tom,Rotkis,M,38.0,
1986,30.0,21:45:08,1305,Dana,Gard,M,41.0,
1986,31.0,21:53:42,1313,Dane,Larsen,M,35.0,
1986,32.0,21:54:39,1314,Mary,Hammes,F,26.0,
1986,33.0,21:55:51,1315,Charles,Hoover,M,37.0,
1986,34.0,22:05:01,1325,Eric,Evers,M,36.0,
1986,35.0,22:09:38,1329,Jack,Christian,M,33.0,
1986,36.0,22:11:34,1331,Stephen,Harris,M,32.0,
1986,37.0,22:18:05,1338,Chris,Libby,M,28.0,
1986,38.0,22:19:57,1339,Bruce,Wise,M,37.0,
1986,39.0,22:25:58,1345,Bobbie,Dixon,F,39.0,
1986,40.0,22:29:15,1349,Mike,Pelechaty,M,31.0,
1986,41.0,22:30:57,1350,Roger,Sebert,M,42.0,
1986,42.0,22:33:32,1353,Max,Bogenhuber,M,44.0,
1986,43.0,22:34:34,1354,Dennis,Fugate,M,34.0,
1986,44.0,22:37:59,1357,Milan,Zeman,M,44.0,
1986,45.0,22:42:44,1362,Harry,Sloan,M,37.0,
1986,46.0,22:43:43,1363,Nancy,McCord,F,35.0,
1986,47.0,22:45:55,1365,Ronald,Whitmill,M,30.0,
1986,48.0,22:49:51,1369,Harlow,Akins,M,42.0,
1986,49.0,22:52:30,1372,Robert,Develice,M,32.0,
1986,50.0,22:54:17,1374,Everett,Riggle,M,53.0,
1986,51.0,22:57:42,1377,Roland,Martin,M,37.0,
1986,52.0,23:01:22,1381,William,Tramontin,M,37.0,
1986,53.0,23:08:21,1388,Tim,Guinan,M,39.0,
1986,54.0,23:08:33,1388,Chris,Cole,M,23.0,
1986,55.0,23:11:22,1391,Jeff,Hagen,M,39.0,
1986,56.0,23:12:36,1392,Jerry,Guse,M,46.0,
1986,57.0,23:16:55,1396,Thomas,Brezolzky,M,21.0,
1986,58.0,23:17:25,1397,Bob,Silverman,M,38.0,
1986,59.0,23:17:39,1397,Wayne,Christopherson,M,37.0,
1986,60.0,23:18:18,1398,Daniel,Fowkes,M,24.0,
1986,61.0,23:18:51,1398,Ben,Byman,M,35.0,
1986,62.0,23:24:11,1404,Kent,Holder,M,47.0,
1986,63.0,23:24:35,1404,Luke,Barber,M,41.0,
1986,64.0,23:26:38,1406,Dahl,Orin,M,50.0,
1986,65.0,23:26:53,1406,Bill,Thomas,M,29.0,
1986,66.0,23:30:40,1410,Robert,Eichstaedt,M,39.0,
1986,67.0,23:30:51,1410,Jeffrey,Vieyra,M,39.0,
1986,68.0,23:30:59,1410,George,Kinnear,M,45.0,
1986,69.0,23:31:01,1411,Frank,Williams,M,43.0,
1986,70.0,23:31:03,1411,Mike,Modzelewski,M,32.0,
1986,71.0,23:34:19,1414,Lynda,Locke,F,26.0,
1986,72.0,23:34:43,1414,J.D.,Fischer,M,43.0,
1986,73.0,23:36:26,1416,George,Kingston,M,46.0,
1986,74.0,23:38:08,1418,Dennis,Hagele,M,42.0,
1986,75.0,23:39:05,1419,Thomas,Green,M,35.0,
1986,76.0,23:42:13,1422,Skip,Lees,M,41.0,
1986,77.0,23:42:58,1422,George,Hall,M,35.0,
1986,78.0,23:43:38,1423,Carol,Laplant,F,39.0,
1986,79.0,23:43:41,1423,Gordy,Ainsleigh,M,39.0,
1986,80.0,23:44:09,1424,Andy,Deters,M,45.0,
1986,81.0,23:44:14,1424,James,Clover,M,44.0,
1986,82.0,23:44:32,1424,W.,Derry,M,48.0,
1986,83.0,23:45:49,1425,Michael,Callen,M,35.0,
1986,84.0,23:46:01,1426,Nick,Bassett,M,41.0,
1986,85.0,23:46:37,1426,John,Bates,M,40.0,
1986,86.0,23:46:49,1426,Dick,Vincent,M,34.0,
1986,87.0,23:46:53,1426,Ronald,Shaw,M,33.0,
1986,87.0,23:46:53,1426,Robert,Shaw,M,33.0,
1986,89.0,23:47:06,1427,Juneus,Kendall,M,55.0,
1986,90.0,23:51:44,1431,Joseph,George,M,55.0,
1986,91.0,23:55:11,1435,Uwe,Nikoley,M,38.0,
1986,92.0,23:55:34,1435,Donald,Watts,M,43.0,
1986,93.0,23:55:59,1435,Joe,Hernandez,M,42.0,
1986,94.0,23:57:08,1437,David,Simington,M,55.0,
1986,95.0,23:58:24,1438,Gary,Cross,M,26.0,
1986,96.0,24:01:29,1441,Nancy,March,F,39.0,
1986,97.0,24:12:13,1452,David,Samuelson,M,36.0,
1986,98.0,24:16:42,1456,Michael,McMahan,M,38.0,
1986,99.0,24:30:00,1470,Martin,Hillyer,M,48.0,
1986,100.0,24:34:38,1474,Ruth,Bortz,F,55.0,
1986,101.0,24:37:41,1477,Boyd,Jack,M,47.0,
1986,102.0,24:39:06,1479,James,Konen,M,51.0,
1986,103.0,24:42:33,1482,Wendell,Robison,M,34.0,
1986,104.0,24:44:45,1484,Ronald,Herzog,M,48.0,
1986,105.0,24:48:39,1488,Judy,Milgram,F,44.0,
1986,106.0,24:50:02,1490,Neil,O'Brien,M,43.0,
1986,107.0,25:12:57,1512,Marcy,Schwam,F,33.0,
1986,108.0,25:16:58,1516,Gregory,Marbett,M,31.0,
1986,109.0,25:18:12,1518,Dennis,Coffee,M,38.0,
1986,110.0,25:23:06,1523,Gary,Aglietti,M,41.0,
1986,111.0,25:27:05,1527,Janice,Levet,F,35.0,
1986,112.0,25:33:22,1533,Paul,Gaetano,M,44.0,
1986,113.0,25:36:41,1536,Victor,Harris,M,29.0,
1986,114.0,25:37:08,1537,Gene,Green,M,40.0,
1986,115.0,25:38:05,1538,Bill,Farrell,M,32.0,
1986,116.0,25:45:35,1545,Marc,Seif,M,34.0,
1986,117.0,25:46:21,1546,Carl,Touchstone,M,45.0,
1986,118.0,25:51:08,1551,Bill,Beddor,M,58.0,
1986,119.0,25:51:55,1551,David,Kim,M,43.0,
1986,120.0,26:00:27,1560,Steven,Barr,M,30.0,
1986,121.0,26:10:41,1570,John,Vonhof,M,39.0,
1986,122.0,26:12:10,1572,Patrick,McKenzie,M,46.0,
1986,123.0,26:18:03,1578,Ruben,Alarcon,M,41.0,
1986,124.0,26:19:05,1579,Don,Bradford,M,57.0,
1986,125.0,26:21:57,1581,Susan,King,F,32.0,
1986,126.0,26:22:03,1582,J.R.,Linville,M,37.0,
1986,127.0,26:28:46,1588,Ed,Richardson,M,34.0,
1986,128.0,26:44:31,1604,Walt,Johnson,M,56.0,
1986,129.0,26:52:01,1612,Ron,Lowy,M,43.0,
1986,130.0,26:53:48,1613,Thomas,Winter,M,37.0,
1986,131.0,26:55:05,1615,Paul,Lee,M,35.0,
1986,132.0,27:02:40,1622,Warren,Smith,M,32.0,
1986,133.0,27:05:05,1625,Bill,Yawn,M,40.0,
1986,134.0,27:10:16,1630,Harry,Deupree,M,48.0,
1986,135.0,27:10:18,1630,Debbie,Deupree,F,32.0,
1986,136.0,27:12:12,1632,Jim,McIntosh,M,33.0,
1986,137.0,27:15:15,1635,Warren,Hellman,M,51.0,
1986,138.0,27:15:30,1635,Tom,O'Connell,M,35.0,
1986,139.0,27:16:45,1636,Cowman,A-Moo-Ha'S,M,42.0,
1986,140.0,27:16:48,1636,Phillip,Shattuck,M,42.0,
1986,141.0,27:19:34,1639,Dick,Collins,M,52.0,
1986,142.0,27:24:54,1644,Edward,Weadock,M,54.0,
1986,143.0,27:26:18,1646,Herb,Tanimoto,M,38.0,
1986,144.0,27:29:11,1649,William,Smith,M,51.0,
1986,145.0,27:29:50,1649,Harry,Feusi,M,40.0,
1986,146.0,27:31:45,1651,William,Johnson,M,41.0,
1986,147.0,27:31:46,1651,Sam,Lambourne,M,38.0,
1986,148.0,27:32:35,1652,Jon,Skaglund,M,45.0,
1986,149.0,27:35:16,1655,John,Strom,M,45.0,
1986,150.0,27:38:54,1658,Barbara,Spahr,F,42.0,
1986,151.0,27:39:13,1659,Bob,Reid,M,39.0,
1986,152.0,27:39:45,1659,John,Fazel,M,49.0,
1986,153.0,27:44:07,1664,David,Holland,M,43.0,
1986,154.0,27:44:42,1664,David,Kamp,M,38.0,
1986,155.0,27:45:10,1665,Ken,Lake,M,37.0,
1986,156.0,27:46:16,1666,Dennis,Scott,M,38.0,
1986,157.0,27:57:25,1677,Charles,Fritz,M,37.0,
1986,158.0,28:03:27,1683,Agatha-Sue,Lee,F,46.0,
1986,159.0,28:05:42,1685,Bill,McKean,M,36.0,
1986,160.0,28:06:29,1686,Gordon,Dugan,M,53.0,
1986,161.0,28:08:00,1688,Hutch,Gibb,M,40.0,
1986,162.0,28:10:22,1690,Jack,Rohde-Moe,M,57.0,
1986,163.0,28:12:28,1692,William,Elkman,M,34.0,
1986,164.0,28:13:13,1693,Max,Hooper,M,39.0,
1986,165.0,28:16:28,1696,Joseph,Johnson,M,36.0,
1986,166.0,28:22:15,1702,Paul,Lind,M,18.0,
1986,167.0,28:24:29,1704,Zoltan,Kraynik,M,38.0,
1986,168.0,28:29:52,1709,Tom,Jones,M,35.0,
1986,169.0,28:31:46,1711,John,Salmonson,M,43.0,
1986,170.0,28:35:41,1715,Thomas,Bryan,M,46.0,
1986,171.0,28:45:25,1725,Tony,Rossmann,M,45.0,
1986,172.0,28:45:56,1725,Hal,Winton,M,54.0,
1986,173.0,28:51:15,1731,Daniel,Newbill,M,54.0,
1986,174.0,28:51:49,1731,Jeff,Weiss,M,37.0,
1986,175.0,28:52:40,1732,Ephraim,Romesberg,M,55.0,
1986,176.0,28:53:27,1733,Phil,Hicks,M,46.0,
1986,177.0,28:54:42,1734,Ray,Hermanson,M,43.0,
1986,178.0,28:55:13,1735,Wellington,Henderson,M,54.0,
1986,179.0,28:56:05,1736,Ruth,Anderson,F,56.0,
1986,180.0,28:58:06,1738,Lee,Dinapoli,M,29.0,
1986,181.0,29:01:12,1741,John,Radich,M,32.0,
1986,182.0,29:04:24,1744,Alfred,Solish,M,36.0,
1986,183.0,29:05:01,1745,Leo,Karlin,M,49.0,
1986,184.0,29:05:16,1745,Bob,Peterson,M,47.0,
1986,185.0,29:07:34,1747,Sam,Gutterman,M,38.0,
1986,186.0,29:08:35,1748,Sharon,Grant,F,36.0,
1986,187.0,29:10:50,1750,Bill,Baucom,M,41.0,
1986,188.0,29:10:54,1750,Thomas,O'Neill,M,37.0,
1986,189.0,29:12:44,1752,Brad,Norris,M,32.0,
1986,190.0,29:14:42,1754,Charles,Liskey,M,30.0,
1986,191.0,29:18:13,1758,Bill,Harns,M,40.0,
1986,192.0,29:21:11,1761,Roberto,Matulac,M,50.0,
1986,193.0,29:22:08,1762,Laurel,Hennessy,F,39.0,
1986,194.0,29:22:42,1762,Wayne,Smith,M,53.0,
1986,195.0,29:22:43,1762,Les,Grayson,M,50.0,
1986,196.0,29:23:04,1763,Alfred,Dossa,M,47.0,
1986,197.0,29:24:06,1764,Rich,Bellante,M,34.0,
1986,198.0,29:24:43,1764,Alvin,Soohoo,M,35.0,
1986,199.0,29:26:30,1766,Don,McCollom,M,51.0,
1986,200.0,29:30:31,1770,John,Perrodin,M,57.0,
1986,201.0,29:30:38,1770,Ian,Tomlinson,M,34.0,
1986,202.0,29:36:58,1776,Art,Hinman,M,57.0,
1986,203.0,29:38:34,1778,Fred,Dunn,M,57.0,
1986,204.0,29:39:22,1779,Noel,Nequin,M,47.0,
1986,205.0,29:41:01,1781,Suzi,Clark,F,38.0,
1986,206.0,29:43:18,1783,Linda,Parr,F,35.0,
1986,207.0,29:45:40,1785,Holiday,Holmes,F,30.0,
1986,208.0,29:46:17,1786,Ed,Fishman,M,63.0,
1986,209.0,29:48:40,1788,Robert,McNelly,M,58.0,
1986,210.0,29:57:23,1797,Camille,Fernandez,M,29.0,
1987,1.0,17:41:06,1061,Herb,Tanzer,M,35.0,
1987,2.0,18:01:19,1081,Steve,Warshawer,M,29.0,
1987,3.0,18:58:40,1138,Dan,Williams,M,38.0,
1987,4.0,19:17:23,1157,Bill,Finkbeiner,M,31.0,
1987,5.0,19:29:13,1169,Richard,Spady,M,35.0,
1987,6.0,19:30:09,1170,Craig,Moore,M,34.0,
1987,7.0,19:39:02,1179,Doug,Latimer,M,49.0,
1987,8.0,19:52:34,1192,David,Roth,M,34.0,
1987,9.0,20:05:47,1205,Dave,Stevenson,M,34.0,
1987,10.0,20:08:01,1208,Jim,Pomroy,M,40.0,
1987,11.0,20:14:14,1214,Martin,Jones,M,44.0,
1987,12.0,20:15:46,1215,Jussi,Hamalainen,M,41.0,
1987,13.0,20:34:11,1234,Dave,Scott,M,29.0,
1987,14.0,20:42:14,1242,Jim,Pellon,M,36.0,
1987,15.0,20:52:29,1252,Leighton,Gard,M,52.0,
1987,16.0,20:59:38,1259,Tim,Twietmeyer,M,28.0,
1987,17.0,21:12:54,1272,Bob,Bunnell,M,36.0,
1987,18.0,21:23:37,1283,Mary,Hammes,F,27.0,
1987,19.0,21:33:06,1293,Michael,Sinkoski,M,34.0,
1987,20.0,21:36:45,1296,John,Demorest,M,36.0,
1987,21.0,21:41:48,1301,Scott,Mills,M,36.0,
1987,22.0,21:43:59,1303,Dan,Barger,M,21.0,
1987,23.0,21:45:17,1305,Dick,Vincent,M,35.0,
1987,24.0,21:46:12,1306,Sean,Crom,M,31.0,
1987,25.0,21:47:17,1307,Mike,Pelechaty,M,32.0,
1987,26.0,21:53:59,1313,Tom,Johnson,M,28.0,
1987,27.0,21:54:18,1314,Mark,Brotherton,M,30.0,
1987,28.0,21:57:02,1317,Sue,Summerhays-King,F,33.0,
1987,29.0,22:13:28,1333,Roger,Daniels,M,51.0,
1987,30.0,22:15:37,1335,Bobbie,Dixon,F,40.0,
1987,31.0,22:25:49,1345,Bruce,Mauldin,M,39.0,
1987,32.0,22:31:12,1351,Eric,Ianacone,M,40.0,
1987,33.0,22:34:25,1354,George,Hall,M,36.0,
1987,34.0,22:36:45,1356,Charles,Savage,M,39.0,
1987,35.0,22:38:58,1358,Ian,Maddieson,M,44.0,
1987,36.0,22:43:22,1363,Thomas,Wright,M,43.0,
1987,37.0,22:44:37,1364,Edward,Lujan,M,48.0,
1987,38.0,22:45:01,1365,Christopher,Hall,M,37.0,
1987,39.0,22:45:17,1365,Robert,Develice,M,33.0,
1987,40.0,22:45:47,1365,Richard,Provost,M,40.0,
1987,41.0,22:46:58,1366,Michael,Nolan,M,36.0,
1987,42.0,22:49:36,1369,Larry,Brooks,M,47.0,
1987,43.0,22:52:29,1372,Bruce,Vonborstel,M,41.0,
1987,44.0,23:02:09,1382,David,Lygre,M,44.0,
1987,45.0,23:09:24,1389,Tom,O'Connell,M,36.0,
1987,46.0,23:09:50,1389,Ed,Zerambo,M,35.0,
1987,47.0,23:11:57,1391,Bjorg,Austrheim-Smith,F,44.0,
1987,48.0,23:14:51,1394,Joe,Campbell,M,41.0,
1987,49.0,23:21:29,1401,Michael,Hernandez,M,34.0,
1987,50.0,23:26:26,1406,Gary,Van Wersinger,M,29.0,
1987,51.0,23:33:41,1413,Hans,Van Willigen,M,49.0,
1987,52.0,23:35:55,1415,Steve,Austrheim-Smith,M,40.0,
1987,53.0,23:36:51,1416,James,Konen,M,52.0,
1987,54.0,23:38:08,1418,Tom,Duket,M,44.0,
1987,55.0,23:38:32,1418,Rick,Gates,M,30.0,
1987,56.0,23:39:13,1419,Frank,Kohlenstein,M,32.0,
1987,57.0,23:40:15,1420,Daniel,Fowkes,M,25.0,
1987,58.0,23:40:51,1420,Jeff,Bernal,M,20.0,
1987,59.0,23:42:32,1422,Kimberly,Moody,F,32.0,
1987,60.0,23:42:33,1422,David,Hudson,M,39.0,
1987,61.0,23:43:39,1423,George,Palermo,M,34.0,
1987,62.0,23:44:06,1424,Bill,Clements,M,29.0,
1987,63.0,23:45:23,1425,Don,Aycock,M,35.0,
1987,64.0,23:45:35,1425,John,Bandur,M,49.0,
1987,65.0,23:45:52,1425,Mark,Olson,M,40.0,
1987,66.0,23:48:22,1428,Steven,Barr,M,31.0,
1987,67.0,23:53:33,1433,Ron,Parks,M,41.0,
1987,68.0,23:53:47,1433,Herb,Tanimoto,M,39.0,
1987,69.0,23:55:18,1435,Kathy,D'Onofrio-Wood,F,22.0,
1987,70.0,23:58:56,1438,Dog,Hoschler,M,36.0,
1987,71.0,24:00:48,1440,Nancy,March,F,40.0,
1987,72.0,24:02:31,1442,Irving,Willis,M,47.0,
1987,73.0,24:08:12,1448,Ted,Putnam,M,43.0,
1987,74.0,24:31:06,1471,Bill,Beddor,M,59.0,
1987,75.0,24:57:24,1497,Gordon,Hardman,M,36.0,
1987,76.0,25:04:12,1504,Mickey,Campaniello,M,33.0,
1987,77.0,25:07:11,1507,Kent,Crites,M,35.0,
1987,78.0,25:20:18,1520,Vince,Pedroia,M,40.0,
1987,79.0,25:30:20,1530,Joan,Reiss,F,49.0,
1987,80.0,25:42:57,1542,Jerry,Blinn,M,40.0,
1987,81.0,25:52:13,1552,Harry,Sloan,M,38.0,
1987,82.0,25:57:05,1557,Barbara,Spahr,F,43.0,
1987,83.0,26:05:43,1565,Marty,Coffey,M,37.0,
1987,84.0,26:09:10,1569,Thomas,Cory,M,40.0,
1987,85.0,26:10:06,1570,Lee,Fletcher,M,46.0,
1987,86.0,26:13:47,1573,Phil,Fenty,M,46.0,
1987,87.0,26:20:04,1580,John,Metz,M,44.0,
1987,88.0,26:24:01,1584,Louis,Aguiar,M,35.0,
1987,89.0,26:29:27,1589,Floyd,Whiting,M,46.0,
1987,90.0,26:35:04,1595,Patrick,Lowe,M,38.0,
1987,91.0,26:39:15,1599,Hutch,Gibb,M,41.0,
1987,92.0,26:40:22,1600,Wes,Barrett,M,50.0,
1987,93.0,26:44:45,1604,John,Peacock,M,48.0,
1987,94.0,26:46:02,1606,Raymond,Villeneuve,M,33.0,
1987,95.0,26:46:36,1606,Victor,Harris,M,30.0,
1987,96.0,26:49:03,1609,Thomas,Green,M,37.0,
1987,97.0,26:49:18,1609,Stephen,Derenzo,M,45.0,
1987,98.0,26:51:05,1611,Richard,Sammons,M,49.0,
1987,99.0,26:56:30,1616,James,Mayerle,M,47.0,
1987,100.0,27:01:18,1621,J.R.,Linville,M,38.0,
1987,101.0,27:08:18,1628,Robert,Williams,M,44.0,
1987,102.0,27:12:29,1632,Donald,Hunt,M,36.0,
1987,103.0,27:16:41,1636,Don,Pycior,M,48.0,
1987,104.0,27:21:11,1641,Stan,Moshier Jr,M,43.0,
1987,105.0,27:25:36,1645,Harrison,Smith,M,60.0,
1987,106.0,27:25:54,1645,Gene,Dagiau,M,47.0,
1987,107.0,27:27:39,1647,Robert,Snyder,M,48.0,
1987,108.0,27:31:48,1651,Don,Adolf,M,50.0,
1987,109.0,27:33:28,1653,Dick,Collins,M,53.0,
1987,110.0,27:39:45,1659,Lee,Jebian,M,46.0,
1987,111.0,27:40:48,1660,Jack,Resh,M,55.0,
1987,111.0,27:40:48,1660,Thomas,Magrann,M,38.0,
1987,113.0,27:41:01,1661,John,Scribner,M,39.0,
1987,114.0,27:42:12,1662,William,Bigelow,M,44.0,
1987,115.0,27:44:06,1664,Warren,Nelson,M,35.0,
1987,116.0,27:51:02,1671,Bill,Barclay,M,55.0,
1987,117.0,27:52:51,1672,William,Fischer,M,45.0,
1987,118.0,27:55:01,1675,Jim,Mulleian,M,39.0,
1987,119.0,27:56:11,1676,Ed,Giblin,M,52.0,
1987,120.0,27:57:04,1677,Jim,Greenwald,M,38.0,
1987,121.0,28:07:23,1687,Jean,Spirlock,F,41.0,
1987,122.0,28:08:07,1688,Pierce,Cornelius,M,56.0,
1987,123.0,28:11:54,1691,Linus,Massoth,M,48.0,
1987,124.0,28:11:55,1691,Richard,Hogan,M,42.0,
1987,125.0,28:13:19,1693,Hugh,Macpherson,M,47.0,
1987,126.0,28:13:44,1693,Gilwee,Walker,M,59.0,
1987,127.0,28:14:14,1694,Todd,Leigh,M,45.0,
1987,128.0,28:17:22,1697,Mark,Haymond,M,43.0,
1987,129.0,28:18:11,1698,Warren,Olhrich,M,48.0,
1987,130.0,28:18:26,1698,Ed,Ayres,M,45.0,
1987,131.0,28:18:32,1698,Nancy,Stover,F,34.0,
1987,132.0,28:19:18,1699,Jim,Roxburgh,M,29.0,
1987,133.0,28:23:50,1703,Lee,Schmidt,M,47.0,
1987,134.0,28:24:22,1704,Larry,Wyatt,M,37.0,
1987,135.0,28:24:51,1704,John,Soucheray,M,46.0,
1987,136.0,28:28:20,1708,Gordon,Dugan,M,54.0,
1987,137.0,28:28:34,1708,Mike,Doolittle,M,48.0,
1987,138.0,28:29:28,1709,Bob,Ross,M,44.0,
1987,139.0,28:30:28,1710,Jd,Miller,M,46.0,
1987,140.0,28:35:41,1715,Tom,Crawford,M,41.0,
1987,141.0,28:38:08,1718,Thomas,Ripley,M,38.0,
1987,142.0,28:39:21,1719,Ernie,Flores,M,31.0,
1987,143.0,28:39:35,1719,Gasper,Pulizzi,M,47.0,
1987,144.0,28:40:39,1720,Stefan,Schlett,M,25.0,
1987,145.0,28:41:50,1721,Domino,Speca,M,30.0,
1987,146.0,28:42:27,1722,Bill,McKenna,M,25.0,
1987,147.0,28:44:06,1724,Daniel,Lindstrom,M,37.0,
1987,148.0,28:44:27,1724,Jeannie,Ennis,F,40.0,
1987,149.0,28:45:19,1725,William,Stull,M,35.0,
1987,150.0,28:46:26,1726,Raymond,Sluis,M,53.0,
1987,151.0,28:46:43,1726,Jim,Luedke,M,41.0,
1987,152.0,28:47:55,1727,John,Chappel,M,55.0,
1987,153.0,28:48:24,1728,Barbara,Basta,F,44.0,
1987,154.0,28:49:26,1729,Fred,Hornbruch,M,45.0,
1987,155.0,28:49:36,1729,Tom,Thayer,M,40.0,
1987,156.0,28:49:59,1729,Stephen,Finn,M,40.0,
1987,157.0,28:52:32,1732,Dave,Lang,M,31.0,
1987,158.0,28:53:21,1733,Dave,Olney,M,45.0,
1987,159.0,29:00:42,1740,Bill,McCracken,M,41.0,
1987,160.0,29:04:47,1744,Ed,Fishman,M,64.0,
1987,161.0,29:07:19,1747,Robert,Wroth,M,58.0,
1987,162.0,29:07:21,1747,Chris,Hart,F,34.0,
1987,163.0,29:08:54,1748,William,Maida,M,36.0,
1987,164.0,29:12:17,1752,Eb,Robinson Jr,M,45.0,
1987,165.0,29:12:25,1752,Dick,Ensslen,M,44.0,
1987,166.0,29:12:42,1752,Steve,Galvan,M,48.0,
1987,167.0,29:13:48,1753,Don,Dugdale,M,41.0,
1987,168.0,29:17:56,1757,William,Johnson,M,42.0,
1987,169.0,29:22:13,1762,James,Walker,M,45.0,
1987,170.0,29:25:02,1765,Robert,Haynes,M,55.0,
1987,171.0,29:25:31,1765,Will,Uher,M,41.0,
1987,172.0,29:26:39,1766,Scott,Robinson,M,36.0,
1987,173.0,29:28:38,1768,Peggy,Defazio,F,27.0,
1987,174.0,29:33:30,1773,George,Fink,M,48.0,
1987,175.0,29:34:38,1774,Fred,Copeland,M,43.0,
1987,176.0,29:37:48,1777,Dan,Read,M,44.0,
1987,177.0,29:38:48,1778,Randy,Spears,M,27.0,
1987,177.0,29:38:48,1778,Robert,Figuli,M,58.0,
1987,179.0,29:43:55,1783,James,Taylor,M,39.0,
1987,180.0,29:51:43,1791,Joel,Kimmel,M,41.0,
1987,181.0,29:55:02,1795,James,Benham,M,43.0,
1987,182.0,29:55:21,1795,Tony,Jankowski,M,34.0,
1987,183.0,29:56:48,1796,Katharine,Brieger,F,54.0,
1988,1.0,16:24:00,984,Brian,Purcell,M,32.0,
1988,2.0,17:20:54,1040,Herb,Tanzer,M,36.0,
1988,3.0,17:41:59,1061,Jussi,Hamalainen,M,42.0,
1988,4.0,17:51:31,1071,Jim,Pellon,M,37.0,
1988,5.0,17:55:55,1075,Don,Aycock,M,36.0,
1988,6.0,18:11:25,1091,Bill,Finkbeiner,M,32.0,
1988,7.0,18:22:29,1102,Dave,Scott,M,30.0,
1988,8.0,18:28:21,1108,Sean,Crom,M,32.0,
1988,9.0,18:33:49,1113,Jim,O'Brien,M,35.0,
1988,10.0,18:43:58,1123,Doug,Latimer,M,50.0,
1988,11.0,18:49:51,1129,Jim,Gensichen,M,39.0,
1988,12.0,18:52:40,1132,Kathy,D'Onofrio-Wood,F,23.0,
1988,13.0,18:55:36,1135,Dane,Larsen,M,37.0,
1988,14.0,19:00:48,1140,Tim,Twietmeyer,M,29.0,
1988,15.0,19:06:22,1146,Bill,Kissell,M,35.0,
1988,16.0,19:10:06,1150,Dan,Williams,M,39.0,
1988,17.0,19:19:07,1159,Tom,Possert,M,25.0,
1988,18.0,19:25:42,1165,Roger,Daniels,M,52.0,
1988,19.0,19:27:08,1167,Leighton,Gard,M,53.0,
1988,20.0,19:28:37,1168,Bernd,Leupold,M,46.0,
1988,21.0,19:51:25,1191,Jim,Pomroy,M,41.0,
1988,22.0,20:00:01,1200,Steve,Shopoff,M,41.0,
1988,23.0,20:04:46,1204,Dave,Stevenson,M,35.0,
1988,24.0,20:12:54,1212,Yiannis,Kouros,M,32.0,
1988,25.0,20:26:05,1226,Stephen,Tucker,M,35.0,
1988,26.0,20:28:55,1228,Dana,Miller,M,36.0,
1988,27.0,20:35:54,1235,Ray,Scannell,M,38.0,
1988,28.0,20:38:51,1238,Charles,Savage,M,40.0,
1988,29.0,20:41:27,1241,Sue,Summerhays-King,F,34.0,
1988,30.0,20:46:26,1246,Chris,Turney,M,30.0,
1988,31.0,20:56:36,1256,Martyn,Greaves,M,28.0,
1988,32.0,20:58:22,1258,Steve,Warshawer,M,30.0,
1988,33.0,20:58:30,1258,Jeffrey,Herten,M,41.0,
1988,34.0,21:05:10,1265,David,Balsley,M,41.0,
1988,35.0,21:08:20,1268,Scott,Miller,M,27.0,
1988,36.0,21:18:42,1278,James,Mayerle,M,48.0,
1988,37.0,21:21:50,1281,Edward,Lujan,M,49.0,
1988,38.0,21:22:40,1282,Rob,Volkenand,M,57.0,
1988,39.0,21:26:34,1286,Ray,Deschenes,M,37.0,
1988,40.0,21:33:06,1293,Dan,Barger,M,22.0,
1988,41.0,21:36:50,1296,Peter,Findlay,M,29.0,
1988,42.0,21:38:02,1298,Bruce,Mauldin,M,40.0,
1988,43.0,21:45:28,1305,Roland,Martin,M,39.0,
1988,44.0,21:48:35,1308,Bruce,Labelle,M,32.0,
1988,45.0,21:50:33,1310,Jack,Christian,M,35.0,
1988,46.0,21:51:35,1311,Tom,Ulik,M,47.0,
1988,47.0,21:57:30,1317,Craig,Moore,M,35.0,
1988,48.0,21:57:46,1317,Michael,Nolan,M,38.0,
1988,49.0,21:57:57,1317,Robert,Develice,M,34.0,
1988,50.0,22:01:20,1321,Jim,Luedke,M,42.0,
1988,51.0,22:01:37,1321,Bobbie,Dixon,F,41.0,
1988,52.0,22:05:37,1325,Sabin,Snow,M,46.0,
1988,53.0,22:09:49,1329,Shelby,Hayden-Clifton,F,28.0,
1988,54.0,22:11:53,1331,Maurice,Monserez,M,34.0,
1988,55.0,22:12:36,1332,Howard,Macnair,M,35.0,
1988,56.0,22:16:37,1336,John,Loeschhorn,M,44.0,
1988,57.0,22:20:53,1340,Gene,Thibeault,M,42.0,
1988,58.0,22:23:16,1343,Warren,Nelson,M,36.0,
1988,59.0,22:25:06,1345,John,Bandur,M,50.0,
1988,60.0,22:33:53,1353,Eric,Evers,M,38.0,
1988,61.0,22:36:44,1356,Marshall,Ulrich,M,36.0,
1988,62.0,22:37:06,1357,Kirke,White,M,46.0,
1988,63.0,22:37:32,1357,Chris,Batteate,M,36.0,
1988,64.0,22:46:52,1366,Gil,Cornell,M,38.0,
1988,65.0,22:47:57,1367,Jack,Johnson,M,47.0,
1988,66.0,22:50:42,1370,Odin,Christensen,M,40.0,
1988,67.0,22:53:38,1373,Ronnie,Wong,M,41.0,
1988,68.0,22:56:09,1376,Lee,Fletcher,M,47.0,
1988,69.0,22:56:57,1376,Thomas,Winter,M,39.0,
1988,70.0,22:57:17,1377,Melinda,Creel-Mattingly,F,31.0,
1988,71.0,23:03:20,1383,John,Robinson,M,22.0,
1988,72.0,23:03:27,1383,Wendell,Robison,M,36.0,
1988,73.0,23:04:15,1384,Barbara,Alvarez,F,45.0,
1988,74.0,23:07:47,1387,David,Drach,M,31.0,
1988,75.0,23:09:12,1389,Arthur,Moore,M,50.0,
1988,76.0,23:10:20,1390,Bob,Bunnell,M,37.0,
1988,77.0,23:13:46,1393,Frank,Perry,M,47.0,
1988,78.0,23:15:26,1395,David,Hudson,M,40.0,
1988,79.0,23:15:38,1395,James,Drake,M,48.0,
1988,80.0,23:16:00,1396,Don,Ross,M,51.0,
1988,81.0,23:16:26,1396,James,Konen,M,53.0,
1988,82.0,23:21:36,1401,Michael,Callen,M,37.0,
1988,83.0,23:23:42,1403,Fred,Shufflebarger,M,39.0,
1988,84.0,23:25:02,1405,Uwe,Nikoley,M,40.0,
1988,85.0,23:28:38,1408,Robert,Sobsey,M,37.0,
1988,86.0,23:29:54,1409,Thomas,Stephenson,M,38.0,
1988,87.0,23:30:37,1410,Harry,Sloan,M,39.0,
1988,88.0,23:31:08,1411,Barrie,Grant,M,45.0,
1988,88.0,23:31:08,1411,Paul,Johnson,M,39.0,
1988,90.0,23:32:36,1412,Richard,Vander Stucken,M,49.0,
1988,91.0,23:33:25,1413,Jim,Wholey,M,42.0,
1988,92.0,23:34:33,1414,Mark,Haymond,M,44.0,
1988,93.0,23:34:45,1414,Ruben,Alarcon,M,43.0,
1988,94.0,23:36:08,1416,Ronald,Herzog,M,50.0,
1988,95.0,23:36:33,1416,Paul,Gaetano,M,46.0,
1988,96.0,23:36:58,1416,Lee,Jebian,M,47.0,
1988,97.0,23:37:03,1417,John,Fazel,M,51.0,
1988,98.0,23:37:52,1417,Fred,Tileston Jr,M,41.0,
1988,99.0,23:38:23,1418,Tim,Ball,M,29.0,
1988,100.0,23:39:57,1419,Ian,Maddieson,M,45.0,
1988,101.0,23:39:58,1419,Carlos,Arellanes,M,32.0,
1988,102.0,23:40:38,1420,Carol,Laplant,F,41.0,
1988,103.0,23:41:08,1421,John,Peacock,M,49.0,
1988,104.0,23:41:09,1421,Doug,Rasmussen,M,32.0,
1988,105.0,23:41:46,1421,Zoltan,Kraynik,M,40.0,
1988,106.0,23:41:47,1421,Dennis,Hagele,M,44.0,
1988,107.0,23:43:43,1423,Steve,Christian,M,37.0,
1988,108.0,23:44:21,1424,Mick,Donoff,M,44.0,
1988,109.0,23:44:57,1424,Joan,Reiss,F,50.0,
1988,110.0,23:46:00,1426,Bjorg,Austrheim-Smith,F,45.0,
1988,111.0,23:46:24,1426,Gene,Green,M,42.0,
1988,112.0,23:46:42,1426,Martin,Jones,M,45.0,
1988,113.0,23:49:10,1429,David,Calderon,M,28.0,
1988,114.0,23:50:10,1430,Bob,Beach,M,43.0,
1988,115.0,23:50:25,1430,Edwin,Liddiard,M,39.0,
1988,116.0,23:51:16,1431,Mickey,Campaniello,M,34.0,
1988,117.0,23:55:34,1435,Hayden,Smith,M,40.0,
1988,118.0,23:59:32,1439,David,Black,M,37.0,
1988,119.0,24:04:03,1444,Jim,Sapp,M,38.0,
1988,120.0,24:27:28,1467,Robert,Shaw,M,35.0,
1988,121.0,24:28:03,1468,Bill,Coffelt,M,28.0,
1988,122.0,24:37:46,1477,Charlie,Gabri,M,44.0,
1988,123.0,24:49:15,1489,Mark,Melvin,M,28.0,
1988,124.0,25:01:36,1501,John,Norris,M,43.0,
1988,125.0,25:02:20,1502,Angelika,Castaneda,F,45.0,
1988,126.0,25:22:49,1522,Max,Hooper,M,41.0,
1988,127.0,25:23:21,1523,Laurie,Staton,F,35.0,
1988,128.0,25:23:42,1523,Bill,Stacy,M,46.0,
1988,129.0,25:27:51,1527,Ray,Nicholl,M,51.0,
1988,130.0,25:32:10,1532,Robert,Williams,M,45.0,
1988,131.0,25:50:31,1550,Lion,Caldwell,M,37.0,
1988,132.0,25:50:36,1550,Thomas,Magrann,M,39.0,
1988,133.0,25:54:54,1554,David,Gray,M,34.0,
1988,134.0,25:57:12,1557,Rebecca,Nielsen,F,40.0,
1988,135.0,25:57:37,1557,Charlie,Konen,M,39.0,
1988,136.0,26:00:44,1560,Dahl,Orin,M,52.0,
1988,137.0,26:02:45,1562,Michael,Monahan,M,42.0,
1988,138.0,26:11:26,1571,Scott,Jackson,M,54.0,
1988,139.0,26:14:48,1574,Bill,Yawn,M,42.0,
1988,140.0,26:18:59,1578,Dave,Remington,M,47.0,
1988,141.0,26:21:38,1581,Russ,Melanson,M,53.0,
1988,141.0,26:21:38,1581,John,Delzani,M,37.0,
1988,143.0,26:22:52,1582,Mike,Glasslock,M,40.0,
1988,144.0,26:27:19,1587,Miles,Paul,M,48.0,
1988,145.0,26:28:17,1588,Bob,Cox,M,45.0,
1988,146.0,26:28:52,1588,Mike,Whitaker,M,47.0,
1988,147.0,26:29:41,1589,Mike,Guthrie,M,22.0,
1988,148.0,26:37:15,1597,Martin,Wanless,M,40.0,
1988,149.0,26:37:35,1597,Roger,Kemppel,M,45.0,
1988,150.0,26:51:46,1611,Jay,Bailinson,M,41.0,
1988,151.0,26:53:30,1613,Tony,Kramer,M,41.0,
1988,152.0,26:58:58,1618,Frank,Pugliese,M,35.0,
1988,153.0,27:00:48,1620,Doug,Woods,M,43.0,
1988,154.0,27:09:32,1629,Gary,Weighill,M,38.0,
1988,155.0,27:11:22,1631,Roy,Scellato,M,41.0,
1988,156.0,27:14:51,1634,James,Budde,M,42.0,
1988,156.0,27:14:51,1634,John,Salmonson,M,45.0,
1988,158.0,27:16:40,1636,Ronald,Dunlap,M,49.0,
1988,159.0,27:17:54,1637,Roy,Haley,M,51.0,
1988,160.0,27:18:32,1638,Bill,McCracken,M,42.0,
1988,161.0,27:19:58,1639,Debra,Melvin,F,34.0,
1988,162.0,27:21:37,1641,Walter,Gekelman,M,44.0,
1988,163.0,27:21:47,1641,Joe,Hayes,M,39.0,
1988,164.0,27:23:24,1643,Wayne,Farrar,M,40.0,
1988,165.0,27:23:30,1643,Steven,Heaps,M,44.0,
1988,166.0,27:25:07,1645,Sid,Christie,M,42.0,
1988,167.0,27:25:39,1645,Harry,Deupree,M,50.0,
1988,168.0,27:28:30,1648,Ephraim,Romesberg,M,57.0,
1988,169.0,27:29:12,1649,John,Markl,M,40.0,
1988,170.0,27:31:16,1651,Gordy,Adsit,M,34.0,
1988,171.0,27:32:20,1652,John,Naslund,M,38.0,
1988,172.0,27:32:57,1652,Wayne,Bowen,M,42.0,
1988,173.0,27:34:12,1654,Bob,Givens,M,44.0,
1988,174.0,27:34:21,1654,Jack,Rohde-Moe,M,59.0,
1988,175.0,27:34:38,1654,Tom,O'Brien,M,53.0,
1988,176.0,27:36:47,1656,Ron,Gayer,M,46.0,
1988,177.0,27:37:16,1657,Carl,Touchstone,M,47.0,
1988,178.0,27:42:54,1662,Donald,Hunt,M,37.0,
1988,179.0,27:46:36,1666,Norm,Roof,M,51.0,
1988,180.0,27:49:14,1669,Steve,Boothman,M,28.0,
1988,181.0,27:52:19,1672,Jim,Butera,M,40.0,
1988,182.0,27:52:50,1672,Tony,Capasso,M,36.0,
1988,183.0,27:56:49,1676,Johnny,Furr,M,30.0,
1988,184.0,27:59:04,1679,Gary,Gelvin,M,45.0,
1988,185.0,28:00:10,1680,Ian,Barron,M,38.0,
1988,186.0,28:01:17,1681,Ed,Williams,M,59.0,
1988,187.0,28:05:10,1685,Steve,Elder,M,36.0,
1988,188.0,28:05:36,1685,Edwin,Mighell,M,58.0,
1988,189.0,28:05:54,1685,John,Leighton,M,43.0,
1988,190.0,28:06:28,1686,Nick,Huige,M,46.0,
1988,191.0,28:07:09,1687,John,Law,M,54.0,
1988,192.0,28:09:10,1689,Nick,Klaich,M,41.0,
1988,193.0,28:09:53,1689,Ken,Klein,M,35.0,
1988,194.0,28:10:49,1690,Dick,Collins,M,54.0,
1988,195.0,28:11:00,1691,Judy,Milkie-West,F,38.0,
1988,196.0,28:12:30,1692,Rick,Van Hoorne,M,34.0,
1988,197.0,28:15:22,1695,Barry,Hawley,M,46.0,
1988,198.0,28:16:21,1696,Frederick,Riemer,M,40.0,
1988,199.0,28:17:16,1697,George,Hagel,M,40.0,
1988,200.0,28:19:02,1699,Nanci,Taylor,F,35.0,
1988,201.0,28:19:27,1699,Gilwee,Walker,M,60.0,
1988,202.0,28:20:44,1700,Tracy,Achelis,F,34.0,
1988,203.0,28:23:03,1703,Timothy,Midleton,M,47.0,
1988,204.0,28:23:50,1703,Jim,Fornelli,M,43.0,
1988,205.0,28:26:44,1706,Mike,Schmahl,M,40.0,
1988,206.0,28:27:22,1707,Michael,Murphy,M,41.0,
1988,207.0,28:27:44,1707,Jim,Bossier,M,45.0,
1988,208.0,28:31:15,1711,Robin,Smit,M,51.0,
1988,209.0,28:31:46,1711,Red,Spicer,M,57.0,
1988,210.0,28:33:37,1713,Jerry,Hill,M,41.0,
1988,211.0,28:36:38,1716,Alan,Fairbrother,M,52.0,
1988,212.0,28:38:42,1718,John,Metz,M,45.0,
1988,213.0,28:39:12,1719,Kevin,O'Grady,M,29.0,
1988,214.0,28:40:44,1720,Strider,Benston,M,43.0,
1988,215.0,28:43:00,1723,Jerry,Bollig,M,38.0,
1988,216.0,28:48:12,1728,Raymond,Bell,M,41.0,
1988,217.0,28:48:26,1728,Debbie,Deupree,F,34.0,
1988,218.0,28:49:47,1729,Don,Adolf,M,51.0,
1988,219.0,28:57:47,1737,Margaret,Neville,F,43.0,
1988,220.0,29:00:54,1740,Gene,Schuman,M,42.0,
1988,221.0,29:01:28,1741,Bob,Peterson,M,49.0,
1988,221.0,29:01:28,1741,Les,Grayson,M,52.0,
1988,223.0,29:02:08,1742,Conn,Day,M,29.0,
1988,224.0,29:07:40,1747,Tony,Rossmann,M,47.0,
1988,225.0,29:09:30,1749,Terry,Cammack,F,41.0,
1988,226.0,29:11:45,1751,Douglas-Ray,Henderson,M,37.0,
1988,227.0,29:14:03,1754,Roger,Clark,M,50.0,
1988,228.0,29:17:39,1757,Clarence,Kugler,M,43.0,
1988,229.0,29:18:29,1758,Jeff,Washburn,M,38.0,
1988,230.0,29:19:13,1759,Clinton,Robertson,M,43.0,
1988,231.0,29:20:08,1760,Jerry,Colletto,M,47.0,
1988,232.0,29:20:43,1760,Irving,Weston,M,57.0,
1988,233.0,29:21:23,1761,Hugh,Macpherson,M,48.0,
1988,234.0,29:24:27,1764,Daphne,Hodgson,F,38.0,
1988,235.0,29:25:39,1765,Webb,Sledge,M,45.0,
1988,236.0,29:25:51,1765,Ken,Chlouber,M,48.0,
1988,237.0,29:30:15,1770,Gerald,Allen,M,51.0,
1988,238.0,29:30:37,1770,Gloria,Takagishi,F,42.0,
1988,239.0,29:30:44,1770,Ed,Fishman,M,65.0,
1988,240.0,29:33:04,1773,Booth,Hartley,M,46.0,
1988,241.0,29:34:48,1774,Terri,Hayes,F,45.0,
1988,242.0,29:36:03,1776,Barbara,Elia,F,43.0,
1988,243.0,29:36:09,1776,Bob,Seamans,M,59.0,
1988,244.0,29:37:13,1777,Lonnie,Nedved,M,35.0,
1988,245.0,29:37:42,1777,Tsuruo,Kobayashi,M,35.0,
1988,246.0,29:40:10,1780,A.,Ries,M,54.0,
1988,247.0,29:44:30,1784,Donald,Matthias,M,52.0,
1988,248.0,29:45:19,1785,Bill,Baucom,M,43.0,
1988,249.0,29:52:44,1792,Robert,Figuli,M,59.0,
1988,250.0,29:58:17,1798,Robert,Myers,M,59.0,
1989,1.0,16:53:39,1013,Mark,Brotherton,M,32.0,
1989,2.0,17:06:51,1026,Tim,Twietmeyer,M,30.0,
1989,3.0,17:14:43,1034,Sean,Crom,M,33.0,
1989,4.0,17:43:13,1063,Rae,Clark,M,37.0,
1989,5.0,17:55:48,1075,Jim,Pellon,M,38.0,
1989,6.0,17:56:50,1076,Ray,Scannell,M,39.0,
1989,7.0,18:00:13,1080,Herb,Tanzer,M,37.0,
1989,8.0,18:03:51,1083,Dan,Williams,M,40.0,
1989,9.0,18:32:22,1112,Thomas,Wood,M,26.0,
1989,10.0,18:47:46,1127,Ann,Trason,F,28.0,
1989,11.0,18:53:05,1133,Alfred,Bogenhuber,M,49.0,
1989,12.0,19:05:22,1145,Jussi,Hamalainen,M,43.0,
1989,13.0,19:20:41,1160,Bill,Finkbeiner,M,33.0,
1989,14.0,19:21:15,1161,Bernd,Leupold,M,47.0,
1989,15.0,19:54:25,1194,Leighton,Gard,M,54.0,
1989,16.0,19:55:29,1195,Dennis,Herr,M,42.0,
1989,17.0,20:01:27,1201,Jim,Gensichen,M,40.0,
1989,18.0,20:16:31,1216,Russell,Prince,M,32.0,
1989,19.0,20:16:38,1216,Gary,Stefanisko,M,35.0,
1989,20.0,20:17:52,1217,Kathy,D'Onofrio-Wood,F,24.0,
1989,21.0,20:31:16,1231,Michael,Gregg,M,31.0,
1989,22.0,20:48:46,1248,Harold,Carling,M,55.0,
1989,23.0,20:52:12,1252,Don,Aycock,M,37.0,
1989,24.0,21:11:07,1271,Randi,Bromka,F,37.0,
1989,25.0,21:19:41,1279,Doug,Lomax,M,39.0,
1989,26.0,21:19:50,1279,Christopher,Gibson,M,36.0,
1989,27.0,21:26:55,1286,Shane,Bowley,M,31.0,
1989,28.0,21:29:13,1289,Martin,Eccles,M,32.0,
1989,29.0,21:34:29,1294,Rudy,Alvarez,M,34.0,
1989,30.0,21:39:01,1299,Marshall,Ulrich,M,37.0,
1989,31.0,21:44:16,1304,David,Hudson,M,41.0,
1989,32.0,21:47:16,1307,Kathle,Thome-Britcliffe,F,34.0,
1989,33.0,21:49:12,1309,Steve,Tietz,M,33.0,
1989,34.0,22:01:51,1321,Bob,Dalton,M,34.0,
1989,35.0,22:05:38,1325,Dennis,Fugate,M,37.0,
1989,36.0,22:08:43,1328,Robert,Develice,M,40.0,
1989,37.0,22:10:50,1330,Lynn,O'Malley-Yarnall,F,38.0,
1989,38.0,22:17:22,1337,Jack,Slater,M,42.0,
1989,39.0,22:17:33,1337,Brian,Renz,M,37.0,
1989,40.0,22:22:26,1342,Charles,Savage,M,41.0,
1989,41.0,22:23:40,1343,Melinda,Creel-Mattingly,F,32.0,
1989,42.0,22:24:09,1344,Ignace,Matthijs,M,30.0,
1989,43.0,22:31:36,1351,Marion,Howard,M,33.0,
1989,44.0,22:34:45,1354,Kyle,Meintzer,M,40.0,
1989,45.0,22:37:08,1357,Jeff,Pecsar,M,38.0,
1989,46.0,22:39:18,1359,Gordon,Hardman,M,38.0,
1989,47.0,22:39:56,1359,Hal,Winton,M,57.0,
1989,48.0,22:45:12,1365,Ike,Hesler,M,49.0,
1989,49.0,22:46:21,1366,Treacy,McCamey,M,33.0,
1989,50.0,22:46:48,1366,Tom,O'Connell,M,38.0,
1989,51.0,22:51:14,1371,Lee,Roberts,M,36.0,
1989,52.0,22:55:21,1375,Philip,Pierce,M,47.0,
1989,53.0,22:56:26,1376,Nick,Bassett,M,44.0,
1989,54.0,23:04:20,1384,Michael,Dunlap,M,32.0,
1989,55.0,23:11:01,1391,John,Bandur,M,51.0,
1989,56.0,23:13:43,1393,Ralph,Swenson,M,42.0,
1989,57.0,23:14:10,1394,Steve,Mahieu,M,42.0,
1989,58.0,23:16:21,1396,Raymond,Villeneuve,M,35.0,
1989,59.0,23:17:12,1397,Rob,Volkenand,M,58.0,
1989,60.0,23:17:53,1397,Thomas,Stephenson,M,39.0,
1989,61.0,23:18:37,1398,Jim,Forgie,M,34.0,
1989,61.0,23:18:37,1398,Derek,Ferigo,M,29.0,
1989,63.0,23:19:30,1399,Richard,Schulten,M,41.0,
1989,64.0,23:20:34,1400,Gary,Johnson,M,35.0,
1989,65.0,23:24:46,1404,Stephen,Harris,M,35.0,
1989,66.0,23:26:02,1406,Jeffrey,Vieyra,M,42.0,
1989,67.0,23:27:18,1407,John,Klingman,M,30.0,
1989,68.0,23:27:48,1407,Douglas,Frost,M,38.0,
1989,69.0,23:27:49,1407,Bruce,Hagen,M,38.0,
1989,70.0,23:29:39,1409,Larry,Williams,M,40.0,
1989,71.0,23:30:04,1410,Ian,Maddieson,M,46.0,
1989,72.0,23:30:12,1410,Edith,Bogenhuber,F,44.0,
1989,73.0,23:32:15,1412,Greg,Montgomery,M,39.0,
1989,74.0,23:32:16,1412,James,Bond,M,52.0,
1989,75.0,23:32:17,1412,Mike,Pelechaty,M,34.0,
1989,76.0,23:32:52,1412,Jan,Fugate,F,39.0,
1989,77.0,23:33:08,1413,Dahl,Orin,M,53.0,
1989,78.0,23:33:21,1413,Herbert,Nelson,M,49.0,
1989,79.0,23:34:57,1414,Chris,Cole,M,26.0,
1989,80.0,23:35:59,1415,Marty,Coffey,M,39.0,
1989,81.0,23:36:08,1416,Stephen,King,M,40.0,
1989,82.0,23:38:35,1418,Michael,Zeigle,M,37.0,
1989,83.0,23:39:13,1419,Edward,Condit,M,33.0,
1989,84.0,23:39:24,1419,Dana,Gard,M,44.0,
1989,85.0,23:39:57,1419,Jerry,Blinn,M,42.0,
1989,86.0,23:40:52,1420,Jim,Orr,M,42.0,
1989,87.0,23:41:05,1421,Robert,Evinger,M,33.0,
1989,88.0,23:43:22,1423,Mike,Mowen,M,29.0,
1989,89.0,23:45:14,1425,Skip,Lees,M,44.0,
1989,90.0,23:46:35,1426,Doug,Woods,M,45.0,
1989,91.0,23:47:10,1427,Mike,Cronk,M,46.0,
1989,92.0,23:47:37,1427,Bob,Hunt,M,36.0,
1989,93.0,23:48:20,1428,Ruben,Alarcon,M,44.0,
1989,94.0,23:48:31,1428,Gary,Silva,M,39.0,
1989,95.0,23:51:24,1431,Frank,Perry,M,48.0,
1989,96.0,23:57:59,1437,Jose,Delacruz,M,25.0,
1989,97.0,23:58:52,1438,Jack,Nosco,M,26.0,
1989,98.0,24:00:46,1440,Martha,Cederstrom,F,33.0,
1989,99.0,24:07:45,1447,Bob,Givens,M,45.0,
1989,100.0,24:28:30,1468,Martin,Fatzer,M,48.0,
1989,101.0,24:32:59,1472,John,Vonhof,M,42.0,
1989,102.0,24:36:01,1476,Edward,Lujan,M,50.0,
1989,103.0,24:45:07,1485,Richard,Shields,M,45.0,
1989,104.0,24:48:17,1488,Richard,Hogan,M,44.0,
1989,105.0,24:53:06,1493,Paul,Henry,M,42.0,
1989,106.0,24:54:04,1494,Burgess,Harmer,M,47.0,
1989,107.0,24:57:01,1497,Raymond,Graber,M,46.0,
1989,108.0,25:12:30,1512,Hutch,Gibb,M,43.0,
1989,109.0,25:13:21,1513,Martin,Foltz,M,32.0,
1989,110.0,25:16:47,1516,Bjorg,Austrheim-Smith,F,46.0,
1989,111.0,25:16:55,1516,Diane,Eastman,F,47.0,
1989,112.0,25:25:16,1525,Abbie,Rockwell,F,35.0,
1989,113.0,25:33:24,1533,Tom,Galbraith,M,45.0,
1989,114.0,25:36:44,1536,Bob,Surles,M,50.0,
1989,115.0,25:38:19,1538,Bryant,Bourgoin,M,38.0,
1989,116.0,25:40:24,1540,Bob,Thomas,M,54.0,
1989,117.0,25:43:17,1543,Richard,Senelly,M,45.0,
1989,118.0,25:44:11,1544,Frank,Sievenpiper,M,52.0,
1989,119.0,25:48:58,1548,Harry,Sloan,M,40.0,
1989,120.0,25:49:07,1549,Jay,Norman,M,51.0,
1989,121.0,25:50:41,1550,David,Gray,M,35.0,
1989,122.0,25:54:42,1554,Mark,Samuelson,M,35.0,
1989,123.0,25:55:35,1555,Jim,U'Ren,M,35.0,
1989,124.0,26:16:23,1576,Larry,Castano,M,35.0,
1989,125.0,26:18:02,1578,Audie,Chason,M,39.0,
1989,126.0,26:18:46,1578,William,Spenceley,M,39.0,
1989,127.0,26:20:16,1580,Bob,Ross,M,46.0,
1989,128.0,26:24:37,1584,Gordon,Hubbard,M,50.0,
1989,129.0,26:29:32,1589,Rico,Ramirez,M,44.0,
1989,130.0,26:29:35,1589,Shelby,Hayden-Clifton,F,29.0,
1989,131.0,26:32:11,1592,Gene,Green,M,43.0,
1989,132.0,26:32:27,1592,Chuck,Eidenschink,M,36.0,
1989,133.0,26:37:22,1597,Roger,Dike,M,34.0,
1989,134.0,26:40:39,1600,Bob,Colton,M,48.0,
1989,135.0,26:44:34,1604,Lance,Goss,M,43.0,
1989,136.0,26:45:25,1605,Jack,Rohde-Moe,M,60.0,
1989,137.0,26:48:02,1608,J.D.,Fischer,M,46.0,
1989,138.0,26:51:56,1611,David,Spaulding,M,35.0,
1989,139.0,26:52:52,1612,Thomas,Magrann,M,40.0,
1989,140.0,26:53:16,1613,Ferdinand,Desouza,M,36.0,
1989,141.0,26:54:17,1614,Tony,Kramer,M,42.0,
1989,142.0,26:55:00,1615,Laura,Vaughan,F,23.0,
1989,143.0,26:55:35,1615,Bill,Bean,M,44.0,
1989,144.0,26:56:05,1616,Don,Redmond,M,21.0,
1989,145.0,27:02:03,1622,John,Leighton,M,44.0,
1989,146.0,27:02:16,1622,Chuck,Petersen,M,48.0,
1989,147.0,27:03:55,1623,Ray,Atleson,M,45.0,
1989,148.0,27:06:31,1626,Larry,Mabry,M,41.0,
1989,149.0,27:15:22,1635,Lisa,Deaton,F,36.0,
1989,150.0,27:17:45,1637,Andy,Arena,M,37.0,
1989,151.0,27:18:10,1638,Hap,Arnold,M,55.0,
1989,152.0,27:18:41,1638,Bruce,Purdy,M,32.0,
1989,153.0,27:19:36,1639,Edwin,Demoney,M,55.0,
1989,154.0,27:21:05,1641,Sandy,Whyte,F,40.0,
1989,155.0,27:22:00,1642,Keith,Pippin,M,49.0,
1989,156.0,27:23:57,1643,Jerry,Sluss,M,46.0,
1989,157.0,27:32:15,1652,Jerry,Colletto,M,48.0,
1989,158.0,27:33:45,1653,Steve,Harvey,M,45.0,
1989,159.0,27:37:24,1657,Todd,White,M,25.0,
1989,160.0,27:39:13,1659,Larry,Worth,M,51.0,
1989,161.0,27:41:50,1661,Thomas,Freeman,M,40.0,
1989,162.0,27:42:29,1662,Chip,Lee,M,34.0,
1989,163.0,27:43:35,1663,Ron,Zadroga,M,49.0,
1989,163.0,27:43:35,1663,Linda,Sledge,F,41.0,
1989,165.0,27:47:00,1667,Linda,Elam,F,43.0,
1989,166.0,27:47:07,1667,William,Gebbie,M,46.0,
1989,167.0,27:47:15,1667,Ken,Campbell,M,32.0,
1989,168.0,27:47:30,1667,Patti,Teale,F,33.0,
1989,169.0,27:55:08,1675,Barbara,Alvarez,F,46.0,
1989,170.0,28:00:51,1680,William,Greene,M,45.0,
1989,171.0,28:02:17,1682,Wayne,Bowen,M,43.0,
1989,172.0,28:03:38,1683,Dennis,Shackley,M,45.0,
1989,173.0,28:04:27,1684,Suzi,Thibeault,F,41.0,
1989,174.0,28:08:32,1688,Stephen,Derenzo,M,47.0,
1989,175.0,28:11:45,1691,Adrian,Crane,M,33.0,
1989,176.0,28:11:53,1691,Jack,Sorensen,M,48.0,
1989,177.0,28:19:23,1699,Bob,Stavig,M,40.0,
1989,178.0,28:19:30,1699,Russ,Melanson,M,54.0,
1989,179.0,28:20:57,1700,Max,Hooper,M,42.0,
1989,180.0,28:22:49,1702,John,McCarthy,M,29.0,
1989,181.0,28:26:24,1706,Ed,Foster,M,47.0,
1989,182.0,28:27:44,1707,Scott,Willis,M,26.0,
1989,183.0,28:29:47,1709,Frederick,Riemer,M,41.0,
1989,184.0,28:29:52,1709,Lou,Peyton,F,44.0,
1989,185.0,28:32:06,1712,Maurie,Bousquet,M,46.0,
1989,186.0,28:34:26,1714,Strider,Benston,M,44.0,
1989,187.0,28:34:42,1714,Kevin,O'Grady,M,30.0,
1989,188.0,28:35:38,1715,Delmar,Fralick,M,25.0,
1989,189.0,28:38:58,1718,Paul,Lee,M,38.0,
1989,190.0,28:39:35,1719,Donald,Matthias,M,53.0,
1989,191.0,28:39:56,1719,Mark,Spangler,M,36.0,
1989,192.0,28:40:01,1720,Dorothy,Helling,F,39.0,
1989,193.0,28:41:05,1721,Rene,Casteran,M,41.0,
1989,193.0,28:41:05,1721,Phil,Hicks,M,49.0,
1989,195.0,28:41:22,1721,Fred,Pilon,M,43.0,
1989,195.0,28:41:22,1721,Diane,McNamara,F,35.0,
1989,197.0,28:42:15,1722,Steve,Fukumoto,M,38.0,
1989,198.0,28:44:29,1724,Brian,Kessler,M,44.0,
1989,199.0,28:48:21,1728,Jim,Bravo,M,37.0,
1989,200.0,28:50:06,1730,Henry,Canales,M,43.0,
1989,201.0,28:51:03,1731,John,Ingro,M,54.0,
1989,202.0,28:51:56,1731,Gilwee,Walker,M,61.0,
1989,203.0,28:53:34,1733,Robert,Szekeresh,M,42.0,
1989,204.0,28:55:06,1735,Tracy,Veach,M,47.0,
1989,205.0,28:56:28,1736,Michael,Kinzel,M,34.0,
1989,206.0,28:56:56,1736,Robert,Kellogg,M,48.0,
1989,207.0,28:59:00,1739,Jackie,Beaupre,F,47.0,
1989,208.0,28:59:50,1739,Julie,Westland-Litus,F,31.0,
1989,209.0,29:02:04,1742,Gordon,Johnson,M,43.0,
1989,210.0,29:02:42,1742,Tom,Alford,M,51.0,
1989,211.0,29:02:44,1742,Ralph,Goldstein,M,34.0,
1989,212.0,29:03:13,1743,Andrew,Lainis,M,30.0,
1989,213.0,29:03:25,1743,John,Boland,M,42.0,
1989,214.0,29:04:33,1744,Ken,Nicholson,M,33.0,
1989,215.0,29:04:45,1744,Chuck,Long,M,47.0,
1989,216.0,29:10:10,1750,Lee,Schmidt,M,42.0,
1989,217.0,29:12:00,1752,Del,Scharffenberg,M,43.0,
1989,218.0,29:12:22,1752,Jeff,Kinzel,M,36.0,
1989,219.0,29:13:24,1753,Kathy,Young,F,41.0,
1989,220.0,29:16:32,1756,Robert,Higginbotham,M,39.0,
1989,221.0,29:16:42,1756,Anne,King,F,31.0,
1989,222.0,29:20:58,1760,Don,McGinty,M,50.0,
1989,223.0,29:22:19,1762,Claudia,Newsom,F,38.0,
1989,223.0,29:22:19,1762,Terri,Hayes,F,46.0,
1989,225.0,29:23:43,1763,Dallas,Erdman,M,51.0,
1989,226.0,29:24:12,1764,Hank,Windell,M,47.0,
1989,227.0,29:24:14,1764,Sharon,Yost,F,35.0,
1989,228.0,29:24:25,1764,Cowman,A-Moo-Ha'S,M,45.0,
1989,229.0,29:25:03,1765,Helen,Klein,F,66.0,
1989,230.0,29:25:27,1765,Dan,Harshburger,M,41.0,
1989,231.0,29:25:41,1765,Robert,Werner,M,49.0,
1989,232.0,29:26:39,1766,Charles,Jensen,M,43.0,
1989,233.0,29:27:13,1767,Linda,Gentling,F,37.0,
1989,234.0,29:27:50,1767,Nancy,Crawford,F,42.0,
1989,235.0,29:30:45,1770,Scott,Weber,M,36.0,
1989,236.0,29:34:11,1774,Richard,Carapezza,M,56.0,
1989,237.0,29:34:26,1774,Mike,Glasslock,M,41.0,
1989,238.0,29:35:33,1775,Wes,Barrett,M,52.0,
1989,239.0,29:37:08,1777,Anne,Huntzicker,F,45.0,
1989,240.0,29:37:35,1777,Marge,Adelman,F,39.0,
1989,241.0,29:38:52,1778,Frank,Ingalls,M,44.0,
1989,242.0,29:39:05,1779,Jim,O'Neil,M,43.0,
1989,243.0,29:41:20,1781,Don,Dugdale,M,43.0,
1989,244.0,29:43:08,1783,John,Dewalt,M,53.0,
1989,245.0,29:45:40,1785,Ross,Waltzer,M,67.0,
1989,246.0,29:49:49,1789,David,Phillips,M,38.0,
1990,1.0,16:38:52,998,Tom,Johnson,M,31.0,
1990,2.0,17:14:23,1034,Dave,Scott,M,32.0,
1990,3.0,17:26:13,1046,Tim,Twietmeyer,M,31.0,
1990,4.0,17:27:31,1047,Ray,Scannell,M,40.0,
1990,5.0,17:57:51,1077,Sean,Crom,M,34.0,
1990,6.0,18:00:00,1080,Dan,Williams,M,41.0,
1990,7.0,18:02:51,1082,Jim,Gensichen,M,41.0,
1990,8.0,18:18:26,1098,Jussi,Hamalainen,M,44.0,
1990,9.0,18:22:06,1102,Bill,Finkbeiner,M,34.0,
1990,10.0,18:33:02,1113,Ann,Trason,F,29.0,
1990,11.0,18:54:35,1134,John,Coffey,M,34.0,
1990,12.0,19:30:16,1170,Bernd,Leupold,M,48.0,
1990,13.0,19:41:13,1181,Richard,Spady,M,38.0,
1990,14.0,19:51:54,1191,Steve,Mahieu,M,43.0,
1990,15.0,19:54:54,1194,Alfred,Bogenhuber,M,50.0,
1990,16.0,20:13:11,1213,Kevin,McCarey,M,36.0,
1990,17.0,20:32:18,1232,Don,Aycock,M,38.0,
1990,18.0,20:55:31,1255,Joe,Schlereth,M,40.0,
1990,19.0,21:10:55,1270,Bruce,Vonborstel,M,44.0,
1990,20.0,21:13:03,1273,Ted,Adamski,M,42.0,
1990,20.0,21:13:03,1273,Dave,Stevenson,M,37.0,
1990,22.0,21:24:24,1284,John,Demorest,M,39.0,
1990,23.0,21:33:37,1293,Ignace,Matthijs,M,31.0,
1990,24.0,21:50:43,1310,Robert,Develice,M,36.0,
1990,25.0,21:53:57,1313,Lynn,O'Malley-Yarnall,F,39.0,
1990,26.0,21:54:05,1314,Dennis,Herr,M,43.0,
1990,27.0,22:10:22,1330,Toni,Belaustegui,F,42.0,
1990,28.0,22:12:24,1332,Michael,Nolan,M,39.0,
1990,29.0,22:13:32,1333,Eric,Clifton,M,32.0,
1990,30.0,22:15:21,1335,Michael,Hernandez,M,37.0,
1990,31.0,22:16:13,1336,Fred,Zalokar,M,30.0,
1990,32.0,22:21:05,1341,Randy,Stillman,M,40.0,
1990,33.0,22:26:16,1346,Gary,Hilliard,M,35.0,
1990,34.0,22:28:52,1348,Robert,Stavig,M,41.0,
1990,35.0,22:29:30,1349,Rae,Clark,M,38.0,
1990,36.0,22:29:59,1349,Thomas,Green,M,39.0,
1990,37.0,22:29:59,1349,Jim,Pellon,M,40.0,
1990,38.0,22:35:05,1355,Gordon,Hardman,M,39.0,
1990,39.0,22:35:15,1355,Shelby,Hayden-Clifton,F,30.0,
1990,40.0,22:36:25,1356,Marshall,Ulrich,M,38.0,
1990,41.0,22:50:18,1370,Rick,Gates,M,33.0,
1990,42.0,22:53:56,1373,Martha,Cederstrom,F,34.0,
1990,43.0,23:10:05,1390,Raymond,Villeneuve,M,36.0,
1990,44.0,23:13:16,1393,Robert,Baska,M,31.0,
1990,45.0,23:17:12,1397,David,Hudson,M,42.0,
1990,46.0,23:18:47,1398,Doug,Latimer,M,52.0,
1990,47.0,23:19:40,1399,Bryon,Frenyea,M,44.0,
1990,48.0,23:21:22,1401,John,Lahoud,M,35.0,
1990,49.0,23:21:31,1401,Michael,Degner,M,40.0,
1990,50.0,23:21:42,1401,Linda,Elam,F,44.0,
1990,51.0,23:23:17,1403,Mike,Pelechaty,M,35.0,
1990,52.0,23:23:48,1403,Ed,Masters,M,38.0,
1990,53.0,23:25:05,1405,Joe,Braninburg,M,46.0,
1990,54.0,23:25:07,1405,Marc,Reynolds,M,42.0,
1990,55.0,23:25:23,1405,Odin,Christensen,M,42.0,
1990,56.0,23:26:26,1406,Robert,Brokke,M,39.0,
1990,57.0,23:27:12,1407,Edith,Bogenhuber,F,44.0,
1990,58.0,23:27:14,1407,Chuck,Mather,M,43.0,
1990,59.0,23:27:29,1407,Charles,Savage,M,42.0,
1990,60.0,23:28:02,1408,Michael,McKenna,M,37.0,
1990,61.0,23:31:36,1411,Geoff,Hook,M,45.0,
1990,62.0,23:33:43,1413,David,Kristensen,M,37.0,
1990,63.0,23:35:02,1415,Doug,McKeever,M,42.0,
1990,64.0,23:35:48,1415,Pat,Whyte,M,42.0,
1990,65.0,23:36:08,1416,Roy,Haley,M,53.0,
1990,66.0,23:38:48,1418,Richard,Shields,M,46.0,
1990,67.0,23:39:49,1419,Eugene,Trahern,M,27.0,
1990,68.0,23:40:48,1420,Nick,Bassett,M,45.0,
1990,69.0,23:44:38,1424,Donald,Hunt,M,39.0,
1990,70.0,23:44:51,1424,Judy,Milkie-West,F,40.0,
1990,71.0,23:48:00,1428,Bjorg,Austrheim-Smith,F,47.0,
1990,72.0,23:48:25,1428,Shelley,Dunlap,F,40.0,
1990,73.0,23:49:54,1429,Bill,Carlson,M,29.0,
1990,74.0,23:50:33,1430,Edward,Humphrey,M,39.0,
1990,75.0,23:52:26,1432,Frank,Gerard,M,31.0,
1990,76.0,23:52:50,1432,Robert,Thomas,M,34.0,
1990,77.0,23:54:00,1434,Martyn,Greaves,M,30.0,
1990,78.0,24:09:28,1449,Timothy,Murphy,M,36.0,
1990,79.0,24:23:55,1463,Michael,Martin,M,42.0,
1990,80.0,24:25:17,1465,Dale,Garland,M,32.0,
1990,81.0,24:41:54,1481,Diane,Eastman,F,48.0,
1990,82.0,25:12:33,1512,Robert,Livingston,M,44.0,
1990,83.0,25:21:53,1521,Chris,Hart,F,38.0,
1990,84.0,25:32:51,1532,Martin,Fatzer,M,49.0,
1990,85.0,25:33:47,1533,Glenn,Olszewski,M,37.0,
1990,86.0,25:39:58,1539,Michael,Sandlin,M,35.0,
1990,87.0,25:47:31,1547,Kyle,Meintzer,M,41.0,
1990,88.0,25:56:34,1556,Will,Uher,M,44.0,
1990,89.0,26:01:10,1561,Keith,Henriques,M,49.0,
1990,90.0,26:07:34,1567,Jody,Jeppson,F,40.0,
1990,91.0,26:10:30,1570,Tom,Knutson,M,39.0,
1990,92.0,26:14:07,1574,Tom,Bunk,M,48.0,
1990,93.0,26:16:34,1576,William,Bigelow,M,47.0,
1990,94.0,26:19:23,1579,William,Maida,M,39.0,
1990,95.0,26:19:50,1579,Eddie,Harrison,M,35.0,
1990,96.0,26:21:13,1581,Ruben,Alarcon,M,45.0,
1990,97.0,26:21:43,1581,Wayne,Bohlman,M,43.0,
1990,98.0,26:24:04,1584,Ty,Russell,M,40.0,
1990,99.0,26:30:19,1590,Bogdan,Ambrozewicz,M,36.0,
1990,100.0,26:30:28,1590,Rollin,Stanton,M,41.0,
1990,101.0,26:33:11,1593,Kathy,D'Onofrio-Wood,F,25.0,
1990,102.0,26:36:28,1596,Chuck,Eidenschink,M,37.0,
1990,103.0,26:37:07,1597,Larry,Mabry,M,42.0,
1990,104.0,26:43:22,1603,Robert,Barker,M,45.0,
1990,105.0,26:48:59,1608,Tony,Credico,M,36.0,
1990,106.0,26:50:12,1610,Thomas,Bugliosi,M,33.0,
1990,107.0,26:50:48,1610,John,Spomer,M,45.0,
1990,108.0,26:50:48,1610,Steven,Schiller,M,33.0,
1990,109.0,26:52:36,1612,Jim,Heard,M,46.0,
1990,110.0,26:55:04,1615,Beth,Matteson,F,30.0,
1990,111.0,26:55:58,1615,Dahl,Orin,M,54.0,
1990,112.0,26:57:22,1617,Michael,Murphy,M,49.0,
1990,113.0,26:58:09,1618,Cowman,A-Moo-Ha'S,M,45.0,
1990,114.0,26:59:19,1619,Steve,Varga,M,37.0,
1990,115.0,27:01:27,1621,Charles,Rombough,M,42.0,
1990,116.0,27:02:34,1622,Richard,Laine,M,60.0,
1990,117.0,27:02:58,1622,Gordon,Dugan,M,57.0,
1990,118.0,27:05:48,1625,Paul,Jeffers,M,51.0,
1990,119.0,27:07:20,1627,Burgess,Harmer,M,48.0,
1990,120.0,27:12:45,1632,Jeff,Hinte,M,34.0,
1990,121.0,27:15:30,1635,Steven,Silver,M,41.0,
1990,122.0,27:20:21,1640,Dick,Collins,M,56.0,
1990,123.0,27:21:25,1641,Pete,Schoener,M,49.0,
1990,124.0,27:22:48,1642,Richard,Traiser,M,45.0,
1990,125.0,27:23:09,1643,Russ,Spilde,M,43.0,
1990,126.0,27:27:07,1647,Irvin,Nielsen,M,44.0,
1990,127.0,27:28:57,1648,Eb,Engelmann,M,48.0,
1990,128.0,27:36:16,1656,Karsten,Solheim,M,53.0,
1990,129.0,27:37:35,1657,Jim,Miller,M,43.0,
1990,130.0,27:43:43,1663,Larry,Carroll,M,50.0,
1990,131.0,27:44:43,1664,Jeff,Mailloux,M,30.0,
1990,132.0,27:44:57,1664,Frank,Sievenpiper,M,53.0,
1990,133.0,27:45:16,1665,Dennis,Werth,M,48.0,
1990,134.0,27:46:15,1666,Dave,Lang,M,35.0,
1990,135.0,27:49:06,1669,Brad,Norris,M,36.0,
1990,136.0,27:52:28,1672,Ryoichi,Morita,M,40.0,
1990,137.0,27:53:00,1673,Doug,Arnold,M,44.0,
1990,138.0,27:53:30,1673,Melinda,Creel-Mattingly,F,33.0,
1990,139.0,27:58:38,1678,James,Gustafson,M,56.0,
1990,140.0,28:00:54,1680,Diane,McNamara,F,36.0,
1990,141.0,28:04:44,1684,Joe,Hernandez,M,46.0,
1990,142.0,28:05:22,1685,Jerzy,Gorski,M,35.0,
1990,143.0,28:05:35,1685,Gary,Goulet,M,43.0,
1990,144.0,28:05:35,1685,John,Klingman,M,31.0,
1990,145.0,28:14:48,1694,Jeff,Buck,M,32.0,
1990,146.0,28:15:51,1695,Greg,Peck,M,43.0,
1990,147.0,28:20:52,1700,Steve,Bartis,M,26.0,
1990,148.0,28:21:41,1701,George,Hall,M,39.0,
1990,149.0,28:23:27,1703,Dennis,Scott,M,42.0,
1990,150.0,28:23:36,1703,Ken,Okubo,M,52.0,
1990,151.0,28:27:18,1707,Howard,Klein,M,38.0,
1990,152.0,28:34:44,1714,Larry,Simonson,M,43.0,
1990,153.0,28:35:23,1715,David,Selzer,M,41.0,
1990,154.0,28:37:45,1717,Daniel,Bowers,M,44.0,
1990,155.0,28:37:47,1717,Eldrith,Gosney,F,48.0,
1990,156.0,28:38:24,1718,Fred,Nagelschmidt,M,66.0,
1990,157.0,28:38:54,1718,Barbara,Elia,F,45.0,
1990,158.0,28:39:57,1719,Meg,Slavin,F,33.0,
1990,159.0,28:41:24,1721,Donald,Choi,M,41.0,
1990,160.0,28:41:30,1721,John,Swanson,M,30.0,
1990,161.0,28:41:37,1721,Robert,Dayton,M,36.0,
1990,162.0,28:42:46,1722,Jerry,Agin,M,48.0,
1990,163.0,28:44:27,1724,Gary,Sharifi,M,30.0,
1990,164.0,28:44:49,1724,Samuel,Branch,M,43.0,
1990,165.0,28:47:13,1727,Judy,Palmer,F,45.0,
1990,166.0,28:47:25,1727,Karen,Ide,F,40.0,
1990,167.0,28:48:43,1728,Joanie,Mork,F,36.0,
1990,168.0,28:49:17,1729,Martin,Hillyer,M,52.0,
1990,169.0,28:50:20,1730,David,Chamberlain,M,36.0,
1990,170.0,28:51:04,1731,Jan,Kahdeman,F,33.0,
1990,171.0,28:51:06,1731,Geoffrey,Kurland,M,44.0,
1990,172.0,28:51:23,1731,Eugene,Kayanagh,M,51.0,
1990,173.0,28:53:45,1733,Ken,Burge,M,39.0,
1990,174.0,28:55:33,1735,Laurie,Staton,F,37.0,
1990,175.0,28:57:35,1737,Tony,Rossmann,M,49.0,
1990,176.0,29:01:00,1741,John,Fazel,M,53.0,
1990,177.0,29:01:40,1741,Brendan,Spratt,M,56.0,
1990,178.0,29:02:05,1742,Geoff,Miller,M,32.0,
1990,179.0,29:04:25,1744,Peter,Artz,M,46.0,
1990,180.0,29:06:17,1746,Robert,Tuller,M,26.0,
1990,181.0,29:07:33,1747,Patrick,Lowe,M,41.0,
1990,182.0,29:09:23,1749,Dong,Ngo,M,52.0,
1990,183.0,29:12:39,1752,Ed,Stadum,M,51.0,
1990,184.0,29:21:57,1761,Chuck,Haraway,M,42.0,
1990,185.0,29:22:15,1762,Richard,Buck,M,44.0,
1990,186.0,29:22:51,1762,Steve,Shopoff,M,43.0,
1990,187.0,29:23:48,1763,Stuart,White,M,43.0,
1990,188.0,29:25:14,1765,Peter,Armistead,M,44.0,
1990,189.0,29:26:03,1766,Ron,Behrmann,M,50.0,
1990,190.0,29:27:09,1767,Vivian,Terwilliger,F,33.0,
1990,191.0,29:30:58,1770,Daniel,O'Flaherty,M,39.0,
1990,192.0,29:33:27,1773,Helga,Lahoud,F,41.0,
1990,193.0,29:33:35,1773,Kitty,Williams,F,32.0,
1990,194.0,29:33:35,1773,Ed,Williams,M,60.0,
1990,195.0,29:34:00,1774,Eileen,Eliot,F,46.0,
1990,196.0,29:35:02,1775,Joel,Whitaker,M,43.0,
1990,197.0,29:35:30,1775,Robert,Adjemian,M,43.0,
1990,198.0,29:35:44,1775,Brian,Kessler,M,45.0,
1990,199.0,29:37:22,1777,Darrell,Schlee,M,50.0,
1990,200.0,29:38:08,1778,Paula,Beard,F,38.0,
1990,201.0,29:39:05,1779,Miles,Paul,M,50.0,
1990,202.0,29:40:25,1780,Cliff,Young,M,32.0,
1990,203.0,29:40:56,1780,Alan,Bradley,M,41.0,
1990,204.0,29:41:38,1781,Judy,Milgram,F,48.0,
1990,205.0,29:43:13,1783,Carol,Swaney,F,46.0,
1990,206.0,29:44:54,1784,Tim,Lang,M,51.0,
1990,207.0,29:47:26,1787,Ralph,Goldstein,M,35.0,
1990,208.0,29:47:34,1787,Jim,Braden,M,54.0,
1990,209.0,29:49:59,1789,Bill,Matella,M,42.0,
1990,210.0,29:50:32,1790,Gloria,Takagishi,F,44.0,
1990,211.0,29:52:44,1792,Sharlene,Kelley,F,40.0,
1991,1.0,15:54:05,954,Tom,Johnson,M,32.0,
1991,2.0,16:39:08,999,Brian,Purcell,M,35.0,
1991,3.0,17:02:59,1022,Peter,Findlay,M,32.0,
1991,4.0,17:25:26,1045,Tim,Twietmeyer,M,32.0,
1991,5.0,17:34:20,1054,Ray,Scannell,M,41.0,
1991,6.0,17:47:57,1067,Carl,Andersen,M,30.0,
1991,7.0,18:21:09,1101,Dave,Scott,M,34.0,
1991,8.0,18:28:23,1108,Sean,Crom,M,35.0,
1991,9.0,18:29:37,1109,Ann,Trason,F,30.0,
1991,10.0,18:31:28,1111,Joe,Schlereth,M,41.0,
1991,11.0,18:35:43,1115,Dana,Miller,M,39.0,
1991,12.0,18:46:28,1126,Dow,Mattingly,M,39.0,
1991,13.0,18:49:29,1129,Jim,Pellon,M,41.0,
1991,14.0,18:50:46,1130,Bill,Finkbeiner,M,35.0,
1991,15.0,18:58:08,1138,Peter,Holubar,M,45.0,
1991,16.0,18:58:42,1138,Dan,Williams,M,42.0,
1991,17.0,19:15:59,1155,Marshall,Ulrich,M,39.0,
1991,18.0,19:25:49,1165,Steve,Mahieu,M,44.0,
1991,19.0,19:33:18,1173,Alfred,Bogenhuber,M,51.0,
1991,20.0,19:38:35,1178,Ted,Adamski,M,43.0,
1991,21.0,19:44:44,1184,Rudy,Goldstein,M,43.0,
1991,22.0,19:51:09,1191,Jeffrey,Frome,M,39.0,
1991,23.0,20:00:03,1200,Scott,Mills,M,40.0,
1991,24.0,20:03:23,1203,Dennis,Herr,M,44.0,
1991,25.0,20:25:34,1225,Rae,Clark,M,39.0,
1991,26.0,20:30:12,1230,Dan,Landry,M,39.0,
1991,27.0,20:31:09,1231,Kyle,Meintzer,M,42.0,
1991,28.0,20:33:18,1233,Dana,Gard,M,46.0,
1991,29.0,20:44:20,1244,Robert,Develice,M,37.0,
1991,30.0,20:47:37,1247,Bernd,Leupold,M,47.0,
1991,31.0,20:55:42,1255,Ron,Ottaway,M,53.0,
1991,32.0,20:55:45,1255,Shelby,Hayden-Clifton,F,31.0,
1991,33.0,21:03:58,1263,Jim,Pomroy,M,44.0,
1991,34.0,21:04:56,1264,David,Hudson,M,43.0,
1991,35.0,21:06:17,1266,Eric,Ianacone,M,44.0,
1991,36.0,21:14:42,1274,Jack,Christian,M,38.0,
1991,37.0,21:17:54,1277,Leighton,Gard,M,56.0,
1991,38.0,21:39:25,1299,Michael,Callen,M,40.0,
1991,39.0,21:40:33,1300,Eugene,Trahern,M,28.0,
1991,40.0,21:40:53,1300,James-David,Park,M,35.0,
1991,41.0,21:41:09,1301,Tom,Knutson,M,40.0,
1991,42.0,21:42:13,1302,Lynn,O'Malley-Yarnall,F,40.0,
1991,43.0,21:53:29,1313,Earl,Towner,M,41.0,
1991,44.0,21:56:08,1316,Ric,Hatch,M,36.0,
1991,45.0,22:10:15,1330,Tom,Sloan,M,43.0,
1991,46.0,22:12:43,1332,Ulf,Werner,M,50.0,
1991,47.0,22:13:14,1333,Vincent,Bourret,M,27.0,
1991,48.0,22:13:48,1333,Richard,Senelly,M,47.0,
1991,49.0,22:16:05,1336,Robert,Evinger,M,35.0,
1991,50.0,22:25:20,1345,Dag,Seymour,M,32.0,
1991,51.0,22:25:32,1345,Roger,Daniels,M,55.0,
1991,52.0,22:26:57,1346,Wendell,Robison,M,39.0,
1991,53.0,22:27:20,1347,Mike,Pelechaty,M,36.0,
1991,54.0,22:37:29,1357,Wolfgang,Kampf,M,42.0,
1991,55.0,22:41:20,1361,Wayne,Miles,M,44.0,
1991,56.0,22:44:28,1364,Adrian,Crane,M,36.0,
1991,57.0,22:45:09,1365,Alan,Casebier,M,45.0,
1991,58.0,22:47:54,1367,Robert,Livingston,M,45.0,
1991,59.0,22:50:49,1370,Richard,West,M,43.0,
1991,60.0,22:54:11,1374,Bob,Kite,M,37.0,
1991,61.0,22:54:32,1374,Helga,Backhaus,F,38.0,
1991,62.0,22:55:31,1375,Lary,Webster,M,58.0,
1991,63.0,22:56:38,1376,Daniel,Meyers,M,34.0,
1991,64.0,22:57:50,1377,Jeffrey,Thompson,M,39.0,
1991,65.0,22:58:43,1378,Brad,Norris,M,36.0,
1991,66.0,23:01:43,1381,Tim,Brown,M,51.0,
1991,67.0,23:01:49,1381,Robert,Barker,M,46.0,
1991,68.0,23:02:51,1382,Greg,Foreman,M,26.0,
1991,69.0,23:03:29,1383,Chris,Knoch,M,26.0,
1991,70.0,23:08:34,1388,Carol,Hewitt,F,43.0,
1991,71.0,23:10:48,1390,Michael,Danese,M,31.0,
1991,72.0,23:12:26,1392,Terry,Reitzel,M,27.0,
1991,73.0,23:18:25,1398,Martyn,Greaves,M,31.0,
1991,74.0,23:19:58,1399,Bobbie,Dixon,F,44.0,
1991,75.0,23:21:22,1401,Rob,Volkenand,M,60.0,
1991,76.0,23:22:11,1402,Harry,Sloan,M,42.0,
1991,77.0,23:24:06,1404,Rollin,Stanton,M,42.0,
1991,78.0,23:27:24,1407,Alistair,McAlpine,M,35.0,
1991,79.0,23:33:13,1413,Stephen,Szydlik,M,24.0,
1991,80.0,23:34:32,1414,Terry,Crawford,F,42.0,
1991,81.0,23:36:10,1416,Burgess,Harmer,M,49.0,
1991,82.0,23:37:12,1417,Raul,Flores,M,35.0,
1991,83.0,23:37:32,1417,Robert,Butsic,M,45.0,
1991,84.0,23:42:24,1422,Frank,Kohlenstein,M,37.0,
1991,85.0,23:42:43,1422,Robert,Beach,M,47.0,
1991,86.0,23:43:24,1423,Raymond,Villeneuve,M,37.0,
1991,87.0,23:44:05,1424,Ron,Kovacs,M,52.0,
1991,88.0,23:44:57,1424,Richard,Laine,M,61.0,
1991,89.0,23:47:42,1427,Craig,Johnson,M,28.0,
1991,90.0,23:47:43,1427,Glen,Williams,M,29.0,
1991,91.0,23:48:41,1428,Bill,Maxwell,M,38.0,
1991,92.0,23:48:54,1428,Joseph,Marchand,M,50.0,
1991,93.0,23:50:23,1430,Ty,Russell,M,41.0,
1991,94.0,23:50:28,1430,Don,Duffy,M,37.0,
1991,95.0,23:53:01,1433,Doug,Latimer,M,53.0,
1991,96.0,23:53:35,1433,Andrew,Lewis,M,40.0,
1991,97.0,23:54:16,1434,Dave,Malcolm,M,38.0,
1991,98.0,23:54:33,1434,Tony,Kramer,M,44.0,
1991,99.0,23:54:42,1434,Daniel,Martin,M,43.0,
1991,100.0,23:57:45,1437,Cindie,McKenna,F,41.0,
1991,101.0,24:09:58,1449,Chris,Batteate,M,39.0,
1991,102.0,24:22:19,1462,Bob,Givens,M,47.0,
1991,103.0,24:24:08,1464,Maurice,Beaulieu,M,46.0,
1991,104.0,24:27:43,1467,Mark,Friedman,M,45.0,
1991,105.0,24:38:40,1478,Mo,Bartley,F,36.0,
1991,106.0,24:40:34,1480,Gunther,Nemeth,M,45.0,
1991,107.0,24:58:57,1498,Ken,Cox,M,34.0,
1991,108.0,25:04:01,1504,Byron,Melendy,M,50.0,
1991,109.0,25:13:06,1513,Meg,Slavin,F,34.0,
1991,110.0,25:29:58,1529,Grant,Ruske,M,47.0,
1991,111.0,25:31:45,1531,Dahl,Orin,M,55.0,
1991,112.0,25:36:25,1536,Lorraine,Gersitz,F,37.0,
1991,113.0,25:38:57,1538,Edward,Lujan,M,52.0,
1991,114.0,25:39:16,1539,Douglas,Miller,M,48.0,
1991,115.0,25:41:10,1541,Linda,Elam,F,45.0,
1991,116.0,25:43:37,1543,Geoff,Sheppard,M,24.0,
1991,117.0,25:43:53,1543,Josef,Luptowitz,M,47.0,
1991,118.0,25:45:33,1545,Jack,Nosco,M,28.0,
1991,119.0,25:45:49,1545,Dennis,Hagele,M,47.0,
1991,120.0,25:49:26,1549,Ken,Brook,M,48.0,
1991,121.0,25:58:46,1558,Maggie,Anderson,F,39.0,
1991,122.0,26:00:13,1560,Robert,Dahl,M,44.0,
1991,123.0,26:01:46,1561,Armin,Wunder,M,23.0,
1991,124.0,26:04:39,1564,Judy,Milkie-West,F,41.0,
1991,125.0,26:10:44,1570,Gerard,Hickey,M,33.0,
1991,125.0,26:10:44,1570,Monte,Mackey,M,35.0,
1991,127.0,26:27:43,1587,Errol,Jones,M,41.0,
1991,128.0,26:28:42,1588,James,Furnish,M,48.0,
1991,129.0,26:29:07,1589,Richard,Shields,M,47.0,
1991,130.0,26:33:02,1593,Ray,Greenlaw,M,29.0,
1991,131.0,26:35:55,1595,Jerry,Colletto,M,50.0,
1991,132.0,26:36:18,1596,Patrick,Binienda,M,36.0,
1991,133.0,26:36:19,1596,Bridget,Creighton,F,24.0,
1991,134.0,26:36:53,1596,Frank,Sievenpiper,M,54.0,
1991,135.0,26:38:32,1598,Souza,De,M,34.0,
1991,136.0,26:39:28,1599,Linda,Sledge,F,43.0,
1991,137.0,26:39:57,1599,Phil,Kahn,M,38.0,
1991,138.0,26:43:25,1603,Gordy,Adsit,M,37.0,
1991,139.0,26:44:23,1604,Diane,Eastman,F,49.0,
1991,140.0,26:48:00,1608,David,Johnston,M,40.0,
1991,141.0,26:49:55,1609,Stephen,Derenzo,M,49.0,
1991,142.0,26:50:13,1610,Tom,Andrew,M,48.0,
1991,143.0,26:53:01,1613,Frank,Holman,M,41.0,
1991,144.0,26:55:44,1615,Gary,Ritchie,M,50.0,
1991,145.0,26:56:43,1616,Scott,Gulbranson,M,20.0,
1991,146.0,26:57:28,1617,Saralie,Liner-Jigamian,F,38.0,
1991,147.0,26:59:23,1619,Yoshimi,Tsugawa,M,38.0,
1991,148.0,27:02:46,1622,Karlheinz,Kobus,M,24.0,
1991,149.0,27:06:08,1626,Nick,Klaich,M,45.0,
1991,150.0,27:09:21,1629,Al,Zeller,M,44.0,
1991,151.0,27:10:31,1630,Roy,Haley,M,54.0,
1991,152.0,27:11:12,1631,Janice,O'Grady,F,42.0,
1991,153.0,27:14:12,1634,Jim,Wholey,M,44.0,
1991,154.0,27:14:41,1634,Debbie,Roth,F,39.0,
1991,155.0,27:15:52,1635,Robert,Taylor,M,29.0,
1991,156.0,27:16:07,1636,Sandy,Whyte,F,42.0,
1991,157.0,27:16:21,1636,Scott,Willis,M,28.0,
1991,158.0,27:16:27,1636,Alex,Cowie,M,53.0,
1991,159.0,27:16:39,1636,Don,Hughes,M,50.0,
1991,160.0,27:18:45,1638,George,Hagel,M,43.0,
1991,161.0,27:19:03,1639,Bill,Harns,M,45.0,
1991,162.0,27:19:56,1639,Phil,Vaughn,M,44.0,
1991,163.0,27:25:34,1645,Gordon,Dugan,M,58.0,
1991,164.0,27:25:48,1645,Doug,Taylor,M,48.0,
1991,165.0,27:31:01,1651,Michael,Rembolt,M,41.0,
1991,166.0,27:33:45,1653,William,Gilli,M,34.0,
1991,166.0,27:33:45,1653,Nick,Williams,M,48.0,
1991,168.0,27:36:03,1656,Rob,Apple,M,29.0,
1991,169.0,27:39:26,1659,Noel,Relyea,F,45.0,
1991,170.0,27:40:50,1660,Mike,Rehorn,M,50.0,
1991,171.0,27:43:32,1663,John,Norris,M,46.0,
1991,172.0,27:44:03,1664,Louis,Joline,M,58.0,
1991,173.0,27:47:29,1667,George,Parrott,M,47.0,
1991,174.0,27:47:30,1667,Mario,Flores,M,40.0,
1991,175.0,27:49:00,1669,Jorg,Maisenbacher,M,22.0,
1991,176.0,27:49:35,1669,Tracy,Achelis,F,37.0,
1991,177.0,27:51:55,1671,John,Boland,M,44.0,
1991,178.0,27:51:59,1671,Jim,Stocco,M,38.0,
1991,179.0,27:52:29,1672,Robert,Adjemian,M,44.0,
1991,180.0,27:52:52,1672,Mark,Chamley,M,37.0,
1991,181.0,27:55:26,1675,Darrell,Schlee,M,51.0,
1991,182.0,27:56:18,1676,Rc,Pruitt,M,39.0,
1991,183.0,28:01:48,1681,Kenneth,Andrews,M,52.0,
1991,184.0,28:03:29,1683,Steven,McRae,M,39.0,
1991,185.0,28:03:37,1683,Delmar,Fralick,M,27.0,
1991,186.0,28:06:38,1686,Edwin,Mighell,M,61.0,
1991,187.0,28:11:35,1691,Grant,Christopher,M,40.0,
1991,188.0,28:13:26,1693,Mark,Spangler,M,38.0,
1991,188.0,28:13:26,1693,Jerry,Bollig,M,41.0,
1991,190.0,28:14:35,1694,John,Moise,M,65.0,
1991,191.0,28:20:28,1700,Nanci,Gabri,F,38.0,
1991,192.0,28:25:48,1705,Mary,Kleinbach,F,40.0,
1991,193.0,28:30:02,1710,Rick,Appleton,M,46.0,
1991,194.0,28:30:42,1710,Keith,Kirkpatrick,M,45.0,
1991,195.0,28:34:22,1714,Dick,West,M,49.0,
1991,196.0,28:35:32,1715,Susan,Edwards,F,45.0,
1991,197.0,28:37:57,1717,Jess,Heroux,M,45.0,
1991,198.0,28:38:19,1718,Ray,Charron,M,44.0,
1991,199.0,28:39:16,1719,Terri,Hayes,F,48.0,
1991,200.0,28:40:18,1720,Greg,Klein,M,36.0,
1991,201.0,28:41:51,1721,Jan,Hagel,F,40.0,
1991,202.0,28:43:01,1723,Carol,Slavik,F,43.0,
1991,203.0,28:43:24,1723,Dale,Sutton,M,51.0,
1991,204.0,28:46:25,1726,Jim,Barnes,M,53.0,
1991,205.0,28:49:38,1729,Shane,Stahl,M,44.0,
1991,206.0,28:50:49,1730,Will,Roxburgh,M,29.0,
1991,207.0,28:52:48,1732,Marc,Greenberg,M,40.0,
1991,208.0,28:53:26,1733,Larry,Simonson,M,44.0,
1991,209.0,28:53:59,1733,Dick,Collins,M,57.0,
1991,210.0,28:54:17,1734,Donald,Thompson,M,53.0,
1991,211.0,28:57:09,1737,Ross,Meyer,M,40.0,
1991,212.0,28:58:37,1738,Carl,Gross,M,52.0,
1991,213.0,28:59:39,1739,Joann,Hull,F,33.0,
1991,214.0,29:00:28,1740,Robert,Myers,M,63.0,
1991,215.0,29:03:00,1743,Mike,Campbell,M,37.0,
1991,216.0,29:03:44,1743,Peggy,Stafford,F,43.0,
1991,217.0,29:03:49,1743,Hugh,Macpherson,M,51.0,
1991,218.0,29:08:15,1748,Suzi,Thibeault,F,43.0,
1991,219.0,29:10:28,1750,Linda,Kircher,F,46.0,
1991,220.0,29:13:30,1753,Tony,Rossmann,M,50.0,
1991,221.0,29:14:33,1754,Joan,Bumpus,F,48.0,
1991,222.0,29:15:29,1755,Gunther,Messmer,M,50.0,
1991,223.0,29:24:44,1764,Robert,Kellogg,M,50.0,
1991,224.0,29:25:15,1765,Pj,Salmonson,F,44.0,
1991,224.0,29:25:15,1765,John,Salmonson,M,48.0,
1991,226.0,29:26:37,1766,David,Saine,M,42.0,
1991,227.0,29:33:10,1773,Gary,Miller,M,53.0,
1991,228.0,29:35:35,1775,Judy,Lamb,F,32.0,
1991,229.0,29:36:44,1776,Margaret,Smith,F,35.0,
1991,230.0,29:37:49,1777,Del,King,M,63.0,
1991,231.0,29:38:02,1778,Jim,Feistner,M,53.0,
1991,232.0,29:41:01,1781,Douglas,Kopp,M,41.0,
1991,233.0,29:41:50,1781,Henry,Canales,M,45.0,
1991,234.0,29:42:04,1782,Edmund,Acevedo,M,30.0,
1991,235.0,29:43:15,1783,Bob,Cartier,M,43.0,
1991,235.0,29:43:15,1783,Trey,Macphee,M,32.0,
1991,237.0,29:44:01,1784,Sylvia,Wiegand,F,46.0,
1991,238.0,29:45:02,1785,William,Eelkema,M,40.0,
1991,239.0,29:47:47,1787,Patrick,Cantwell,M,53.0,
1991,240.0,29:49:49,1789,Charles,Sabatine,M,58.0,
1991,241.0,29:58:39,1798,Louise,Comar,F,38.0,
1991,242.0,29:59:10,1799,Doug,Heyen,M,58.0,
1992,1.0,16:54:16,1014,Tim,Twietmeyer,M,33.0,
1992,2.0,17:27:54,1047,Ray,Scannell,M,42.0,
1992,3.0,18:14:48,1094,Ann,Trason,F,31.0,
1992,4.0,18:35:47,1115,Dave,Scott,M,34.0,
1992,5.0,18:45:11,1125,Brian,Purcell,M,36.0,
1992,6.0,18:50:23,1130,Dan,Williams,M,43.0,
1992,7.0,18:51:41,1131,Bill,Finkbeiner,M,36.0,
1992,8.0,19:09:52,1149,Joe,Schlereth,M,42.0,
1992,9.0,19:18:23,1158,Rae,Clark,M,40.0,
1992,10.0,19:40:57,1180,Dow,Mattingly,M,40.0,
1992,11.0,20:17:47,1217,Bernd,Leupold,M,50.0,
1992,12.0,20:45:17,1245,Joe,Braninburg,M,48.0,
1992,13.0,20:58:12,1258,Joseph,Marchand,M,51.0,
1992,14.0,21:01:00,1261,Greg,Atchley,M,25.0,
1992,15.0,21:11:25,1271,Charles,Crompton,M,44.0,
1992,16.0,21:25:17,1285,Scott,Modzelewski,M,29.0,
1992,17.0,21:26:32,1286,Alfred,Bogenhuber,M,52.0,
1992,18.0,21:38:40,1298,David,Innes,M,44.0,
1992,19.0,21:40:25,1300,Dennis,Fugate,M,40.0,
1992,20.0,21:43:49,1303,Mike,Hartley,M,39.0,
1992,21.0,21:50:41,1310,Leighton,Gard,M,57.0,
1992,22.0,21:52:19,1312,Laura,Vaughan,F,26.0,
1992,23.0,21:56:49,1316,Rick,Gates,M,35.0,
1992,24.0,22:06:04,1326,Thomas,Wright,M,48.0,
1992,25.0,22:09:08,1329,Ean,Jackson,M,34.0,
1992,26.0,22:09:50,1329,Bill,Hambrick,M,38.0,
1992,27.0,22:14:40,1334,Michael,Hernandez,M,39.0,
1992,28.0,22:23:11,1343,Robert,Develice,M,38.0,
1992,29.0,22:27:09,1347,Jim,Scott,M,32.0,
1992,30.0,22:27:20,1347,Michael,Martin,M,44.0,
1992,31.0,22:31:00,1351,Greg,Crompton,M,38.0,
1992,32.0,22:35:01,1355,David,Adams,M,40.0,
1992,33.0,22:35:04,1355,Arthur,Sarakas,M,45.0,
1992,34.0,22:37:39,1357,Lynn,O'Malley-Yarnall,F,41.0,
1992,35.0,22:42:24,1362,Andrew,Bauroth,M,30.0,
1992,36.0,22:43:11,1363,Frank,Ruona,M,46.0,
1992,37.0,22:49:48,1369,Otto,Lang,M,39.0,
1992,38.0,22:53:09,1373,David,Hudson,M,44.0,
1992,39.0,22:54:19,1374,Mark,Constable,M,32.0,
1992,40.0,23:01:07,1381,George,Beech,M,42.0,
1992,41.0,23:02:44,1382,Marshall,Ulrich,M,40.0,
1992,42.0,23:04:14,1384,Tatsuya,Muramatsu,M,36.0,
1992,43.0,23:08:43,1388,Ike,Hesler,M,52.0,
1992,44.0,23:11:58,1391,Kyle,Meintzer,M,43.0,
1992,45.0,23:12:18,1392,James,Budde,M,46.0,
1992,46.0,23:17:29,1397,Max,Bogenhuber,M,50.0,
1992,47.0,23:18:40,1398,Lee,Jebian,M,51.0,
1992,48.0,23:19:49,1399,Robert,Sobsey,M,41.0,
1992,49.0,23:21:04,1401,John,Metz,M,49.0,
1992,50.0,23:22:02,1402,Shelley,Dunlap,F,42.0,
1992,51.0,23:23:56,1403,Herb,Tanzer,M,40.0,
1992,52.0,23:24:24,1404,Ian,Maddieson,M,49.0,
1992,53.0,23:24:54,1404,David,Kim,M,49.0,
1992,54.0,23:29:00,1409,John,Travers,M,39.0,
1992,55.0,23:29:07,1409,Carol,Hewitt,F,44.0,
1992,55.0,23:29:07,1409,Richard,Shields,M,48.0,
1992,57.0,23:29:24,1409,Daniel,Martin,M,44.0,
1992,58.0,23:35:11,1415,William,Blake,M,33.0,
1992,59.0,23:37:03,1417,Perry,Petschar,M,38.0,
1992,60.0,23:37:40,1417,Rob,Volkenand,M,61.0,
1992,61.0,23:38:18,1418,Dennis,Scott,M,44.0,
1992,62.0,23:39:07,1419,Jim,Kleinbach,M,50.0,
1992,63.0,23:39:21,1419,Jay,Norman,M,54.0,
1992,64.0,23:42:04,1422,Don,Redmond,M,24.0,
1992,65.0,23:43:19,1423,Floyd,Whiting,M,51.0,
1992,66.0,23:48:09,1428,Don,Aycock,M,40.0,
1992,67.0,23:48:33,1428,Martyn,Greaves,M,32.0,
1992,68.0,23:48:37,1428,Steven,Harrold,M,45.0,
1992,69.0,23:51:18,1431,Brian,Renz,M,40.0,
1992,70.0,23:52:50,1432,Raymond,Villeneuve,M,38.0,
1992,71.0,24:04:52,1444,Ray,Piva,M,65.0,
1992,72.0,24:16:23,1456,Marcus,Mayfield,M,37.0,
1992,73.0,24:36:50,1476,Doug,Bailey,M,40.0,
1992,74.0,24:49:01,1489,Timothy,Beaman,M,41.0,
1992,75.0,24:49:30,1489,Bill,Menard,M,41.0,
1992,76.0,24:52:29,1492,Michael,Crofton,M,42.0,
1992,77.0,24:52:54,1492,Don,Duffy,M,38.0,
1992,78.0,25:03:40,1503,Bill,Bean,M,47.0,
1992,79.0,25:09:05,1509,Daniel,Fowkes,M,30.0,
1992,80.0,25:12:19,1512,Pablo,Herrera,M,44.0,
1992,81.0,25:15:32,1515,Helen,Hull,F,33.0,
1992,82.0,25:16:20,1516,Frank,Ives,M,50.0,
1992,83.0,25:33:26,1533,Enzo,Federico,M,35.0,
1992,84.0,25:42:28,1542,Deborah,Wagner,F,41.0,
1992,85.0,25:44:32,1544,Andy,Witek,M,38.0,
1992,86.0,25:46:33,1546,J.A.,Underwood,M,54.0,
1992,87.0,25:48:35,1548,Hal,Winton,M,60.0,
1992,88.0,25:54:10,1554,Chris,Cole,M,29.0,
1992,89.0,25:55:23,1555,Steve,Smalley,M,45.0,
1992,90.0,26:07:03,1567,James,Furnish,M,49.0,
1992,91.0,26:11:05,1571,Jim,Drake,M,52.0,
1992,92.0,26:12:16,1572,Kristina,Irvin,F,34.0,
1992,93.0,26:15:57,1575,Patricia-Ann,Remmers,F,35.0,
1992,94.0,26:17:52,1577,Chuck,Honeycutt,M,44.0,
1992,95.0,26:24:33,1584,Patti,Teale,F,36.0,
1992,96.0,26:26:30,1586,Thomas,Windsperger,M,44.0,
1992,97.0,26:29:21,1589,John,Leighton,M,47.0,
1992,98.0,26:35:17,1595,Chuck,Frame,M,49.0,
1992,99.0,26:36:09,1596,Chrissy,Duryea-Ferguson,F,39.0,
1992,100.0,26:40:43,1600,Danny,Swenson,M,36.0,
1992,101.0,26:42:38,1602,Brick,Robbins,M,32.0,
1992,102.0,26:43:45,1603,Burgess,Harmer,M,50.0,
1992,103.0,26:43:52,1603,Thomas,Balzola,M,49.0,
1992,104.0,26:44:14,1604,Michael,Cureil,M,40.0,
1992,105.0,26:47:35,1607,Lorraine,Lees-Mcgeough,F,33.0,
1992,106.0,26:48:42,1608,David,Nakashima,M,44.0,
1992,107.0,26:50:52,1610,Frank,Holman,M,42.0,
1992,108.0,26:55:46,1615,Michael,Florence,M,43.0,
1992,109.0,27:02:10,1622,Linda,Elam,F,46.0,
1992,110.0,27:04:07,1624,Ron,Zadroga,M,52.0,
1992,111.0,27:06:18,1626,Dahl,Orin,M,56.0,
1992,112.0,27:06:40,1626,Barbara,Elia,F,47.0,
1992,113.0,27:12:27,1632,Martin,Hillyer,M,54.0,
1992,114.0,27:18:28,1638,Dorsh,Sanders,M,49.0,
1992,114.0,27:18:28,1638,Roland,Ring-Jarvi,M,42.0,
1992,116.0,27:22:24,1642,Hendy,Henderson,M,60.0,
1992,117.0,27:27:19,1647,Kerry,Coyle,M,40.0,
1992,118.0,27:28:01,1648,Michael,Monahan,M,46.0,
1992,119.0,27:29:32,1649,William,Spenceley,M,42.0,
1992,120.0,27:31:20,1651,David,Jones,M,40.0,
1992,121.0,27:31:26,1651,Edward,Lujan,M,53.0,
1992,122.0,27:32:44,1652,Joe,Clapper,M,33.0,
1992,123.0,27:38:42,1658,Michael,Steben,M,35.0,
1992,124.0,27:38:49,1658,Charles,Cammack Jr,M,46.0,
1992,125.0,27:43:35,1663,Don,Winkley,M,53.0,
1992,126.0,27:45:37,1665,Jeffrey,Thompson,M,40.0,
1992,127.0,27:46:11,1666,Gary,Fortune,M,41.0,
1992,128.0,27:46:59,1666,Dave,Damas,M,43.0,
1992,129.0,27:47:11,1667,Edwin,Mighell,M,62.0,
1992,130.0,27:48:24,1668,Gino,Merez,M,32.0,
1992,131.0,27:50:32,1670,Mick,Donoff,M,48.0,
1992,132.0,27:52:12,1672,Mac,Magrann,M,43.0,
1992,133.0,27:54:52,1674,Bob,Kawarsky,M,36.0,
1992,134.0,27:55:11,1675,Lee,Rhodes,M,59.0,
1992,135.0,27:56:07,1676,Bill,Clements,M,34.0,
1992,136.0,27:56:10,1676,David,Gray,M,38.0,
1992,137.0,27:58:28,1678,Audie,Chason,M,42.0,
1992,138.0,28:00:35,1680,Rick,Silverman,M,36.0,
1992,139.0,28:07:09,1687,Lee,Schmidt,M,52.0,
1992,140.0,28:08:10,1688,Mike,Rehorn,M,51.0,
1992,141.0,28:09:09,1689,Vincent,Sciorino,M,39.0,
1992,142.0,28:10:54,1690,John,Klingman,M,33.0,
1992,143.0,28:11:27,1691,Ame,Stemsrud,M,34.0,
1992,144.0,28:14:19,1694,Dixie,Madsen,F,55.0,
1992,145.0,28:15:31,1695,Beverly,Brezik,F,45.0,
1992,146.0,28:16:21,1696,Gordon,Johnson,M,46.0,
1992,147.0,28:16:34,1696,Timothy,Carr,M,46.0,
1992,148.0,28:17:05,1697,Tom,Newman,M,47.0,
1992,149.0,28:20:35,1700,Daniel,Lindstrom,M,42.0,
1992,150.0,28:23:10,1703,Paul,Schmidt,M,40.0,
1992,151.0,28:25:35,1705,Mark,Konodi,M,36.0,
1992,152.0,28:25:39,1705,Bill,Millican,M,44.0,
1992,153.0,28:27:33,1707,Russ,Melanson,M,57.0,
1992,154.0,28:28:46,1708,Patrick,Lowe,M,43.0,
1992,155.0,28:31:26,1711,Toni,Stermolle,F,40.0,
1992,156.0,28:32:29,1712,James,Thatcher,M,43.0,
1992,157.0,28:32:32,1712,Brooks,Wade,M,57.0,
1992,158.0,28:33:40,1713,Bill,Wood,M,63.0,
1992,159.0,28:33:57,1713,Ross,Meyer,M,41.0,
1992,160.0,28:34:20,1714,Thomas,Davis,M,49.0,
1992,161.0,28:34:25,1714,Todd,Leigh,M,50.0,
1992,162.0,28:35:42,1715,Grant,Rusk,M,48.0,
1992,163.0,28:36:15,1716,Christian,Lustic,M,44.0,
1992,164.0,28:37:30,1717,Robert,Josephs,M,37.0,
1992,165.0,28:42:35,1722,Ruben,Alarcon,M,47.0,
1992,166.0,28:42:41,1722,William,Watson,M,46.0,
1992,167.0,28:44:19,1724,Charlie,Lincoln,M,41.0,
1992,168.0,28:44:47,1724,Gary,Zicker,M,40.0,
1992,169.0,28:46:21,1726,Bob,Boeder,M,43.0,
1992,170.0,28:47:52,1727,Thomas,Meyers,M,37.0,
1992,171.0,28:49:39,1729,Joseph,Spragg,M,46.0,
1992,172.0,28:51:26,1731,Mario,Flores,M,42.0,
1992,173.0,28:51:58,1731,Blake,Norwood,M,45.0,
1992,174.0,28:52:41,1732,Allan,Kaplan,M,36.0,
1992,175.0,28:54:05,1734,Karen,Ide,F,42.0,
1992,176.0,28:54:12,1734,Mike,Hogan,M,39.0,
1992,177.0,28:55:50,1735,Gary,Waldsmith,M,51.0,
1992,178.0,28:57:05,1737,Frank,Wasuta,M,44.0,
1992,179.0,28:58:45,1738,Rudy,Alvarez,M,37.0,
1992,180.0,29:01:51,1741,Vicki,Devita,F,39.0,
1992,181.0,29:02:10,1742,Hap,Arnold,M,58.0,
1992,182.0,29:03:53,1743,Eddy,Koos,M,33.0,
1992,183.0,29:05:29,1745,Billy,Soileau,M,50.0,
1992,184.0,29:06:16,1746,Anstr,Davidson,M,47.0,
1992,185.0,29:07:21,1747,Dong,Ngo,M,54.0,
1992,186.0,29:07:49,1747,Steve,Howarth,M,44.0,
1992,187.0,29:10:11,1750,Greg,Soderlund,M,44.0,
1992,188.0,29:10:35,1750,Jim,Miller,M,45.0,
1992,189.0,29:13:01,1753,Robert,Rusch,M,50.0,
1992,190.0,29:13:35,1753,Celeste,Langan,F,35.0,
1992,191.0,29:15:31,1755,Fred,Jorgensen,M,44.0,
1992,192.0,29:15:40,1755,Linda,Kircher,F,47.0,
1992,193.0,29:16:36,1756,Dominic,Spinetta,M,54.0,
1992,194.0,29:17:21,1757,Bill,Lee,M,43.0,
1992,195.0,29:17:39,1757,Jim,Young,M,51.0,
1992,196.0,29:18:08,1758,Allen,Miller,M,42.0,
1992,197.0,29:19:29,1759,Webb,Sledge,M,49.0,
1992,198.0,29:20:04,1760,Frank,Sievenpiper,M,55.0,
1992,199.0,29:21:35,1761,David,Fanara,M,47.0,
1992,200.0,29:22:53,1762,Brian,Adler,M,31.0,
1992,201.0,29:23:49,1763,Steven,Burt,M,40.0,
1992,202.0,29:24:27,1764,Kathy,Young,F,44.0,
1992,203.0,29:25:24,1765,Peter,Kelly,M,33.0,
1992,204.0,29:25:59,1765,Tony,Cannon,M,50.0,
1992,205.0,29:26:11,1766,Barry,Duncan,M,43.0,
1992,206.0,29:26:34,1766,Frederick,Riemer,M,44.0,
1992,207.0,29:27:44,1767,Bob,Lehew,M,50.0,
1992,208.0,29:28:26,1768,Larry,Duke,M,48.0,
1992,209.0,29:29:05,1769,Steve,Kissell,M,31.0,
1992,210.0,29:30:36,1770,Margaret,Schlundt,F,39.0,
1992,210.0,29:30:36,1770,Stanley,Duobinis,M,41.0,
1992,212.0,29:31:53,1771,Joan,Szarfinski,F,53.0,
1992,213.0,29:32:59,1772,Sue,Rudolph,F,40.0,
1992,214.0,29:33:18,1773,Marie,Gonzales,F,31.0,
1992,215.0,29:33:30,1773,Gary,Wright,M,41.0,
1992,216.0,29:35:58,1775,Cecil,Stearns,M,55.0,
1992,217.0,29:36:15,1776,John,Cervantes,M,39.0,
1992,218.0,29:36:32,1776,Helen,Klein,F,69.0,
1992,219.0,29:38:12,1778,Richard,Whitney,M,51.0,
1992,220.0,29:40:48,1780,Frank,Ingalls,M,47.0,
1992,221.0,29:41:54,1781,Lois,Bettini,F,30.0,
1992,222.0,29:42:21,1782,Ron,Perkins,M,52.0,
1992,223.0,29:42:41,1782,Bill,Close,M,32.0,
1992,224.0,29:42:48,1782,Gordon,Hubbard,M,53.0,
1992,225.0,29:43:12,1783,Martin,Szekeresh Jr,M,54.0,
1992,226.0,29:44:09,1784,Ed,Fishman,M,69.0,
1992,227.0,29:49:20,1789,Tim,Farley,M,50.0,
1992,228.0,29:49:33,1789,Michael,Norris,M,37.0,
1992,229.0,29:49:50,1789,Bob,Ross,M,49.0,
1992,230.0,29:51:02,1791,Bruce,Hetland,M,43.0,
1993,1.0,17:08:34,1028,Tom,Johnson,M,34.0,
1993,2.0,17:56:12,1076,Tim,Twietmeyer,M,34.0,
1993,3.0,19:05:22,1145,Ann,Trason,F,32.0,
1993,4.0,19:29:49,1169,Dow,Mattingly,M,41.0,
1993,5.0,19:37:16,1177,Joe,Schlereth,M,43.0,
1993,6.0,19:45:57,1185,Ray,Scannell,M,43.0,
1993,7.0,19:47:57,1187,Jim,Scott,M,33.0,
1993,8.0,20:46:11,1246,Bruce,Linscott,M,35.0,
1993,9.0,20:46:58,1246,Bernd,Leupold,M,51.0,
1993,10.0,20:50:45,1250,Earl,Towner,M,43.0,
1993,11.0,20:52:56,1252,Alfred,Bogenhuber,M,53.0,
1993,12.0,20:56:55,1256,Ray,Deschenes,M,42.0,
1993,13.0,21:02:41,1262,Kathy,D'Onofrio-Wood,F,28.0,
1993,14.0,21:34:48,1294,Joe,Braninburg,M,49.0,
1993,15.0,21:40:36,1300,Stephen,Harris,M,39.0,
1993,16.0,21:54:06,1314,Dale,Capewell,M,29.0,
1993,17.0,21:57:03,1317,Don,Aycock,M,41.0,
1993,18.0,21:58:52,1318,Bill,Finkbeiner,M,37.0,
1993,19.0,21:59:53,1319,Fred,Shufflebarger,M,45.0,
1993,20.0,22:22:55,1342,Eric,Ianacone,M,46.0,
1993,21.0,22:23:26,1343,Andrew,Bauroth,M,31.0,
1993,22.0,22:23:51,1343,Randy,Stillman,M,43.0,
1993,23.0,22:29:48,1349,Terry,Nephew,M,41.0,
1993,24.0,22:32:51,1352,Dane,Larsen,M,42.0,
1993,24.0,22:32:51,1352,David,Hannaford,M,42.0,
1993,26.0,22:35:32,1355,Larry,Goodman,M,36.0,
1993,27.0,22:37:59,1357,Lynn,O'Malley-Yarnall,F,42.0,
1993,28.0,22:39:18,1359,Scott,Mills,M,42.0,
1993,29.0,22:48:09,1368,Bill,Hambrick,M,39.0,
1993,30.0,22:50:44,1370,Marc,Susac,M,26.0,
1993,31.0,22:53:46,1373,Helga,Backhaus,F,40.0,
1993,32.0,23:08:48,1388,Tom,O'Connell,M,42.0,
1993,33.0,23:11:52,1391,Bill,Rose,M,37.0,
1993,34.0,23:14:11,1394,Harold,Carling,M,59.0,
1993,35.0,23:16:36,1396,Chrissy,Duryea-Ferguson,F,32.0,
1993,36.0,23:21:49,1401,John,Lahoud,M,38.0,
1993,37.0,23:22:14,1402,Donna,Perkins,F,34.0,
1993,38.0,23:23:46,1403,Ian,Maddieson,M,50.0,
1993,39.0,23:25:40,1405,Raul,Flores,M,37.0,
1993,40.0,23:26:36,1406,Tatsuya,Muramatsu,M,37.0,
1993,41.0,23:27:25,1407,Scott,Modzelewski,M,30.0,
1993,42.0,23:27:44,1407,Daniel,Martin,M,45.0,
1993,43.0,23:29:27,1409,Michael,Martin,M,45.0,
1993,44.0,23:34:49,1414,Michael,Danese,M,33.0,
1993,45.0,23:37:32,1417,William,Davis,M,47.0,
1993,46.0,23:42:58,1422,John,Amies,M,51.0,
1993,47.0,23:44:53,1424,Tom,Sloan,M,45.0,
1993,48.0,23:45:34,1425,Stewart,Dutfield,M,38.0,
1993,49.0,23:45:37,1425,Edward,Frisch,M,53.0,
1993,50.0,23:47:21,1427,Diane,Ridgway,F,44.0,
1993,51.0,23:48:21,1428,Rick,Gates,M,35.0,
1993,52.0,23:49:45,1429,Russ,Osman-Bravard,M,36.0,
1993,53.0,23:53:18,1433,Thomas,Green,M,42.0,
1993,54.0,23:53:57,1433,David,Hudson,M,45.0,
1993,55.0,23:55:45,1435,Mo,Bartley,F,38.0,
1993,56.0,23:56:16,1436,Steve,Christian,M,42.0,
1993,57.0,24:20:11,1460,David,Kim,M,50.0,
1993,58.0,24:21:58,1461,Hans-Dieter,Rebstock,M,54.0,
1993,59.0,24:28:55,1468,Jamshid,Khajavi,M,40.0,
1993,60.0,24:33:31,1473,Chuck,Honeycutt,M,45.0,
1993,61.0,24:45:54,1485,Eric,Benson,M,32.0,
1993,62.0,24:56:23,1496,Don,Winkley,M,55.0,
1993,63.0,24:57:41,1497,Murray,Carpenter,M,41.0,
1993,64.0,24:58:09,1498,Shelley,Dunlap,F,43.0,
1993,65.0,25:10:11,1510,Theresa,Daus-Weber,F,38.0,
1993,66.0,25:10:57,1510,Paul,Carr,M,36.0,
1993,67.0,25:15:39,1515,Denise,Ellestad,F,32.0,
1993,68.0,25:18:53,1518,Kap'n Kirk,Boisseree,M,35.0,
1993,69.0,25:20:09,1520,Ric,Hatch,M,38.0,
1993,70.0,25:24:17,1524,Jim,Magill,M,46.0,
1993,71.0,25:29:11,1529,Vincent,Bourret,M,29.0,
1993,72.0,25:32:14,1532,Lou,Martin,M,40.0,
1993,73.0,25:38:01,1538,Rob,Volkenand,M,62.0,
1993,74.0,25:44:32,1544,Kelly,Heath,M,32.0,
1993,75.0,25:44:56,1544,Jeff,Hagen,M,46.0,
1993,76.0,25:45:54,1545,John,Stewart,M,47.0,
1993,77.0,25:47:18,1547,Donald,Hunt,M,42.0,
1993,78.0,25:51:10,1551,Danny,Westergaard,M,34.0,
1993,79.0,25:53:08,1553,Bob,Stavig,M,44.0,
1993,80.0,26:01:54,1561,Vince,Pedroia,M,46.0,
1993,81.0,26:04:23,1564,Edward,Stark,M,46.0,
1993,82.0,26:12:01,1572,Chuck,Frame,M,50.0,
1993,83.0,26:14:24,1574,Brick,Robbins,M,33.0,
1993,84.0,26:18:45,1578,Ken,Ashby,M,40.0,
1993,85.0,26:22:52,1582,Peter,Gagarin,M,48.0,
1993,86.0,26:31:19,1591,John,Holmes,M,50.0,
1993,87.0,26:33:57,1593,Herb,Tanimoto,M,45.0,
1993,88.0,26:35:23,1595,Dave,Tanner,M,43.0,
1993,89.0,26:35:51,1595,Billy,Wise,M,36.0,
1993,90.0,26:36:23,1596,Deborah,Hannaford,F,41.0,
1993,91.0,26:38:46,1598,Max,Welker,M,50.0,
1993,92.0,26:40:55,1600,Hollis,Lenderking,M,43.0,
1993,93.0,26:49:46,1609,Karl,Jensen,M,43.0,
1993,94.0,26:54:48,1614,Daniel,Fowkes,M,31.0,
1993,95.0,26:54:53,1614,Tim,Seminoff,M,34.0,
1993,96.0,26:56:03,1616,Ray,Piva,M,66.0,
1993,97.0,26:57:10,1617,Kellie,Sheehan,F,40.0,
1993,98.0,26:57:29,1617,Sandy,Whyte,F,44.0,
1993,99.0,27:06:09,1626,Ross,Meyer,M,42.0,
1993,100.0,27:06:28,1626,Jerry,Wittenauer,M,34.0,
1993,101.0,27:06:49,1626,Suzanne,Roat,F,30.0,
1993,102.0,27:08:29,1628,Stan,Wingate,M,33.0,
1993,103.0,27:14:36,1634,Sherry,Kae Johns,F,38.0,
1993,104.0,27:15:25,1635,Kathy,Welch,F,40.0,
1993,105.0,27:20:19,1640,Joseph,Pope,M,53.0,
1993,106.0,27:24:01,1644,Wolfgang,Polak,M,43.0,
1993,107.0,27:26:15,1646,Fred,Liebes,M,47.0,
1993,108.0,27:27:38,1647,Frank,Shuman,M,34.0,
1993,109.0,27:28:25,1648,Keith,Hileman,M,44.0,
1993,110.0,27:29:43,1649,Gary,Ritchie,M,52.0,
1993,111.0,27:32:25,1652,Martin,Hillyer,M,55.0,
1993,112.0,27:35:36,1655,Joe,Livak,M,52.0,
1993,113.0,27:40:03,1660,Kent,Ross,M,40.0,
1993,114.0,27:43:49,1663,David,Cepoi,M,28.0,
1993,115.0,27:47:51,1667,David,Gray,M,39.0,
1993,116.0,27:50:27,1670,John,Leighton,M,48.0,
1993,117.0,27:53:16,1673,Michael,Palmer,M,39.0,
1993,118.0,27:54:00,1674,Robert,Tuller,M,29.0,
1993,119.0,27:56:33,1676,Dennis,Richardson,M,33.0,
1993,120.0,28:05:45,1685,Hal,Winton,M,61.0,
1993,121.0,28:06:26,1686,Nick,Bassett,M,48.0,
1993,122.0,28:10:52,1690,Laura-Lynn,Knebel,F,35.0,
1993,123.0,28:12:56,1692,Cindie,McKenna,F,43.0,
1993,124.0,28:13:40,1693,Michael,Suter,M,45.0,
1993,125.0,28:15:34,1695,Joel,Dahl,M,35.0,
1993,126.0,28:16:03,1696,Robert,Develice,M,39.0,
1993,126.0,28:16:03,1696,Martin,Miller,M,41.0,
1993,128.0,28:18:25,1698,Craig,Coppola,M,31.0,
1993,129.0,28:19:42,1699,Harry,Sloan,M,44.0,
1993,130.0,28:19:49,1699,Robert,Barker,M,48.0,
1993,131.0,28:20:37,1700,James,Thatcher,M,44.0,
1993,132.0,28:21:08,1701,Nico,Solomos,M,54.0,
1993,133.0,28:23:41,1703,Dennis,Clute,M,40.0,
1993,134.0,28:26:18,1706,Janice,Levet,F,42.0,
1993,135.0,28:29:34,1709,Andrew,McKenzie-hicks,M,35.0,
1993,136.0,28:29:56,1709,Jim,Stevenson,M,46.0,
1993,137.0,28:31:17,1711,Rhonda,Provost,F,44.0,
1993,138.0,28:35:14,1715,Tony,Grappo,M,42.0,
1993,139.0,28:35:23,1715,Shirley,Church,F,52.0,
1993,140.0,28:37:41,1717,Ephraim,Romesberg,M,62.0,
1993,141.0,28:39:07,1719,Steven,McRae,M,41.0,
1993,142.0,28:39:10,1719,Milo,Lewis,M,40.0,
1993,143.0,28:40:22,1720,Charles,Raper,M,56.0,
1993,144.0,28:40:34,1720,Joanie,Mork,F,39.0,
1993,145.0,28:40:41,1720,Tim,Potter,M,39.0,
1993,146.0,28:42:27,1722,Eb,Engelmann,M,51.0,
1993,147.0,28:43:30,1723,Ron,Nicholl,M,50.0,
1993,148.0,28:44:45,1724,Bill,Close,M,33.0,
1993,149.0,28:45:00,1725,Dennis,Scott,M,45.0,
1993,150.0,28:45:57,1725,Douglas,Griffen,M,37.0,
1993,151.0,28:48:50,1728,Jose,Wilkie,M,30.0,
1993,152.0,28:48:58,1728,Ron,Behrmann,M,53.0,
1993,153.0,28:49:27,1729,Larry,Gassan,M,37.0,
1993,154.0,28:51:48,1731,Ron,Zadroga,M,53.0,
1993,155.0,28:51:59,1731,Christa,Rebstock,F,50.0,
1993,156.0,28:55:58,1735,Luther,Thompson,M,48.0,
1993,157.0,28:55:59,1735,David,Nelson,M,52.0,
1993,158.0,28:56:20,1736,Rich,Lacey,M,54.0,
1993,159.0,29:00:34,1740,Gordy,Ainsleigh,M,46.0,
1993,160.0,29:03:49,1743,Gary,Waldsmith,M,52.0,
1993,161.0,29:04:48,1744,Steve,Lebarron,M,33.0,
1993,162.0,29:07:10,1747,Edwin,Demoney,M,59.0,
1993,163.0,29:08:44,1748,William,Barker,M,52.0,
1993,164.0,29:10:36,1750,Claudia,Newsom,F,42.0,
1993,165.0,29:11:27,1751,Robert,Solorio,M,46.0,
1993,166.0,29:11:48,1751,Dahl,Orin,M,57.0,
1993,167.0,29:12:34,1752,David,Givens,M,44.0,
1993,168.0,29:13:03,1753,Margaret,Mason,F,47.0,
1993,169.0,29:13:17,1753,Karsten,Solheim,M,56.0,
1993,170.0,29:14:06,1754,Phil,Wright,M,49.0,
1993,171.0,29:14:42,1754,Eddy,Koos,M,34.0,
1993,172.0,29:14:46,1754,Richard,Buck,M,47.0,
1993,173.0,29:14:57,1754,Richard,Westervelt,M,57.0,
1993,174.0,29:15:13,1755,Barbara,Elia,F,48.0,
1993,175.0,29:19:08,1759,Kathy,Hamilton,F,43.0,
1993,176.0,29:19:36,1759,Martyn,Greaves,M,33.0,
1993,177.0,29:19:53,1759,Heidi,Cherel,F,28.0,
1993,178.0,29:20:10,1760,Judy,Overholtzer,F,53.0,
1993,179.0,29:20:30,1760,Bob,Ross,M,50.0,
1993,180.0,29:21:56,1761,Tim,Lang,M,54.0,
1993,181.0,29:22:00,1762,Mike,Rouse,M,40.0,
1993,182.0,29:23:30,1763,Joan,Steidinger,F,38.0,
1993,183.0,29:24:02,1764,Michael,Delarosa,M,46.0,
1993,184.0,29:25:09,1765,Timothy,Carr,M,47.0,
1993,185.0,29:25:34,1765,Andrew,Lewis,M,42.0,
1993,186.0,29:25:35,1765,James,Sullivan,M,28.0,
1993,187.0,29:25:36,1765,Michael,Monahan,M,47.0,
1993,188.0,29:26:22,1766,Marie,Gonzales,F,32.0,
1993,189.0,29:28:18,1768,George,Velasco,M,40.0,
1993,190.0,29:28:25,1768,John,Swanson,M,33.0,
1993,191.0,29:28:29,1768,Tom,Fraze,M,43.0,
1993,192.0,29:28:30,1768,Akira,Nakanishi,M,43.0,
1993,193.0,29:28:54,1768,Richard,Adams,M,50.0,
1993,194.0,29:34:00,1774,Mike,Cronk,M,50.0,
1993,194.0,29:34:00,1774,William,Mack,M,40.0,
1993,196.0,29:34:18,1774,Bob,Marston,M,42.0,
1993,197.0,29:40:02,1780,David,Garrison,M,37.0,
1993,197.0,29:40:02,1780,Chris,Nutting,F,33.0,
1993,199.0,29:40:32,1780,Mike,Rehorn,M,52.0,
1993,200.0,29:42:41,1782,Mike,Gleman,M,45.0,
1993,201.0,29:44:01,1784,Aaron,Goldman,M,61.0,
1993,202.0,29:44:35,1784,Bob,Boeder,M,50.0,
1993,203.0,29:45:06,1785,Dave,Damas,M,44.0,
1993,204.0,29:45:23,1785,David,Telles,M,32.0,
1993,205.0,29:47:20,1787,Adrian,Vandenhoogen,M,57.0,
1993,206.0,29:49:24,1789,Phillip,Ostroski,M,45.0,
1993,207.0,29:50:38,1790,Helga,Lahoud,F,44.0,
1993,208.0,29:51:58,1791,Louise,Comar,F,40.0,
1993,209.0,29:55:16,1795,Carl,Yates,M,65.0,
1994,1.0,16:51:01,1011,Tim,Twietmeyer,M,35.0,
1994,2.0,17:37:51,1057,Ann,Trason,F,33.0,
1994,3.0,17:51:06,1071,Joe,Schlereth,M,44.0,
1994,4.0,18:19:53,1099,Dave,Scott,M,36.0,
1994,5.0,19:00:41,1140,Mike,Pelechaty,M,39.0,
1994,6.0,19:16:12,1156,Ben,Hian,M,25.0,
1994,7.0,19:21:22,1161,Jim,Scott,M,34.0,
1994,8.0,19:27:30,1167,Jerry,Wittenauer,M,35.0,
1994,9.0,19:49:18,1189,Bill,Finkbeiner,M,38.0,
1994,9.0,19:49:18,1189,Wayne,Miles,M,47.0,
1994,11.0,20:16:27,1216,Rudy,Goldstein,M,46.0,
1994,12.0,20:17:45,1217,Bernd,Leupold,M,52.0,
1994,13.0,20:32:58,1232,Tom,Greene,M,28.0,
1994,14.0,20:50:11,1250,Rick,Simonsen,M,33.0,
1994,15.0,21:01:17,1261,Dean,Karnazes,M,31.0,
1994,16.0,21:03:22,1263,Alfred,Bogenhuber,M,54.0,
1994,17.0,21:10:14,1270,Mark,Romalia,M,35.0,
1994,18.0,21:11:14,1271,Cristofer,Garvin,M,32.0,
1994,19.0,21:13:18,1273,Evelyn,Marshall,F,36.0,
1994,20.0,21:17:15,1277,Greg,Atchley,M,27.0,
1994,21.0,21:20:20,1280,Helga,Backhaus,F,41.0,
1994,22.0,21:26:40,1286,Richard,West,M,46.0,
1994,23.0,21:29:38,1289,Suzie,Lister,F,29.0,
1994,24.0,21:33:19,1293,Pat,Whyte,M,46.0,
1994,25.0,21:43:42,1303,Dow,Mattingly,M,42.0,
1994,26.0,21:55:08,1315,Ian,Maddieson,M,51.0,
1994,27.0,22:00:23,1320,Daniel,Fowkes,M,32.0,
1994,28.0,22:01:07,1321,Lynn,O'Malley-Yarnall,F,43.0,
1994,29.0,22:08:36,1328,Harold,Carling,M,60.0,
1994,30.0,22:09:46,1329,Jeff,Hinte,M,38.0,
1994,31.0,22:13:32,1333,Ray,Greenlaw,M,32.0,
1994,32.0,22:13:57,1333,Michael,Ellis,M,30.0,
1994,33.0,22:17:14,1337,Randy,Stillman,M,44.0,
1994,34.0,22:18:50,1338,Daniel,Martin,M,46.0,
1994,35.0,22:24:11,1344,David,Jones,M,42.0,
1994,36.0,22:30:14,1350,John,Loeschhorn,M,50.0,
1994,37.0,22:40:10,1360,Jim,Larrieu,M,34.0,
1994,38.0,22:40:55,1360,Joe,Franiak,M,33.0,
1994,39.0,22:46:30,1366,Richard,Wells,M,33.0,
1994,40.0,22:47:23,1367,Joe,Braninburg,M,50.0,
1994,41.0,22:47:46,1367,Bob,Cowdrey,M,50.0,
1994,42.0,22:51:05,1371,Vincent,Bourret,M,30.0,
1994,43.0,22:52:53,1372,Gene,Thibeault,M,48.0,
1994,44.0,22:53:44,1373,David,Kim,M,51.0,
1994,45.0,22:55:48,1375,Chris,Knoch,M,29.0,
1994,46.0,22:56:10,1376,Willis,McCarthy,M,38.0,
1994,47.0,22:57:35,1377,Chuck,Honeycutt,M,47.0,
1994,48.0,23:00:48,1380,William,Davis,M,48.0,
1994,49.0,23:04:34,1384,Curtis,Ringstad,M,42.0,
1994,50.0,23:05:25,1385,Keith,Golding,M,33.0,
1994,51.0,23:08:48,1388,Rick,Schneider,M,38.0,
1994,52.0,23:09:21,1389,Klaus-Dieter,Muttke,M,40.0,
1994,53.0,23:14:59,1394,Mark,Bodamer,M,35.0,
1994,54.0,23:16:48,1396,Tatsuya,Muramatsu,M,38.0,
1994,55.0,23:17:25,1397,Sean,Nordquist,M,31.0,
1994,56.0,23:18:10,1398,Mark,Theken,M,43.0,
1994,57.0,23:24:30,1404,Ray,Deschenes,M,43.0,
1994,58.0,23:25:26,1405,John,Boone,M,36.0,
1994,59.0,23:25:57,1405,Michele,Vandehoek,F,30.0,
1994,60.0,23:28:55,1408,John,Reeves,M,34.0,
1994,60.0,23:28:55,1408,Doug,Lomax,M,44.0,
1994,62.0,23:29:19,1409,Ray,Piva,M,67.0,
1994,63.0,23:29:32,1409,David,Kamp,M,46.0,
1994,64.0,23:29:38,1409,James,Furnish,M,51.0,
1994,65.0,23:29:56,1409,Terry,Smith,M,40.0,
1994,66.0,23:30:14,1410,Ken,Burge,M,43.0,
1994,67.0,23:31:06,1411,Randy,Albrecht,M,38.0,
1994,68.0,23:31:34,1411,Diane,Ridgway,F,45.0,
1994,69.0,23:31:39,1411,Larry,Ochsendorf,M,49.0,
1994,70.0,23:32:02,1412,Jeff,Hagen,M,47.0,
1994,71.0,23:33:53,1413,Michael,Lefebvre,M,34.0,
1994,72.0,23:34:46,1414,Jim,Magill,M,47.0,
1994,73.0,23:44:05,1424,Craig,Cocchi,M,29.0,
1994,74.0,23:44:47,1424,Errol,Jones,M,44.0,
1994,75.0,23:46:21,1426,Don,Aycock,M,42.0,
1994,76.0,23:49:55,1429,Dek,Stump,M,51.0,
1994,77.0,23:50:07,1430,Gordy,Ainsleigh,M,47.0,
1994,78.0,23:50:26,1430,Paul,Akiyama,M,50.0,
1994,79.0,23:51:23,1431,Andy,Witek,M,40.0,
1994,80.0,23:52:17,1432,Rob,Hunt,M,41.0,
1994,80.0,23:52:17,1432,Donald,Hunt,M,43.0,
1994,82.0,23:53:42,1433,Tom,O'Connell,M,43.0,
1994,83.0,23:54:54,1434,David,Hudson,M,46.0,
1994,84.0,23:56:54,1436,Marcus,Mayfield,M,39.0,
1994,85.0,23:57:31,1437,Ken,Ashby,M,41.0,
1994,86.0,23:58:15,1438,David,Lygre,M,51.0,
1994,87.0,24:18:27,1458,Elaina,McMahon,F,37.0,
1994,88.0,24:24:35,1464,Cheryl,Rippel,F,33.0,
1994,89.0,24:29:32,1469,Mike,Gleman,M,46.0,
1994,90.0,24:44:33,1484,Robert,Develice,M,40.0,
1994,91.0,24:48:49,1488,John,Peacock,M,55.0,
1994,92.0,24:55:41,1495,John,Mark,M,41.0,
1994,93.0,24:56:33,1496,George,Hagel,M,46.0,
1994,94.0,24:57:08,1497,Ross,Meyer,M,43.0,
1994,95.0,25:03:24,1503,Lou,Martin,M,41.0,
1994,96.0,25:14:26,1514,Sander,Nelson,M,27.0,
1994,97.0,25:16:18,1516,Michael,Palmer,M,40.0,
1994,98.0,25:26:06,1526,Steven,Schiller,M,37.0,
1994,99.0,25:32:00,1532,Hans-Dieter,Rebstock,M,54.0,
1994,100.0,25:40:26,1540,Lee,Fields,M,51.0,
1994,101.0,25:45:38,1545,Burgess,Harmer,M,52.0,
1994,102.0,25:45:46,1545,Ralph,Argenal,M,42.0,
1994,103.0,25:46:29,1546,Dewayne,Satterfield,M,30.0,
1994,104.0,25:51:57,1551,Dave,Malcolm,M,41.0,
1994,105.0,25:56:47,1556,Milo,Lewis,M,41.0,
1994,106.0,25:58:07,1558,Lee,Jebian,M,52.0,
1994,107.0,26:02:26,1562,Nathan,Jones,M,38.0,
1994,108.0,26:02:28,1562,Jean-Pierre,Georges,M,48.0,
1994,109.0,26:09:53,1569,Bruce,Hoff,M,31.0,
1994,110.0,26:17:46,1577,Lee,Rhodes,M,61.0,
1994,111.0,26:20:36,1580,Martha,Cederstrom,F,38.0,
1994,112.0,26:26:38,1586,Jeff,Pettigrew,M,31.0,
1994,113.0,26:28:22,1588,Rob,Volkenand,M,63.0,
1994,114.0,26:28:35,1588,Ian,Hutcheson,M,38.0,
1994,115.0,26:31:57,1591,Greg,Nacco,M,34.0,
1994,116.0,26:33:22,1593,Millie,Sardon,F,32.0,
1994,117.0,26:35:26,1595,Milan,Varga,M,49.0,
1994,118.0,26:39:16,1599,Ingrid,Honzak,F,45.0,
1994,119.0,26:42:05,1602,David,Ross,M,30.0,
1994,120.0,26:42:44,1602,Hans,Van Willigen,M,56.0,
1994,121.0,26:43:58,1603,Gwen,Goss,F,41.0,
1994,122.0,26:47:16,1607,Ron,Nicholl,M,51.0,
1994,123.0,26:48:04,1608,Luther,Thompson,M,49.0,
1994,124.0,26:48:56,1608,Robert,Bergman,M,35.0,
1994,125.0,26:52:46,1612,Jim,Northey,M,37.0,
1994,126.0,26:56:11,1616,Joseph,Pope,M,54.0,
1994,127.0,26:56:20,1616,Pierce,Cornelius,M,63.0,
1994,128.0,26:56:33,1616,Don,Winkley,M,56.0,
1994,129.0,26:57:28,1617,Wayne,Farrar,M,46.0,
1994,130.0,26:57:55,1617,Rob,Grant,M,48.0,
1994,131.0,26:59:26,1619,Jimmy,Sallis,M,48.0,
1994,132.0,27:00:29,1620,Gary,Zicker,M,42.0,
1994,133.0,27:03:26,1623,Nigel,Finney,M,47.0,
1994,134.0,27:04:00,1624,Michael,Suter,M,46.0,
1994,135.0,27:04:22,1624,Mark,Hartinger,M,37.0,
1994,136.0,27:08:35,1628,Katsuyuki,Hatta,M,30.0,
1994,137.0,27:09:07,1629,Randy,Elliott,M,39.0,
1994,138.0,27:10:36,1630,Monte,Mackey,M,38.0,
1994,139.0,27:11:58,1631,Alan,Cohn,M,39.0,
1994,140.0,27:14:32,1634,Lawton,Fox,M,50.0,
1994,141.0,27:15:46,1635,Russ,Melanson,M,59.0,
1994,142.0,27:17:56,1637,David,Nakashima,M,46.0,
1994,143.0,27:22:18,1642,Mike,Burke,M,43.0,
1994,144.0,27:24:32,1644,Michael,Kogutek,M,44.0,
1994,145.0,27:29:24,1649,Ron,Behrmann,M,54.0,
1994,146.0,27:30:09,1650,Robert,Dereamer,M,42.0,
1994,147.0,27:31:44,1651,Rebecca,Wallick,F,37.0,
1994,148.0,27:31:52,1651,Raymond,Koleser,M,37.0,
1994,149.0,27:32:30,1652,John,Cheely,M,42.0,
1994,150.0,27:34:07,1654,Martyn,Greaves,M,34.0,
1994,151.0,27:34:12,1654,Dorothy,Helling,F,44.0,
1994,152.0,27:34:45,1654,Donald,Hampton,M,54.0,
1994,153.0,27:35:40,1655,Diana,Lundy,F,40.0,
1994,153.0,27:35:40,1655,Kevin,Lundy,M,39.0,
1994,155.0,27:37:07,1657,Roger,Dike,M,39.0,
1994,156.0,27:39:49,1659,Vince,Pedroia,M,47.0,
1994,157.0,27:41:05,1661,Charlie,Brown,M,31.0,
1994,158.0,27:43:24,1663,Thomas,Magrann,M,45.0,
1994,159.0,27:43:26,1663,Douglas,Thomas,M,40.0,
1994,160.0,27:45:17,1665,Christa,Rebstock,F,51.0,
1994,161.0,27:51:27,1671,Bob,Messersmith,M,61.0,
1994,162.0,27:52:57,1672,Larry,Fambrough,M,49.0,
1994,163.0,27:53:23,1673,Beacham,Toler,M,66.0,
1994,164.0,27:55:48,1675,Renne,Gardner,M,36.0,
1994,165.0,28:02:28,1682,Michael,Devlin,M,50.0,
1994,166.0,28:04:51,1684,Thomas,Green,M,43.0,
1994,167.0,28:07:24,1687,William,Watson,M,48.0,
1994,168.0,28:07:50,1687,Ron,Zadroga,M,54.0,
1994,169.0,28:11:11,1691,Chris,Batteate,M,42.0,
1994,170.0,28:12:02,1692,Karen,Libsch,F,24.0,
1994,171.0,28:12:45,1692,Doug,McKeever,M,46.0,
1994,172.0,28:15:44,1695,Cindie,McKenna,F,44.0,
1994,173.0,28:17:22,1697,Lee,Schmidt,M,54.0,
1994,174.0,28:17:53,1697,Dieter,Walz,M,59.0,
1994,175.0,28:19:24,1699,Kenneth,McSherry,M,36.0,
1994,176.0,28:24:38,1704,Kent,Ross,M,41.0,
1994,177.0,28:26:10,1706,Randy,Haagens,M,41.0,
1994,178.0,28:27:31,1707,Robert,Alnebring,M,36.0,
1994,179.0,28:28:13,1708,Mike,Rehorn,M,53.0,
1994,180.0,28:28:51,1708,Richard,Aleshire,M,48.0,
1994,181.0,28:29:49,1709,John,Cooper,M,30.0,
1994,182.0,28:30:16,1710,Charlie,Gabri,M,50.0,
1994,183.0,28:30:21,1710,Mike,Spensko,M,46.0,
1994,184.0,28:30:24,1710,Barbara,Elia,F,49.0,
1994,185.0,28:31:53,1711,Bob,Boeder,M,51.0,
1994,186.0,28:36:27,1716,Clyde,Helms,M,48.0,
1994,187.0,28:37:48,1717,Arthur,Webb,M,52.0,
1994,188.0,28:40:22,1720,Linda,Musil,F,42.0,
1994,189.0,28:42:32,1722,Rico,Ramirez,M,49.0,
1994,190.0,28:42:54,1722,Shirley,Church,F,52.0,
1994,191.0,28:43:17,1723,Richard,Beam,M,45.0,
1994,192.0,28:43:31,1723,Bob,Ross,M,51.0,
1994,193.0,28:43:54,1723,David,Woody,M,57.0,
1994,194.0,28:44:30,1724,Richard,Gillespie,M,48.0,
1994,195.0,28:48:11,1728,Michael,Ross,M,42.0,
1994,196.0,28:49:57,1729,Michael,Rembolt,M,44.0,
1994,197.0,28:50:23,1730,Richard,Hogan,M,49.0,
1994,198.0,28:52:04,1732,Kristina,Irvin,F,36.0,
1994,199.0,28:52:47,1732,Christopher,Strohm,M,47.0,
1994,200.0,28:52:58,1732,Dennis,Werth,M,52.0,
1994,201.0,28:54:59,1734,Bill,Roehr,M,49.0,
1994,202.0,28:56:23,1736,Charm,Schumaker-Secrest,F,39.0,
1994,203.0,29:00:51,1740,Dixie,Madsen,F,57.0,
1994,204.0,29:01:07,1741,Phillip,Parker,M,56.0,
1994,205.0,29:02:06,1742,Eugene,Curnow,M,49.0,
1994,206.0,29:02:55,1742,Tim,Farley,M,52.0,
1994,207.0,29:04:30,1744,Harold,Brueland,M,50.0,
1994,208.0,29:06:29,1746,Joe,Schroeder,M,39.0,
1994,209.0,29:08:01,1748,Vicki,Devita,F,41.0,
1994,210.0,29:08:23,1748,Dana,Roueche,M,37.0,
1994,211.0,29:08:50,1748,Ann,Grove,F,53.0,
1994,212.0,29:08:58,1748,Gary,Freedman,M,34.0,
1994,213.0,29:10:08,1750,Bill,Close,M,34.0,
1994,214.0,29:10:37,1750,George,Velasco,M,40.0,
1994,215.0,29:11:19,1751,Paul,Rudman,M,28.0,
1994,216.0,29:13:47,1753,Mike,Erickson,M,34.0,
1994,217.0,29:14:38,1754,Rose,Ehman,M,40.0,
1994,218.0,29:17:50,1757,Phil,Wright,M,50.0,
1994,219.0,29:18:38,1758,Skip,Bailey,M,42.0,
1994,220.0,29:21:09,1761,Donna,Daus,F,34.0,
1994,221.0,29:23:20,1763,Patti,Teale,F,38.0,
1994,222.0,29:24:58,1764,Hiromi,Nakayama,F,33.0,
1994,223.0,29:26:13,1766,Michael,Florence,M,45.0,
1994,224.0,29:26:35,1766,Jimmy,Davis,M,55.0,
1994,225.0,29:26:51,1766,Ed,Buhrmaster,M,37.0,
1994,226.0,29:28:19,1768,Edward,Lujan,M,55.0,
1994,227.0,29:29:36,1769,Kevin,Callaghan,M,38.0,
1994,228.0,29:29:59,1769,Norman,Arlt,M,45.0,
1994,229.0,29:30:52,1770,Alan,Linson,M,34.0,
1994,230.0,29:31:09,1771,Cowman,A-Moo-Ha'S,M,50.0,
1994,231.0,29:33:39,1773,Janet,Pucci,F,45.0,
1994,232.0,29:34:49,1774,Don,McGinty,M,55.0,
1994,233.0,29:35:15,1775,Mary,Gadams,F,29.0,
1994,234.0,29:35:45,1775,Rich,Lacey,M,55.0,
1994,235.0,29:36:02,1776,Stan,Neumann,M,55.0,
1994,236.0,29:36:15,1776,Ray,Gruenewald,M,34.0,
1994,237.0,29:37:24,1777,Richard,Leboeuf,M,41.0,
1994,238.0,29:42:00,1782,Edward,Humphrey,M,43.0,
1994,239.0,29:43:11,1783,Scott,Curry,M,27.0,
1994,240.0,29:43:25,1783,Joanie,Mork,F,40.0,
1994,241.0,29:44:43,1784,Bob,Marston,M,43.0,
1994,242.0,29:45:31,1785,Tony,Jankowski,M,41.0,
1994,243.0,29:50:47,1790,Walker,Berkshire,M,51.0,
1994,243.0,29:50:47,1790,Steven,Null,M,54.0,
1994,245.0,29:51:28,1791,Scott,Weber,M,41.0,
1994,246.0,29:53:54,1793,Bill,Fornoff,M,50.0,
1994,247.0,29:54:05,1794,Mae,Palm,F,54.0,
1994,248.0,29:59:08,1799,Bert,Meyer,M,49.0,
1994,249.0,29:59:44,1799,Joann,Hull,F,36.0,
1995,1.0,18:34:58,1114,Tim,Twietmeyer,M,36.0,
1995,2.0,18:40:01,1120,Ann,Trason,F,34.0,
1995,3.0,18:46:43,1126,Gabriel,Bautista,M,25.0,
1995,4.0,19:49:33,1189,Dave,Scott,M,37.0,
1995,5.0,20:17:57,1217,Scott,St. John,M,32.0,
1995,6.0,20:22:27,1222,Rick,Simonsen,M,34.0,
1995,7.0,20:28:02,1228,Brian,Purcell,M,39.0,
1995,8.0,20:33:07,1233,Jim,Scott,M,35.0,
1995,9.0,20:50:58,1250,John,Loeschhorn,M,51.0,
1995,10.0,20:55:26,1255,Joe,Braninburg,M,51.0,
1995,11.0,21:07:00,1267,Madero,Herrera,M,24.0,
1995,12.0,21:41:29,1301,Martin,Ramirez,M,34.0,
1995,13.0,21:42:12,1302,Mike,Pelechaty,M,40.0,
1995,14.0,21:55:19,1315,Alfred,Bogenhuber,M,55.0,
1995,15.0,22:10:27,1330,Joe,Schlereth,M,45.0,
1995,16.0,22:15:41,1335,Howie,Breinan,M,26.0,
1995,17.0,22:37:12,1357,Dana,Taylor,M,34.0,
1995,18.0,22:44:55,1364,Kurt,Madden,M,39.0,
1995,19.0,22:46:48,1366,Greg,Barton,M,27.0,
1995,20.0,22:47:43,1367,Darren,Statt,M,26.0,
1995,21.0,22:55:31,1375,James,Ross,M,30.0,
1995,22.0,22:57:11,1377,Helga,Backhaus,F,42.0,
1995,23.0,22:58:18,1378,Dennis,Huffman,M,46.0,
1995,24.0,23:02:46,1382,Chrissy,Duryea-Ferguson,F,34.0,
1995,25.0,23:08:51,1388,Dan,Williams,M,46.0,
1995,26.0,23:12:16,1392,David,Hannaford,M,44.0,
1995,27.0,23:15:44,1395,Mo,Bartley,F,40.0,
1995,28.0,23:28:43,1408,Larry,Vandenburg,M,41.0,
1995,29.0,23:30:49,1410,Leighton,Gard,M,60.0,
1995,30.0,23:31:29,1411,Bernd,Leupold,M,53.0,
1995,31.0,23:33:39,1413,Jay,Buckley,M,40.0,
1995,32.0,23:35:52,1415,Brandon,Sybrowsky,M,24.0,
1995,33.0,23:42:12,1422,David,Warady,M,38.0,
1995,34.0,23:44:39,1424,Philip,Sanderson,M,27.0,
1995,35.0,23:47:28,1427,Martin,Jones,M,52.0,
1995,36.0,23:50:36,1430,Thomas,Winter,M,46.0,
1995,37.0,24:03:16,1443,David,Cepoi,M,30.0,
1995,38.0,24:30:59,1470,Theresa,Daus-Weber,F,40.0,
1995,39.0,24:43:03,1483,Bruce,Aldrich,M,39.0,
1995,40.0,24:44:44,1484,Bill,Menard,M,44.0,
1995,41.0,24:51:57,1491,David,Kim,M,52.0,
1995,42.0,24:55:52,1495,John,Demorest,M,44.0,
1995,43.0,24:59:09,1499,Tom,Knutson,M,44.0,
1995,44.0,25:00:28,1500,David,Pirogowicz,M,43.0,
1995,45.0,25:02:40,1502,Lynn,O'Malley-Yarnall,F,44.0,
1995,46.0,25:08:17,1508,Lou,Martin,M,42.0,
1995,47.0,25:09:28,1509,Jay,Grobeson,M,34.0,
1995,48.0,25:29:38,1529,Elaina,McMahon,F,38.0,
1995,49.0,25:38:02,1538,Denise,Ellestad,F,34.0,
1995,50.0,25:38:41,1538,Denis,Trafecanty,M,52.0,
1995,51.0,25:54:04,1554,Douglas,Spencer,M,36.0,
1995,52.0,25:55:07,1555,Jose,Wilkie,M,32.0,
1995,53.0,25:55:27,1555,Kjell-Ove,Skoglund,M,53.0,
1995,54.0,26:06:32,1566,Ted,Moore,M,45.0,
1995,55.0,26:12:22,1572,Gary,Neel,M,41.0,
1995,56.0,26:18:54,1578,Tom,Morstein-Marx,M,43.0,
1995,57.0,26:24:28,1584,Errol,Jones,M,45.0,
1995,58.0,26:26:10,1586,Bjarte,Furnes,M,21.0,
1995,59.0,26:30:26,1590,Craig,Wilson,M,46.0,
1995,60.0,26:30:44,1590,Luis,Escobar,M,32.0,
1995,61.0,26:36:38,1596,Janice,Anderson,F,29.0,
1995,62.0,26:36:58,1596,Dmitry,Erikalov,M,33.0,
1995,63.0,26:37:17,1597,James,Benike,M,45.0,
1995,64.0,26:37:37,1597,Monte,Mackey,M,39.0,
1995,65.0,26:37:56,1597,Brian,Van Oene,M,40.0,
1995,66.0,26:38:33,1598,Harry,Islas,M,43.0,
1995,67.0,26:39:22,1599,Hans-Dieter,Rebstock,M,55.0,
1995,68.0,26:43:18,1603,Scott,Serpa,M,38.0,
1995,69.0,26:47:01,1607,Bill,Antholine,M,26.0,
1995,70.0,26:49:38,1609,Mike,Hamilton,M,42.0,
1995,71.0,26:52:06,1612,Karyn,Simmonds,F,35.0,
1995,72.0,26:53:08,1613,Richard,Aleshire,M,49.0,
1995,73.0,27:03:04,1623,Kristina,Irvin,F,37.0,
1995,74.0,27:03:19,1623,Chris,Batteate,M,43.0,
1995,75.0,27:11:28,1631,Wally,Hesseltine,M,51.0,
1995,76.0,27:14:10,1634,Jeff,Hagen,M,48.0,
1995,77.0,27:23:53,1643,Ronald,Gehl,M,47.0,
1995,78.0,27:24:20,1644,Gail,Bazeley,F,45.0,
1995,79.0,27:24:33,1644,Joseph,Pope,M,55.0,
1995,80.0,27:25:03,1645,Barry,Turner,M,54.0,
1995,81.0,27:30:12,1650,Arthur,Sarakas,M,48.0,
1995,82.0,27:36:23,1656,Robert,Kite,M,41.0,
1995,83.0,27:41:24,1661,Suzie,Lister,F,30.0,
1995,84.0,27:43:10,1663,Ross,Meyer,M,44.0,
1995,85.0,27:47:02,1667,Paul,Dimarco,M,41.0,
1995,86.0,27:48:20,1668,Lee,Rhodes,M,62.0,
1995,87.0,27:49:02,1669,Nancy,March,F,48.0,
1995,88.0,27:51:47,1671,Richard,Clark,M,56.0,
1995,89.0,27:52:29,1672,Jeff,Stevenson,M,49.0,
1995,90.0,27:54:10,1674,Gene,Bartzen,M,41.0,
1995,91.0,27:55:03,1675,Wolfgang,Polak,M,45.0,
1995,92.0,27:58:54,1678,Fred,Dimmick,M,38.0,
1995,93.0,27:59:00,1679,Paul,Schmidt,M,43.0,
1995,94.0,28:00:10,1680,Randy,Calvert,M,42.0,
1995,95.0,28:02:08,1682,Dieter,Walz,M,60.0,
1995,96.0,28:02:16,1682,Byron,Melendy,M,53.0,
1995,97.0,28:08:40,1688,Bob,Lehew,M,52.0,
1995,98.0,28:11:13,1691,Andy,Carrola,M,42.0,
1995,99.0,28:15:00,1695,Jean-Benoit,Jaouen,M,36.0,
1995,99.0,28:15:00,1695,Nick,Bassett,M,50.0,
1995,99.0,28:15:00,1695,Ian,Maddieson,M,52.0,
1995,102.0,28:17:23,1697,John,Cooper,M,31.0,
1995,103.0,28:21:37,1701,Barry,Fisher,M,50.0,
1995,104.0,28:28:27,1708,Don,Zimmerman,M,46.0,
1995,105.0,28:30:05,1710,Chuck,Cofer,M,44.0,
1995,106.0,28:31:44,1711,Sally,Marcellus,F,41.0,
1995,107.0,28:36:34,1716,Milan,Varga,M,50.0,
1995,108.0,28:36:48,1716,Bob,Cowdrey,M,51.0,
1995,109.0,28:37:01,1717,Burgess,Harmer,M,53.0,
1995,110.0,28:39:05,1719,Michael,Talbert,M,37.0,
1995,111.0,28:40:05,1720,Jim,Magill,M,48.0,
1995,112.0,28:40:23,1720,Dave,Covey,M,34.0,
1995,113.0,28:40:46,1720,Seth,Roberts,M,43.0,
1995,114.0,28:43:10,1723,Mary,Kleinbach,F,44.0,
1995,115.0,28:43:25,1723,Bob,Dickinson,M,40.0,
1995,116.0,28:43:34,1723,Gordy,Ainsleigh,M,48.0,
1995,117.0,28:43:37,1723,Jim,Longwith,M,49.0,
1995,118.0,28:44:11,1724,Robert,Tuller,M,31.0,
1995,119.0,28:45:23,1725,Robert,Davis,M,44.0,
1995,120.0,28:46:01,1726,Barbara,Elia,F,50.0,
1995,121.0,28:46:48,1726,Bill,Grether,M,44.0,
1995,122.0,28:49:16,1729,Greg,Power,M,44.0,
1995,123.0,28:51:20,1731,Gary,Zicker,M,43.0,
1995,124.0,28:52:36,1732,Earl,Preeper,M,38.0,
1995,125.0,28:52:41,1732,Gene,Weddle,M,51.0,
1995,126.0,28:52:46,1732,Rob,Byrne,M,37.0,
1995,127.0,28:53:06,1733,Kent,Goetz,M,34.0,
1995,127.0,28:53:06,1733,Charlie,Gabri,M,51.0,
1995,129.0,28:56:42,1736,Ross,Shilston,M,41.0,
1995,130.0,28:58:12,1738,Bill,Baldwin,M,48.0,
1995,131.0,29:00:00,1740,David,King,M,48.0,
1995,132.0,29:01:44,1741,Jill,Hughes,F,30.0,
1995,133.0,29:04:41,1744,Luther,Thompson,M,50.0,
1995,134.0,29:05:18,1745,Bob,Ulloa,M,45.0,
1995,135.0,29:05:22,1745,Jim,Rickards,M,48.0,
1995,136.0,29:07:32,1747,Bobby,Keogh,M,46.0,
1995,137.0,29:09:10,1749,Christa,Rebstock,F,52.0,
1995,138.0,29:09:20,1749,Peter,Brunn,M,41.0,
1995,139.0,29:09:30,1749,Fred,Liebes,M,49.0,
1995,140.0,29:10:48,1750,Bob,Rugo,M,41.0,
1995,141.0,29:11:18,1751,Richard,Gillespie,M,49.0,
1995,142.0,29:14:22,1754,Steve,Collins,M,46.0,
1995,143.0,29:17:59,1757,Floyd,Whiting,M,54.0,
1995,144.0,29:19:52,1759,Larry,Blattel,M,43.0,
1995,145.0,29:21:16,1761,Mike,Rossi,M,31.0,
1995,146.0,29:21:21,1761,Greg,Dines,M,38.0,
1995,147.0,29:21:43,1761,Mary,Bystedt,F,42.0,
1995,148.0,29:24:51,1764,Ron,Howard,M,43.0,
1995,149.0,29:25:55,1765,Diane,Ridgway,F,46.0,
1995,150.0,29:27:01,1767,Robert,Alnebring,M,37.0,
1995,151.0,29:29:31,1769,Russ,Melanson,M,60.0,
1995,152.0,29:29:48,1769,John,Leighton,M,50.0,
1995,153.0,29:31:13,1771,Teri,Rose,F,39.0,
1995,154.0,29:33:16,1773,Ruben,Cantu,M,52.0,
1995,155.0,29:34:12,1774,Tony,Rossmann,M,54.0,
1995,156.0,29:35:37,1775,Bob,Woodworth,M,36.0,
1995,157.0,29:36:57,1776,Charles,Brien,M,46.0,
1995,158.0,29:37:25,1777,Jim,McIntosh,M,42.0,
1995,159.0,29:38:20,1778,Mike,Price,M,45.0,
1995,160.0,29:38:38,1778,Bill,Kee,M,37.0,
1995,161.0,29:39:48,1779,Jan,Gnass,M,45.0,
1995,162.0,29:42:13,1782,Richard,Adams,M,52.0,
1995,163.0,29:42:38,1782,Audrey,Veirs,F,55.0,
1995,164.0,29:45:01,1785,Stephen,Derenzo,M,53.0,
1995,165.0,29:45:42,1785,Rick,Kelley,M,45.0,
1995,166.0,29:48:52,1788,David,Evans,M,47.0,
1995,167.0,29:53:13,1793,Wayne,Christopherson,M,46.0,
1995,168.0,29:54:08,1794,Shirley,Church,F,53.0,
1995,169.0,29:54:44,1794,Ian,Javes,M,52.0,
1995,170.0,29:56:44,1796,Sam,Bertenthal,M,36.0,
1995,171.0,30:36:09,1836,Eric,Kajiwara,M,48.0,
1995,172.0,30:46:28,1846,Dixie,Madsen,F,58.0,
1995,173.0,30:56:56,1856,Katsuyuki,Hatta,M,31.0,
1995,174.0,30:57:51,1857,Stuart,Gleman,M,50.0,
1995,175.0,31:05:08,1865,John,Mark,M,42.0,
1995,176.0,31:11:53,1871,Jim,Wholey,M,48.0,
1995,177.0,31:16:17,1876,Steven,Feller,M,40.0,
1995,178.0,31:20:02,1880,Brooks,Wade,M,50.0,
1995,179.0,31:23:52,1883,Tom,Lyons,M,29.0,
1995,180.0,31:25:33,1885,Ron,Perkins,M,55.0,
1995,181.0,31:31:59,1891,Robert,Josephs,M,40.0,
1995,182.0,31:35:03,1895,Renee,Despres,F,31.0,
1995,183.0,31:36:45,1896,Michael,Soupios,M,46.0,
1995,184.0,31:38:31,1898,Tonya,Mauldin,F,48.0,
1995,185.0,31:39:34,1899,Nicholas,Palazzo,M,48.0,
1995,186.0,31:41:06,1901,Hiromi,Hatta,F,34.0,
1995,187.0,31:44:34,1904,Frank,Slamar,M,46.0,
1995,188.0,31:45:51,1905,Ralph,Balsamo,M,48.0,
1995,189.0,31:46:06,1906,Jerry,Blinn,M,49.0,
1995,190.0,31:46:19,1906,Gary,Miller,M,57.0,
1995,191.0,31:46:38,1906,Tom,Brown,M,47.0,
1995,192.0,31:49:56,1909,John,Owensby,M,50.0,
1995,193.0,31:53:22,1913,James,Thatcher,M,46.0,
1995,194.0,31:54:09,1914,Louise,Comar,F,42.0,
1995,195.0,31:54:32,1914,Fred,Holmes,M,58.0,
1995,196.0,31:55:33,1915,Paul,Selby,M,49.0,
1995,196.0,31:55:33,1915,George,Velasco,M,41.0,
1995,198.0,31:56:32,1916,Kathy,Hamilton,F,45.0,
1996,1.0,17:42:06,1062,Tim,Twietmeyer,M,37.0,
1996,2.0,18:50:31,1130,Jerry,Wittenauer,M,37.0,
1996,3.0,18:57:36,1137,Ann,Trason,F,35.0,
1996,4.0,19:34:30,1174,Sean,Crom,M,40.0,
1996,5.0,19:45:56,1185,Bruce,Linscott,M,38.0,
1996,6.0,19:49:22,1189,Jim,Garcia,M,37.0,
1996,7.0,19:51:22,1191,Mark,Marcelli,M,37.0,
1996,8.0,20:05:10,1205,Joe,Schlereth,M,46.0,
1996,9.0,20:37:29,1237,Joe,Braninburg,M,51.0,
1996,10.0,20:38:19,1238,Mike,Topper,M,36.0,
1996,11.0,20:50:36,1250,Jeff,Hines,M,35.0,
1996,12.0,20:55:57,1255,Scott,Mills,M,45.0,
1996,13.0,21:09:51,1269,Alfred,Bogenhuber,M,56.0,
1996,14.0,21:19:02,1279,Ray,Scannell,M,46.0,
1996,15.0,21:32:56,1292,James,Ross,M,31.0,
1996,16.0,21:38:09,1298,John,Travers,M,43.0,
1996,17.0,21:38:10,1298,Chip,Merrow,M,35.0,
1996,18.0,21:38:41,1298,Mike,Pelechaty,M,41.0,
1996,19.0,21:39:10,1299,Stephen,Harris,M,42.0,
1996,20.0,21:44:35,1304,Tim,Seminoff,M,37.0,
1996,21.0,21:50:32,1310,Derrick,Carr,M,35.0,
1996,22.0,21:50:54,1310,Sherry Kae,Johns,F,41.0,
1996,23.0,21:53:39,1313,Kevin,Sawchuk,M,30.0,
1996,24.0,21:56:18,1316,Bill,Hambrick,M,41.0,
1996,25.0,22:06:50,1326,Greg,Atchley,M,29.0,
1996,26.0,22:07:26,1327,Mo,Bartley,F,41.0,
1996,27.0,22:19:29,1339,Dean,Karnazes,M,33.0,
1996,28.0,22:21:33,1341,John,Edgcomb,M,37.0,
1996,29.0,22:29:49,1349,William,Davis,M,50.0,
1996,30.0,22:31:12,1351,Glenn,Vencill,M,42.0,
1996,31.0,22:37:10,1357,Helga,Backhaus,F,43.0,
1996,32.0,22:41:22,1361,Mark,Romalia,M,37.0,
1996,33.0,22:51:04,1371,Greg,Nacco,M,36.0,
1996,34.0,22:52:30,1372,Randy,Calvert,M,43.0,
1996,35.0,22:54:38,1374,Charles,Crompton,M,48.0,
1996,36.0,22:56:14,1376,Bruce,Mace,M,37.0,
1996,36.0,22:56:14,1376,Tom,Lyons,M,30.0,
1996,38.0,22:57:37,1377,Shawn,McDonald,M,30.0,
1996,39.0,22:57:38,1377,Don,Aycock,M,44.0,
1996,39.0,22:57:38,1377,Eric,Clifton,M,38.0,
1996,39.0,22:57:38,1377,Courtney,Campbell,M,31.0,
1996,42.0,23:00:36,1380,Martin,Ackermann,M,38.0,
1996,43.0,23:08:01,1388,Clement,Grum,M,40.0,
1996,44.0,23:12:53,1392,Larry,England,M,40.0,
1996,45.0,23:13:59,1393,Bernard,Coudurier,M,44.0,
1996,46.0,23:15:06,1395,Bill,Thomas,M,39.0,
1996,47.0,23:16:15,1396,Monte,Mackey,M,40.0,
1996,48.0,23:16:23,1396,Randy,Albrecht,M,40.0,
1996,49.0,23:19:24,1399,Bill,Kee,M,38.0,
1996,50.0,23:20:57,1400,David,Kim,M,53.0,
1996,51.0,23:21:21,1401,Ty,Russell,M,46.0,
1996,52.0,23:22:53,1402,David,Flynt,M,40.0,
1996,53.0,23:23:50,1403,Daniel,Martin,M,48.0,
1996,54.0,23:24:11,1404,Jim,Scott,M,36.0,
1996,55.0,23:25:04,1405,Rob,Byrne,M,38.0,
1996,56.0,23:26:20,1406,Eric,Ianacone,M,49.0,
1996,57.0,23:27:04,1407,Sally,Booster,F,33.0,
1996,58.0,23:29:02,1409,Kevin,Mazzu,M,39.0,
1996,59.0,23:32:34,1412,Harry,Islas,M,44.0,
1996,60.0,23:41:06,1421,Dwaine,Batt,M,60.0,
1996,61.0,23:42:52,1422,Syl,Pascale,M,47.0,
1996,61.0,23:42:52,1422,Gordy,Ainsleigh,M,49.0,
1996,63.0,23:43:58,1423,Rick,Gates,M,39.0,
1996,64.0,23:44:26,1424,Robert,Meckfessel,M,37.0,
1996,65.0,23:46:55,1426,Derrick,Delong,M,24.0,
1996,66.0,23:47:56,1427,Steven,Harrold,M,49.0,
1996,67.0,23:49:24,1429,Jean-Benoit,Jaouen,M,37.0,
1996,68.0,23:50:20,1430,Joe,Winch,M,40.0,
1996,69.0,23:51:08,1431,Scott,Serpa,M,39.0,
1996,70.0,23:53:39,1433,Helen,Hull,F,37.0,
1996,71.0,23:56:04,1436,Ian,Maddieson,M,53.0,
1996,72.0,23:56:05,1436,Harold,Carling,M,62.0,
1996,73.0,23:56:06,1436,Gary,Wang,M,28.0,
1996,74.0,23:57:18,1437,Steve,Benjamin,M,41.0,
1996,75.0,23:58:59,1438,Lynn,O'Malley-Yarnall,F,45.0,
1996,76.0,24:25:11,1465,Janice,Anderson,F,30.0,
1996,77.0,24:40:47,1480,Pierre,Rolin,M,39.0,
1996,78.0,24:42:51,1482,Michael,Hernandez,M,43.0,
1996,79.0,24:43:44,1483,Denise,Ellestad,F,35.0,
1996,80.0,24:46:30,1486,James,Kerby,M,33.0,
1996,81.0,24:50:46,1490,Roger,Dellor,M,53.0,
1996,82.0,25:14:15,1514,Richard,Aleshire,M,50.0,
1996,83.0,25:16:56,1516,Charlie,Hunter,M,47.0,
1996,84.0,25:19:02,1519,Jamshid,Khajavi,M,42.0,
1996,85.0,25:19:54,1519,Nancy,March,F,49.0,
1996,86.0,25:26:41,1526,Perry,Petschar,M,42.0,
1996,87.0,25:30:39,1530,Pam,Reed,F,35.0,
1996,88.0,25:32:37,1532,Jeff,Robbins,M,44.0,
1996,89.0,25:39:57,1539,Gene,Weddle,M,52.0,
1996,90.0,25:41:44,1541,Kathy,Welch,F,43.0,
1996,91.0,25:46:10,1546,Tatsuya,Muramatsu,M,40.0,
1996,92.0,25:51:25,1551,Chip,Lee,M,41.0,
1996,93.0,25:54:20,1554,Craig,Armstrong,M,26.0,
1996,94.0,25:57:11,1557,Larry,Blattel,M,44.0,
1996,95.0,25:57:25,1557,Bob,Stavig,M,47.0,
1996,96.0,26:03:25,1563,Steve,Mahieu,M,49.0,
1996,97.0,26:10:09,1570,Gary,Ritchie,M,55.0,
1996,98.0,26:10:20,1570,Dennis,Clute,M,43.0,
1996,99.0,26:11:51,1571,Mick,Anglim,M,48.0,
1996,100.0,26:14:27,1574,Julie,Arter,F,35.0,
1996,101.0,26:15:18,1575,Raymond,Koleser,M,39.0,
1996,102.0,26:24:47,1584,Kevin,Lundy,M,41.0,
1996,102.0,26:24:47,1584,Diana,Lundy,F,42.0,
1996,104.0,26:26:31,1586,Paul,Bonnett,M,34.0,
1996,105.0,26:41:58,1601,Allan,Kaplan,M,40.0,
1996,106.0,26:42:37,1602,Leslie,Mattingly-Vitale,F,43.0,
1996,107.0,26:43:11,1603,Bob,Dickinson,M,41.0,
1996,108.0,26:44:43,1604,Ron,Cunningham,M,47.0,
1996,109.0,26:45:41,1605,Ingrid,Honzak,F,47.0,
1996,110.0,26:51:17,1611,Paul,Dimarco,M,42.0,
1996,111.0,26:54:05,1614,Byron,Melendy,M,54.0,
1996,112.0,26:59:32,1619,Fred,Liebes,M,50.0,
1996,113.0,27:08:10,1628,Michael,Palmer,M,42.0,
1996,114.0,27:09:05,1629,Barry,Turner,M,55.0,
1996,115.0,27:15:55,1635,Kap'n Kirk,Boisseree,M,38.0,
1996,116.0,27:16:20,1636,Mike,Baume,M,35.0,
1996,117.0,27:17:47,1637,Bill,Grether,M,46.0,
1996,118.0,27:17:55,1637,Bobb,Ankeney,M,43.0,
1996,119.0,27:21:10,1641,Dorsey,Moore,M,28.0,
1996,120.0,27:21:44,1641,Daniel,Heins,M,41.0,
1996,121.0,27:22:57,1642,Brent,Spilsbury,M,48.0,
1996,122.0,27:29:10,1649,Robert,Dahl,M,49.0,
1996,123.0,27:30:53,1650,Ron,Zadroga,M,56.0,
1996,124.0,27:33:57,1653,David,Goodwin,M,48.0,
1996,125.0,27:35:56,1655,Karen,Libsch,F,26.0,
1996,126.0,27:36:37,1656,Geoff,Scott,M,47.0,
1996,127.0,27:37:14,1657,Bob,Blomquist,M,44.0,
1996,128.0,27:37:21,1657,Joseph,Pope,M,56.0,
1996,129.0,27:37:58,1657,Edward,Stark,M,49.0,
1996,130.0,27:38:28,1658,Thomas,Larson,M,38.0,
1996,131.0,27:38:39,1658,Michael,Piccardo,M,45.0,
1996,132.0,27:42:42,1662,King,Jordan,M,53.0,
1996,133.0,27:44:02,1664,Brad,Buehler,M,42.0,
1996,134.0,27:44:57,1664,Stephen,Gaal,M,62.0,
1996,135.0,27:45:10,1665,David,Innes,M,48.0,
1996,136.0,27:45:54,1665,Doug,Conover,M,43.0,
1996,137.0,27:49:05,1669,Allen,Montgomery,M,57.0,
1996,138.0,27:49:08,1669,Harry,Sloan,M,47.0,
1996,139.0,27:51:10,1671,Rebecca,Hahn,F,39.0,
1996,140.0,27:51:30,1671,Dan,Curley,M,40.0,
1996,141.0,27:52:00,1672,Chuck,Frame,M,53.0,
1996,142.0,27:57:33,1677,Sandra,Israel,F,48.0,
1996,143.0,28:01:44,1681,Ben,Smith,M,33.0,
1996,144.0,28:04:04,1684,Ron,Behrmann,M,56.0,
1996,145.0,28:06:39,1686,Barry,Nelson,M,37.0,
1996,146.0,28:07:28,1687,Milan,Varga,M,51.0,
1996,147.0,28:09:10,1689,David,Penny,M,33.0,
1996,148.0,28:14:12,1694,Klaus,Schicktanz,M,44.0,
1996,149.0,28:15:03,1695,Tatsuo,Sugawara,M,32.0,
1996,150.0,28:16:04,1696,Richard,Jones,M,57.0,
1996,151.0,28:31:40,1711,Jan,Gnass,M,46.0,
1996,152.0,28:33:10,1713,Craig,Carlson,M,49.0,
1996,153.0,28:34:15,1714,Robert,Reedy,M,54.0,
1996,153.0,28:34:15,1714,Richard,Hughes,M,41.0,
1996,155.0,28:35:00,1715,Floyd,Whiting,M,55.0,
1996,156.0,28:35:28,1715,Randy,Ouellet,M,42.0,
1996,157.0,28:35:46,1715,John,Rhodes,M,48.0,
1996,157.0,28:35:46,1715,Terry,Rhodes,F,40.0,
1996,159.0,28:36:43,1716,Teresa,Krall,F,34.0,
1996,160.0,28:37:28,1717,Eb,Engelmann,M,54.0,
1996,161.0,28:40:18,1720,Jim,Magill,M,49.0,
1996,162.0,28:43:23,1723,Joanie,Mork,F,42.0,
1996,163.0,28:43:52,1723,Danny,Trudeau,M,43.0,
1996,164.0,28:44:05,1724,Dan,Whittemore,M,44.0,
1996,165.0,28:46:04,1726,Stan,Jensen,M,43.0,
1996,166.0,28:46:15,1726,John,Bradley,M,50.0,
1996,166.0,28:46:15,1726,Dennis,Tong,M,50.0,
1996,168.0,28:46:55,1726,Murray,Carpenter,M,44.0,
1996,169.0,28:47:46,1727,James,Furnish,M,53.0,
1996,170.0,28:47:57,1727,Bonnie,Arlt,F,44.0,
1996,171.0,28:48:17,1728,Dink,Taylor,M,31.0,
1996,172.0,28:48:54,1728,Barbara,Elia,F,51.0,
1996,173.0,28:49:11,1729,Michael,Wettergren,M,34.0,
1996,174.0,28:49:53,1729,John,Nagel,M,34.0,
1996,175.0,28:52:30,1732,Rc,Pruitt,M,44.0,
1996,176.0,28:53:50,1733,David,King,M,49.0,
1996,177.0,28:54:10,1734,Ron,Adams,M,47.0,
1996,178.0,28:55:58,1735,Edward,Shifflette,M,58.0,
1996,179.0,28:57:43,1737,Mark,Olson,M,49.0,
1996,180.0,28:58:37,1738,Tonya,Mauldin,F,49.0,
1996,181.0,29:04:12,1744,Margaret,Mason,F,50.0,
1996,182.0,29:06:05,1746,Beacham,Toler,M,68.0,
1996,183.0,29:11:05,1751,Shirley,Church,F,54.0,
1996,184.0,29:11:28,1751,Rob,Volkenand,M,65.0,
1996,185.0,29:11:33,1751,Gail,Bazeley,F,46.0,
1996,186.0,29:11:44,1751,Joe,Beams,M,57.0,
1996,187.0,29:11:46,1751,Marie,Boyd,F,47.0,
1996,188.0,29:12:29,1752,Michael,Kogutek,M,46.0,
1996,189.0,29:14:33,1754,William,Molleck,M,38.0,
1996,190.0,29:14:35,1754,Jeffrey,Blaker,M,36.0,
1996,191.0,29:14:57,1754,Mark,Falcone,M,39.0,
1996,192.0,29:15:37,1755,John,Seivert,M,35.0,
1996,193.0,29:16:25,1756,Denis,Zilaff,M,43.0,
1996,194.0,29:17:01,1757,Terri,Hayes,F,53.0,
1996,195.0,29:19:49,1759,Stuart,Gleman,M,51.0,
1996,196.0,29:23:42,1763,Kevin,Callaghan,M,40.0,
1996,197.0,29:25:05,1765,Roger,Kircher,M,50.0,
1996,198.0,29:28:40,1768,Bill,Purcell,M,60.0,
1996,199.0,29:28:47,1768,Mats,Ekman,M,49.0,
1996,199.0,29:28:47,1768,Katsuyuki,Hatta,M,32.0,
1996,201.0,29:28:52,1768,Lee,Jebian,M,55.0,
1996,202.0,29:29:26,1769,Paul,Akiyama,M,52.0,
1996,203.0,29:29:33,1769,Robert,Tuller,M,32.0,
1996,204.0,29:30:10,1770,Audrey,Scott,F,39.0,
1996,205.0,29:31:59,1771,Patrick,Peters,M,51.0,
1996,206.0,29:32:34,1772,Ron,Nicholl,M,53.0,
1996,207.0,29:33:48,1773,Thomas,Bieniosek,M,43.0,
1996,208.0,29:35:43,1775,Dave,Dutton,M,39.0,
1996,209.0,29:36:13,1776,Tony,Smith,M,42.0,
1996,210.0,29:36:33,1776,Bob,Marston,M,45.0,
1996,211.0,29:38:06,1778,Ben,Anella,M,51.0,
1996,212.0,29:39:52,1779,John,Gunther,M,50.0,
1996,213.0,29:40:40,1780,Larry,Jones,M,54.0,
1996,214.0,29:41:32,1781,Hiromi,Hatta,F,35.0,
1996,215.0,29:41:52,1781,Jim,Braden,M,60.0,
1996,216.0,29:42:30,1782,Gary,Waldsmith,M,55.0,
1996,217.0,29:42:42,1782,Jerry,Colletto,M,55.0,
1996,218.0,29:43:37,1783,Richard,Adams,M,53.0,
1996,219.0,29:44:44,1784,Mike,Franusich,M,43.0,
1996,220.0,29:45:52,1785,Terry,Shelden,M,55.0,
1996,221.0,29:47:54,1787,Gary,Cross,M,36.0,
1996,222.0,29:48:27,1788,Leon,Rothstein,M,39.0,
1996,223.0,29:49:54,1789,Ian,Parker,M,45.0,
1996,224.0,29:51:33,1791,Gary,Zicker,M,44.0,
1996,225.0,29:51:49,1791,Frederick,Riemer,M,48.0,
1996,226.0,29:52:57,1792,Bob,Ross,M,53.0,
1996,227.0,29:53:43,1793,Bill,Harding,M,57.0,
1997,1.0,15:40:41,940,Mike,Morton,M,25.0,
1997,2.0,17:14:00,1034,Tim,Twietmeyer,M,38.0,
1997,3.0,17:57:05,1077,Rick,Simonsen,M,35.0,
1997,4.0,18:08:41,1088,Scott,St. John,M,34.0,
1997,5.0,18:55:00,1135,Joe,Schlereth,M,47.0,
1997,6.0,19:08:32,1148,Dave,Scott,M,39.0,
1997,7.0,19:09:59,1149,Jussi,Hamalainen,M,51.0,
1997,8.0,19:19:49,1159,Ann,Trason,F,36.0,
1997,9.0,19:21:00,1161,Mike,Topper,M,37.0,
1997,10.0,19:25:46,1165,Mark,Marcelli,M,38.0,
1997,11.0,19:50:04,1190,Kevin,Rumon,M,36.0,
1997,12.0,19:51:11,1191,Kevin,Setnes,M,43.0,
1997,13.0,20:03:05,1203,Mark,Tarr,M,35.0,
1997,14.0,20:19:01,1219,Douglas,Spencer,M,38.0,
1997,15.0,20:20:38,1220,Bill,Rose,M,41.0,
1997,16.0,20:23:37,1223,Greg,Nacco,M,37.0,
1997,17.0,20:26:50,1226,Kenneth,Gregorich,M,38.0,
1997,18.0,20:29:26,1229,Richard,Spady,M,45.0,
1997,19.0,20:33:52,1233,Scott,Mills,M,46.0,
1997,20.0,20:34:35,1234,Dave,Robinson,M,35.0,
1997,21.0,20:48:44,1248,Don,Aycock,M,45.0,
1997,22.0,20:50:38,1250,Rob,Byrne,M,39.0,
1997,23.0,20:50:50,1250,Dale,Petersen,M,40.0,
1997,24.0,20:59:16,1259,Ray,Scannell,M,47.0,
1997,25.0,21:00:56,1260,Joe,Braninburg,M,53.0,
1997,26.0,21:01:43,1261,Tim,Hewitt,M,42.0,
1997,27.0,21:07:29,1267,Janice,Anderson,F,31.0,
1997,28.0,21:11:18,1271,Bernard,Coudurier,M,45.0,
1997,29.0,21:12:01,1272,Paul,Days-Merrill,M,43.0,
1997,30.0,21:13:17,1273,Vincent,Jervis,M,30.0,
1997,31.0,21:14:46,1274,John,Geesler,M,38.0,
1997,32.0,21:16:03,1276,Jim,Scott,M,37.0,
1997,33.0,21:20:11,1280,Alfred,Bogenhuber,M,57.0,
1997,34.0,21:20:39,1280,Nate,Anderson,M,39.0,
1997,35.0,21:23:39,1283,Suzie,Lister,F,32.0,
1997,36.0,21:27:00,1287,Dan,Williams,M,48.0,
1997,37.0,21:32:23,1292,John,Nagel,M,36.0,
1997,38.0,21:37:03,1297,Roy,Pirrung,M,48.0,
1997,39.0,21:39:36,1299,Mike,Pelechaty,M,42.0,
1997,40.0,21:39:49,1299,David,Horton,M,47.0,
1997,41.0,21:45:54,1305,Bryan,Hughes,M,31.0,
1997,42.0,21:59:06,1319,Sherry Kae,Johns,F,42.0,
1997,43.0,22:04:07,1324,Jon,Priest,M,35.0,
1997,44.0,22:07:16,1327,Daniel,Martin,M,49.0,
1997,45.0,22:08:50,1328,John,Cooper,M,33.0,
1997,46.0,22:09:01,1329,Mo,Bartley,F,42.0,
1997,47.0,22:11:36,1331,Charles,Thomas,M,40.0,
1997,48.0,22:13:01,1333,Gary,Neel,M,43.0,
1997,49.0,22:13:52,1333,Tim,Spence,M,41.0,
1997,50.0,22:16:01,1336,Jean-Paul,Mazaud,M,45.0,
1997,51.0,22:17:09,1337,David,Terry,M,35.0,
1997,52.0,22:17:33,1337,Scott,McKenzie,M,42.0,
1997,53.0,22:20:14,1340,Denise,Ellestad,F,36.0,
1997,54.0,22:34:25,1354,Raymond,Bailey,M,40.0,
1997,55.0,22:36:18,1356,James,Kerby,M,34.0,
1997,56.0,22:38:31,1358,Rod,Hatfull,M,37.0,
1997,57.0,22:41:05,1361,Geoff,Vaughan,M,32.0,
1997,58.0,22:44:54,1364,John-Mark,Staude,M,32.0,
1997,59.0,22:47:13,1367,Mike,Fiorito,M,30.0,
1997,60.0,22:53:18,1373,Jay,Grobeson,M,36.0,
1997,61.0,22:53:32,1373,Greg,Atchley,M,30.0,
1997,62.0,22:59:54,1379,Paul,Huddle,M,34.0,
1997,63.0,23:04:09,1384,Glenn,Vencill,M,43.0,
1997,64.0,23:06:54,1386,Martha,Swatt-Robison,F,35.0,
1997,65.0,23:08:06,1388,David,Pirogowicz,M,45.0,
1997,66.0,23:10:23,1390,Jeff,Pettigrew,M,34.0,
1997,67.0,23:11:14,1391,Mark,Godale,M,27.0,
1997,68.0,23:11:15,1391,Herb,Tanzer,M,45.0,
1997,69.0,23:18:08,1398,Chrissy,Duryea-Ferguson,F,36.0,
1997,70.0,23:19:42,1399,Jim,Garcia,M,38.0,
1997,71.0,23:19:43,1399,Alex,Garcia,M,34.0,
1997,72.0,23:20:20,1400,Gary,Henslee,M,45.0,
1997,73.0,23:21:46,1401,Roger,Dellor,M,54.0,
1997,74.0,23:22:18,1402,Willis,McCarthy,M,41.0,
1997,75.0,23:23:26,1403,Karen,King,F,40.0,
1997,76.0,23:24:00,1404,Dan,Landry,M,45.0,
1997,77.0,23:25:37,1405,Janine,Duplessis,F,42.0,
1997,78.0,23:27:06,1407,Raymond,Koleser,M,40.0,
1997,79.0,23:28:18,1408,James,Howard,M,42.0,
1997,80.0,23:28:30,1408,Pam,Reed,F,36.0,
1997,81.0,23:28:45,1408,Will,Aarsheim,M,28.0,
1997,82.0,23:29:11,1409,Ted,Moore,M,47.0,
1997,83.0,23:32:19,1412,Will,Burkhart,M,31.0,
1997,84.0,23:32:43,1412,Russ,Osman-Bravard,M,40.0,
1997,85.0,23:33:15,1413,Vince,Pedroia,M,50.0,
1997,86.0,23:34:04,1414,Bob,Kite,M,43.0,
1997,87.0,23:35:53,1415,Edward,Boggess,M,39.0,
1997,88.0,23:36:48,1416,Jamshid,Khajavi,M,44.0,
1997,89.0,23:37:48,1417,Wally,Hesseltine,M,53.0,
1997,90.0,23:38:23,1418,Danny,Westergaard,M,38.0,
1997,91.0,23:38:42,1418,Gordy,Ainsleigh,M,50.0,
1997,92.0,23:39:07,1419,Ian,Maddieson,M,54.0,
1997,93.0,23:39:53,1419,John,Quinn,M,35.0,
1997,94.0,23:41:07,1421,Geoff,Scott,M,48.0,
1997,95.0,23:42:41,1422,Steven,Harrold,M,50.0,
1997,96.0,23:43:13,1423,Eric,Ianacone,M,50.0,
1997,97.0,23:45:45,1425,Bill,Gardner,M,33.0,
1997,98.0,23:49:55,1429,David,Kamp,M,49.0,
1997,99.0,23:50:27,1430,Joseph,Marchand,M,56.0,
1997,100.0,23:50:58,1430,John,Kubica,M,27.0,
1997,101.0,23:52:11,1432,Perry,Petschar,M,43.0,
1997,102.0,23:54:46,1434,Nancy,March,F,50.0,
1997,103.0,23:55:02,1435,Arthur,Webb,M,55.0,
1997,104.0,23:55:18,1435,Scott,McCoubrey,M,34.0,
1997,105.0,23:55:21,1435,Kap'n Kirk,Boisseree,M,39.0,
1997,106.0,23:59:06,1439,William,Davis,M,51.0,
1997,107.0,24:01:36,1441,John,Trent,M,34.0,
1997,108.0,24:07:28,1447,Gary,Ritchie,M,56.0,
1997,109.0,24:11:20,1451,Larry,Castano,M,43.0,
1997,110.0,24:18:38,1458,Jeffrey,Welsh,M,42.0,
1997,111.0,24:32:50,1472,Lou,Martin,M,44.0,
1997,112.0,24:51:19,1491,David,Kim,M,54.0,
1997,113.0,24:52:09,1492,Timothy,Dwyer,M,43.0,
1997,114.0,25:05:18,1505,Roger,Dike,M,42.0,
1997,115.0,25:08:16,1508,Paul,Fick,M,40.0,
1997,116.0,25:09:23,1509,Randy,Stillman,M,47.0,
1997,117.0,25:23:51,1523,Bert,Hamson,M,47.0,
1997,118.0,25:27:58,1527,Stuart,Maxwell,M,37.0,
1997,119.0,25:28:02,1528,Lynn,O'Malley-Yarnall,F,46.0,
1997,120.0,25:31:24,1531,Tom,Waddell,M,51.0,
1997,121.0,25:53:53,1553,Joseph,Schieffer,M,46.0,
1997,122.0,25:58:07,1558,Reid,Walden,M,46.0,
1997,123.0,26:08:37,1568,Paul,Quinn,M,35.0,
1997,124.0,26:17:07,1577,Kristina,Irvin,F,39.0,
1997,125.0,26:20:50,1580,Miles,Krier,M,45.0,
1997,126.0,26:21:52,1581,Eric,Robinson,M,29.0,
1997,127.0,26:29:02,1589,Bobb,Ankeney,M,44.0,
1997,128.0,26:30:28,1590,Ken,Greenaway,M,37.0,
1997,129.0,26:36:11,1596,Steven,Burt,M,45.0,
1997,130.0,26:43:30,1603,Joseph,Pope,M,57.0,
1997,131.0,26:45:00,1605,Akabill,Molmen,M,53.0,
1997,132.0,26:45:42,1605,Tsutomu,Kajihara,M,45.0,
1997,133.0,26:49:48,1609,Harry,Sloan,M,48.0,
1997,134.0,26:53:16,1613,Michael,Palmer,M,43.0,
1997,135.0,27:03:06,1623,Robert,Develice,M,43.0,
1997,136.0,27:08:05,1628,Gail,Bazeley,F,47.0,
1997,137.0,27:08:35,1628,Lee,Fields,M,54.0,
1997,138.0,27:13:43,1633,Linda,Elam,F,51.0,
1997,139.0,27:18:29,1638,Steve,Heckert,M,37.0,
1997,140.0,27:19:25,1639,Bob,Lapanja,M,43.0,
1997,141.0,27:22:00,1642,Roger,Boak,M,48.0,
1997,142.0,27:28:26,1648,Wendell,Robison,M,45.0,
1997,143.0,27:30:49,1650,Frank,Fleetham,M,54.0,
1997,144.0,27:32:43,1652,Jonathan,Webber,M,44.0,
1997,145.0,27:34:16,1654,Frederick,Stafford,M,40.0,
1997,146.0,27:37:55,1657,Palen,Scott,M,42.0,
1997,147.0,27:40:33,1660,Tom,Rowe,M,48.0,
1997,148.0,27:43:26,1663,Jacqueline,Odre,F,29.0,
1997,149.0,27:46:15,1666,Cathy,Tibbetts,F,42.0,
1997,150.0,27:52:21,1672,Bob,Ulloa,M,47.0,
1997,151.0,27:53:29,1673,Nicholas,Palazzo,M,50.0,
1997,152.0,27:55:39,1675,Tony,McElligott,M,44.0,
1997,153.0,27:55:51,1675,Marlys,Staley,F,39.0,
1997,153.0,27:55:51,1675,Reg,Richard,M,45.0,
1997,155.0,27:58:24,1678,Loren,Fitzwater,M,42.0,
1997,156.0,27:59:19,1679,John,Miller,M,53.0,
1997,157.0,28:00:26,1680,Sarah,Lowell,F,35.0,
1997,158.0,28:00:54,1680,Gene,Weddle,M,53.0,
1997,159.0,28:01:48,1681,Ron,Behrmann,M,57.0,
1997,160.0,28:02:08,1682,Gary,Holloway,M,35.0,
1997,161.0,28:02:25,1682,Heike,Pawzik,F,33.0,
1997,162.0,28:04:45,1684,Ian,Hutcheson,M,41.0,
1997,163.0,28:07:34,1687,Keith,Golding,M,36.0,
1997,164.0,28:08:21,1688,Dan,Dempster,M,50.0,
1997,165.0,28:12:02,1692,Debra,Moore,F,44.0,
1997,165.0,28:12:02,1692,Thomas,Bennett,M,50.0,
1997,167.0,28:13:45,1693,Gayla,Johnson,F,33.0,
1997,168.0,28:13:56,1693,Michael,Lindfield,M,50.0,
1997,169.0,28:16:12,1696,Steven,Boyenger,M,27.0,
1997,169.0,28:16:12,1696,Howard,Brown,M,41.0,
1997,171.0,28:17:10,1697,Richard,Jones,M,58.0,
1997,172.0,28:17:35,1697,Paul,Akiyama,M,53.0,
1997,173.0,28:17:40,1697,Sue,Johnston,F,31.0,
1997,174.0,28:17:58,1697,Martin,Hillyer,M,59.0,
1997,175.0,28:19:39,1699,Milan,Varga,M,52.0,
1997,176.0,28:20:09,1700,Tommy,Gallagher,M,40.0,
1997,177.0,28:22:48,1702,Paul,Rork,M,50.0,
1997,178.0,28:23:34,1703,Jan,Schlueter,F,37.0,
1997,179.0,28:26:35,1706,Jason,Hodde,M,27.0,
1997,180.0,28:28:28,1708,Rich,Limacher,M,47.0,
1997,181.0,28:31:48,1711,Warren,Craddock,M,50.0,
1997,182.0,28:32:13,1712,Billy,Wise,M,40.0,
1997,183.0,28:34:48,1714,Satoshi,Ando,M,44.0,
1997,184.0,28:35:06,1715,Michael,Wettergren,M,35.0,
1997,185.0,28:37:19,1717,Raymond,Maranda,M,57.0,
1997,186.0,28:40:50,1720,James,Dempsey,M,38.0,
1997,187.0,28:41:07,1721,Bob,Eaton,M,43.0,
1997,188.0,28:41:29,1721,Shirley,Church,F,55.0,
1997,189.0,28:43:19,1723,Patrick,Peters,M,52.0,
1997,190.0,28:43:57,1723,Brigitta,Biermanski,F,48.0,
1997,191.0,28:47:55,1727,John,Medinger,M,46.0,
1997,192.0,28:49:52,1729,Thomas,Ludwig,M,30.0,
1997,193.0,28:50:05,1730,Joe,Franko,M,50.0,
1997,194.0,28:51:07,1731,Susan,Briers,F,41.0,
1997,195.0,28:51:25,1731,Frank,Probst,M,54.0,
1997,196.0,28:52:43,1732,Kevin,Cassidy,M,36.0,
1997,197.0,28:54:08,1734,Michael,Thomas,M,35.0,
1997,198.0,28:57:21,1737,Antonio,Robinson,M,29.0,
1997,199.0,28:58:36,1738,Ed,Willson,M,43.0,
1997,200.0,29:02:12,1742,Kenny,Thompson,M,50.0,
1997,201.0,29:02:28,1742,Glenn,Misono,M,43.0,
1997,202.0,29:03:15,1743,Axel,Grenner,M,55.0,
1997,203.0,29:04:38,1744,Dennis,Werth,M,55.0,
1997,204.0,29:04:51,1744,Bill,Close,M,37.0,
1997,205.0,29:06:05,1746,Clark,Bunton,M,53.0,
1997,206.0,29:06:09,1746,Duncan,Orr,M,46.0,
1997,207.0,29:07:37,1747,Richard,Hughes,M,42.0,
1997,208.0,29:08:15,1748,Barbara,Elia,F,52.0,
1997,209.0,29:08:51,1748,Beacham,Toler,M,69.0,
1997,210.0,29:09:46,1749,Michael,Owen,M,31.0,
1997,210.0,29:09:46,1749,James,Owen,M,33.0,
1997,212.0,29:10:24,1750,Bill,Roehr,M,52.0,
1997,213.0,29:10:51,1750,Burgess,Harmer,M,55.0,
1997,214.0,29:12:04,1752,Casey,Ruud,M,41.0,
1997,215.0,29:13:18,1753,Terry,Rhodes,F,41.0,
1997,215.0,29:13:18,1753,John,Rhodes,M,49.0,
1997,217.0,29:15:07,1755,Linda,Parr,F,46.0,
1997,218.0,29:15:32,1755,Mark,Williams,M,44.0,
1997,219.0,29:16:16,1756,Nigel,Robinson,M,37.0,
1997,220.0,29:16:49,1756,Bob,Marston,M,46.0,
1997,221.0,29:17:07,1757,Tony,Jankowski,M,44.0,
1997,222.0,29:17:43,1757,Rena,Lantz,F,36.0,
1997,223.0,29:18:07,1758,Taylor,Liu,M,27.0,
1997,224.0,29:18:44,1758,Jim,Magill,M,50.0,
1997,225.0,29:18:49,1758,Marie,Gonzales,F,36.0,
1997,226.0,29:19:37,1759,Jimmy,Davis,M,58.0,
1997,227.0,29:19:43,1759,Kevin,Callaghan,M,41.0,
1997,228.0,29:21:10,1761,Lorraine,Bunk,F,56.0,
1997,229.0,29:22:27,1762,Richard,Shear,M,48.0,
1997,230.0,29:24:50,1764,Brick,Robbins,M,38.0,
1997,231.0,29:28:15,1768,Austin,Royle,M,57.0,
1997,232.0,29:28:39,1768,Richard,Beam,M,48.0,
1997,233.0,29:29:03,1769,Bob,Ross,M,54.0,
1997,234.0,29:29:06,1769,Mark,Buescher,M,38.0,
1997,235.0,29:29:58,1769,John,Little,M,55.0,
1997,236.0,29:31:16,1771,Melis,White,F,30.0,
1997,237.0,29:32:10,1772,Karsten,Solheim,M,60.0,
1997,238.0,29:32:34,1772,Bill,Sublett,M,39.0,
1997,239.0,29:32:46,1772,Debbie,Moss,F,42.0,
1997,240.0,29:32:51,1772,Douglas,Scott,M,44.0,
1997,241.0,29:34:12,1774,Ian,Parker,M,46.0,
1997,242.0,29:37:37,1777,Les,Martisko,M,53.0,
1997,243.0,29:37:45,1777,Tom,Weigt,M,45.0,
1997,244.0,29:37:51,1777,Ray,Krolewicz,M,41.0,
1997,245.0,29:38:52,1778,Bonnelle,Murphy,F,49.0,
1997,245.0,29:38:52,1778,George,Velasco,M,44.0,
1997,247.0,29:41:55,1781,David,Timmer,M,49.0,
1997,248.0,29:42:40,1782,Charles,Lawler,M,50.0,
1997,249.0,29:45:10,1785,Ephraim,Romesberg,M,66.0,
1997,250.0,29:46:22,1786,Kenneth,Mick,M,38.0,
1997,251.0,29:47:44,1787,Bozena,Maslanka,F,30.0,
1997,252.0,29:48:35,1788,Paul,Selby,M,51.0,
1997,253.0,29:49:16,1789,Steve,Cackley,M,50.0,
1997,254.0,29:51:28,1791,Katie,Lyonsmith,F,30.0,
1997,255.0,29:54:59,1794,Ron,Vertrees,M,59.0,
1997,256.0,29:55:59,1795,Famida,Hanif-Weddle,F,43.0,
1997,257.0,29:56:37,1796,Joe,Dana,M,61.0,
1998,1.0,17:51:20,1071,Tim,Twietmeyer,M,39.0,
1998,2.0,18:17:08,1097,Rick,Simonsen,M,37.0,
1998,3.0,18:44:33,1124,Tom,Nielsen,M,38.0,
1998,4.0,18:46:16,1126,Ann,Trason,F,37.0,
1998,5.0,18:53:48,1133,Carl,Andersen,M,37.0,
1998,6.0,18:57:00,1137,Bryan,Hacker,M,35.0,
1998,7.0,19:05:14,1145,Dave,Scott,M,40.0,
1998,8.0,19:34:07,1174,Kevin,Rumon,M,37.0,
1998,9.0,19:46:32,1186,Dan,Barger,M,32.0,
1998,10.0,19:53:58,1193,Stephen,Szydlik,M,31.0,
1998,11.0,20:09:47,1209,Mike,Topper,M,38.0,
1998,12.0,20:22:06,1222,Brian,Purcell,M,42.0,
1998,13.0,20:44:07,1244,Joe,Schlereth,M,48.0,
1998,14.0,20:53:34,1253,Helene,Diamantides,F,33.0,
1998,15.0,21:07:43,1267,Mike,Pelechaty,M,49.0,
1998,16.0,21:13:14,1273,Joe,Kulak,M,30.0,
1998,17.0,21:14:59,1274,Joe,Braninburg,M,54.0,
1998,18.0,21:18:41,1278,Ferg,Hawke,M,40.0,
1998,19.0,21:31:10,1291,Derrick,Carr,M,37.0,
1998,20.0,21:31:55,1291,Jim,Scott,M,38.0,
1998,21.0,21:35:30,1295,Hartmut,Franck,M,32.0,
1998,22.0,21:51:01,1311,Rob,Lang,M,42.0,
1998,23.0,21:58:58,1318,Jussi,Hamalainen,M,52.0,
1998,24.0,22:04:02,1324,Geoff,Vaughan,M,33.0,
1998,25.0,22:04:58,1324,Dean,Karnazes,M,35.0,
1998,26.0,22:11:01,1331,Rae,Clark,M,46.0,
1998,27.0,22:18:24,1338,John,Edgcomb,M,39.0,
1998,28.0,22:19:59,1339,James,Nelson,M,37.0,
1998,29.0,22:25:42,1345,Bruce,Labelle,M,42.0,
1998,30.0,22:27:04,1347,Allen,Boyce,M,47.0,
1998,31.0,22:35:57,1355,Kenneth,Gregorich,M,39.0,
1998,32.0,22:40:11,1360,James,Dempsey,M,39.0,
1998,33.0,22:40:36,1360,Ian,Torrence,M,25.0,
1998,34.0,22:46:10,1366,Janice,Anderson,F,32.0,
1998,35.0,23:07:16,1387,Luanne,Park,F,37.0,
1998,36.0,23:10:44,1390,Greg,Nacco,M,38.0,
1998,37.0,23:10:53,1390,Glenn,Vencill,M,44.0,
1998,38.0,23:11:45,1391,Bob,Pearson,M,42.0,
1998,39.0,23:14:56,1394,John,Cooper,M,34.0,
1998,40.0,23:20:51,1400,Curtis,Ringstad,M,46.0,
1998,41.0,23:23:17,1403,Scott,Gordon,M,36.0,
1998,42.0,23:25:27,1405,Helga,Backhaus,F,45.0,
1998,43.0,23:27:29,1407,Jim,Vernon,M,34.0,
1998,44.0,23:28:05,1408,Scott,Eppelman,M,31.0,
1998,45.0,23:28:31,1408,Ray,Scannell,M,48.0,
1998,46.0,23:28:40,1408,Rob,Byrne,M,40.0,
1998,47.0,23:31:38,1411,Louis,Paciello,M,32.0,
1998,48.0,23:31:49,1411,Todd,Holmes,M,42.0,
1998,49.0,23:33:24,1413,Will,Aarsheim,M,29.0,
1998,50.0,23:35:26,1415,Tony,Treanor,M,46.0,
1998,51.0,23:36:14,1416,Ryan,Manning,M,26.0,
1998,52.0,23:37:19,1417,William,Ramsey,M,45.0,
1998,53.0,23:37:27,1417,Gary,Wang,M,30.0,
1998,54.0,23:40:02,1420,Jay,Grobeson,M,37.0,
1998,55.0,23:40:24,1420,Nick,Bassett,M,53.0,
1998,56.0,23:42:32,1422,William,Davis,M,52.0,
1998,57.0,23:42:40,1422,Topher,Gaylord,M,28.0,
1998,58.0,23:44:26,1424,Mick,Anglim,M,50.0,
1998,59.0,23:45:03,1425,David,Kim,M,55.0,
1998,60.0,23:45:20,1425,Suzie,Lister,F,33.0,
1998,61.0,23:49:12,1429,Larry,Halford,M,47.0,
1998,62.0,23:54:59,1434,David,Kamp,M,50.0,
1998,63.0,24:00:35,1440,June,Gessner,F,45.0,
1998,64.0,24:01:30,1441,Tim,Spence,M,42.0,
1998,65.0,24:19:21,1459,Karen,King,F,41.0,
1998,66.0,24:47:09,1487,Michael,Mitchell,M,39.0,
1998,67.0,24:57:47,1497,Eric,Ianacone,M,51.0,
1998,68.0,25:13:31,1513,Sook,Gumpel,F,45.0,
1998,69.0,25:23:45,1523,Chris,Fanning,M,44.0,
1998,70.0,25:27:22,1527,Thomas,Green,M,47.0,
1998,71.0,25:29:37,1529,Jeff,Berino,M,40.0,
1998,72.0,25:30:45,1530,John,Mark,M,45.0,
1998,73.0,25:30:46,1530,Errol,Jones,M,48.0,
1998,74.0,25:34:15,1534,Steve,Benjamin,M,43.0,
1998,75.0,25:38:55,1538,Larry,England,M,43.0,
1998,76.0,25:44:53,1544,Steve,Heckert,M,38.0,
1998,77.0,25:46:00,1546,David,Williams,M,44.0,
1998,78.0,25:46:42,1546,Thomas,Winter,M,49.0,
1998,79.0,25:49:18,1549,Linda,Lee,F,42.0,
1998,80.0,26:00:18,1560,Jean-Paul,Mazaud,M,46.0,
1998,81.0,26:04:56,1564,Greg,Power,M,47.0,
1998,82.0,26:10:03,1570,Pam,Reed,F,37.0,
1998,83.0,26:11:41,1571,Michael,Lavelle,M,42.0,
1998,84.0,26:12:04,1572,Clem,Lacava,M,49.0,
1998,85.0,26:12:23,1572,Vince,Pedroia,M,51.0,
1998,86.0,26:15:54,1575,Mike,Marks,M,36.0,
1998,87.0,26:17:10,1577,Neil,Hewitt,M,37.0,
1998,88.0,26:24:14,1584,Gordon,Hardman,M,47.0,
1998,88.0,26:24:14,1584,Tom,Knutson,M,47.0,
1998,90.0,26:24:15,1584,Jamshid,Khajavi,M,45.0,
1998,91.0,26:26:11,1586,Michael,Christiansen,M,34.0,
1998,92.0,26:29:03,1589,Dennis,Fugate,M,46.0,
1998,93.0,26:29:58,1589,Todd,Heady,M,29.0,
1998,94.0,26:33:00,1593,Jack,McBroom,M,41.0,
1998,95.0,26:34:50,1594,John,Wagner,M,49.0,
1998,96.0,26:36:34,1596,Luc,Dumont-Saint-Priest,M,33.0,
1998,97.0,26:44:26,1604,Laura,Yasso,F,38.0,
1998,98.0,26:47:18,1607,Rollin,Stanton,M,49.0,
1998,99.0,26:51:37,1611,Janine,Duplessis,F,43.0,
1998,100.0,26:52:25,1612,Jeff,Pettigrew,M,35.0,
1998,101.0,26:56:21,1616,Hollis,Lenderking,M,48.0,
1998,102.0,26:58:48,1618,Tom,Sloan,M,50.0,
1998,103.0,26:59:58,1619,Lee,McKinley,M,36.0,
1998,104.0,27:02:13,1622,Fred,McNairy,M,43.0,
1998,105.0,27:02:52,1622,Steve,Collins,M,49.0,
1998,106.0,27:05:02,1625,Urs,Haenni,M,35.0,
1998,107.0,27:06:00,1626,Earl,Preeper,M,41.0,
1998,108.0,27:06:58,1626,Frank,Shuman,M,39.0,
1998,109.0,27:09:35,1629,Brian,Van Oene,M,43.0,
1998,110.0,27:10:15,1630,Bob,Stavig,M,49.0,
1998,111.0,27:17:27,1637,David,Brink,M,50.0,
1998,112.0,27:17:48,1637,Kathy,Faulkner,F,23.0,
1998,112.0,27:17:48,1637,Robert,Youngren,M,24.0,
1998,114.0,27:19:25,1639,Chuck,Honeycutt,M,50.0,
1998,115.0,27:23:43,1643,Steven,Elliott,M,44.0,
1998,116.0,27:25:47,1645,Elizabeth,Sotoodeh,F,40.0,
1998,117.0,27:27:50,1647,Jeff,Buck,M,40.0,
1998,118.0,27:29:36,1649,Luis,Escobar,M,35.0,
1998,119.0,27:32:18,1652,Christine,Flaherty,F,45.0,
1998,120.0,27:36:38,1656,David,Emmons,M,40.0,
1998,121.0,27:37:24,1657,Eric,Hodges,M,48.0,
1998,122.0,27:38:22,1658,Wayne,Knowles,M,35.0,
1998,123.0,27:41:44,1661,Dave,Covey,M,37.0,
1998,124.0,27:44:11,1664,Kevin,Sayers,M,39.0,
1998,125.0,27:44:40,1664,Kristina,Irvin,F,40.0,
1998,126.0,27:45:30,1665,Tyler,Curiel,M,41.0,
1998,127.0,27:46:44,1666,Julie,Arter,F,37.0,
1998,128.0,27:48:22,1668,John,Berard,M,35.0,
1998,129.0,27:54:31,1674,Michael,Suter,M,50.0,
1998,130.0,27:54:44,1674,James,Howard,M,43.0,
1998,131.0,27:55:26,1675,Gayla,Johnson,F,34.0,
1998,132.0,27:56:18,1676,Dave,Whitehead,M,50.0,
1998,133.0,27:56:38,1676,Ronald,Gehl,M,50.0,
1998,134.0,27:57:35,1677,Gerard,Segui,M,44.0,
1998,135.0,27:58:07,1678,Lynn,O'Malley-Yarnall,F,47.0,
1998,136.0,27:58:48,1678,Harry,Sloan,M,49.0,
1998,137.0,28:02:07,1682,Lon,Monroe,M,51.0,
1998,138.0,28:05:01,1685,Mark,Adams,M,35.0,
1998,139.0,28:08:11,1688,Joe,Galope,M,29.0,
1998,140.0,28:09:24,1689,Ray,Piva,M,71.0,
1998,141.0,28:09:48,1689,Tom,Morstein-Marx,M,46.0,
1998,142.0,28:13:04,1693,Doug,Farkas,M,36.0,
1998,143.0,28:17:40,1697,Thomas,Windsperger,M,50.0,
1998,144.0,28:17:56,1697,Taylor,Liu,M,28.0,
1998,145.0,28:18:31,1698,Dennis,Fesler,M,49.0,
1998,146.0,28:20:21,1700,Bob,Dickinson,M,43.0,
1998,147.0,28:21:27,1701,Tammy,Hunter,F,35.0,
1998,148.0,28:22:34,1702,Doug,Bailey,M,46.0,
1998,149.0,28:22:52,1702,Todd,White,M,34.0,
1998,150.0,28:23:14,1703,Robert,Montuori,M,41.0,
1998,151.0,28:24:28,1704,Nicholas,Palazzo,M,51.0,
1998,152.0,28:27:34,1707,Scott,Rafferty,M,42.0,
1998,153.0,28:27:49,1707,Barry,Fisher,M,53.0,
1998,154.0,28:33:30,1713,Charles,Jones,M,54.0,
1998,155.0,28:35:19,1715,Bill,Close,M,38.0,
1998,156.0,28:35:20,1715,Dennis,Clute,M,45.0,
1998,157.0,28:39:38,1719,Lorraine,Lavelle,F,47.0,
1998,158.0,28:40:13,1720,Michael,Davenport,M,39.0,
1998,159.0,28:41:28,1721,Paul,Schmidt,M,46.0,
1998,160.0,28:43:27,1723,Bill,Andrews,M,46.0,
1998,161.0,28:44:06,1724,Kathy,Welch,F,45.0,
1998,162.0,28:44:37,1724,Jeanine,Carlson,F,44.0,
1998,163.0,28:47:51,1727,Rodney,Gray,M,39.0,
1998,164.0,28:48:09,1728,Richard,Szekeresh,M,37.0,
1998,165.0,28:48:54,1728,Gary,Zicker,M,46.0,
1998,166.0,28:51:12,1731,Richard,Shear,M,48.0,
1998,167.0,28:52:13,1732,Earl,Looney,M,50.0,
1998,168.0,28:55:36,1735,Ronni,Wilde,F,37.0,
1998,169.0,28:55:37,1735,Clement,Choy,M,50.0,
1998,170.0,28:56:44,1736,Michael,Loney,M,27.0,
1998,171.0,28:56:51,1736,Fred,Pilon,M,52.0,
1998,172.0,28:56:55,1736,Holly,Neault-Zinzow,F,37.0,
1998,173.0,28:57:20,1737,Peter,Penland,M,42.0,
1998,174.0,28:58:23,1738,Cindy,Howes,F,41.0,
1998,175.0,29:00:47,1740,Ross,Meyer,M,47.0,
1998,176.0,29:01:19,1741,Michael,Devlin,M,54.0,
1998,177.0,29:02:14,1742,Shirley,Church,F,56.0,
1998,178.0,29:02:34,1742,Barbara,Elia,F,53.0,
1998,179.0,29:04:36,1744,Bob,Longwell,M,59.0,
1998,180.0,29:07:51,1747,Rick,Kelley,M,48.0,
1998,181.0,29:08:45,1748,Jerry,Bloom,M,45.0,
1998,182.0,29:13:07,1753,Shelly,Wunsch,F,34.0,
1998,182.0,29:13:07,1753,Andy,Wunsch,M,30.0,
1998,184.0,29:13:36,1753,Ron,Howard,M,46.0,
1998,185.0,29:13:48,1753,Gordy,Ainsleigh,M,51.0,
1998,185.0,29:13:48,1753,Dorothy,Helling,F,48.0,
1998,187.0,29:16:42,1756,Richard,Adams,M,55.0,
1998,187.0,29:16:42,1756,Richard,Fisher,M,49.0,
1998,189.0,29:19:12,1759,Debbie,Moss,F,43.0,
1998,190.0,29:21:14,1761,Fernand,Michaud,M,55.0,
1998,191.0,29:21:59,1761,Allan,Kaplan,M,42.0,
1998,192.0,29:22:04,1762,Stephen,Simmons,M,32.0,
1998,193.0,29:23:37,1763,James,Hinkley,M,39.0,
1998,194.0,29:24:25,1764,Peter,Brunn,M,44.0,
1998,195.0,29:27:08,1767,Mike,Wilbanks,M,43.0,
1998,196.0,29:28:39,1768,George,Durr,M,52.0,
1998,197.0,29:29:39,1769,Edward,Jimenez,M,31.0,
1998,198.0,29:30:27,1770,Rena,Lantz,F,37.0,
1998,199.0,29:33:17,1773,Bob,Ross,M,55.0,
1998,200.0,29:33:56,1773,Ray,Yokoi,M,28.0,
1998,201.0,29:34:11,1774,Mike,Simone,M,31.0,
1998,202.0,29:34:20,1774,Dale,Fambrini,M,61.0,
1998,203.0,29:36:02,1776,Todd,Scholl,M,39.0,
1998,204.0,29:36:26,1776,Terry,Schneider,F,37.0,
1998,205.0,29:36:46,1776,Dennis,Werth,M,56.0,
1998,206.0,29:36:59,1776,Blake,Norwood,M,51.0,
1998,207.0,29:37:56,1777,Paul,Dimarco,M,45.0,
1998,208.0,29:39:41,1779,Kyle,Conley,M,29.0,
1998,209.0,29:39:43,1779,Richard,Opsahl,M,66.0,
1998,210.0,29:40:10,1780,Joe,Prusaitis,M,43.0,
1998,211.0,29:40:46,1780,Vicki,Blais,F,41.0,
1998,212.0,29:40:50,1780,Pj,Salmonson,F,51.0,
1998,213.0,29:42:11,1782,Diane,Eastman,F,56.0,
1998,214.0,29:43:00,1783,Will,Uher,M,52.0,
1998,215.0,29:43:30,1783,Brigitta,Biermanski,F,49.0,
1998,216.0,29:45:50,1785,Gene,Weddle,M,54.0,
1998,217.0,29:49:52,1789,Alan,Cohn,M,43.0,
1998,218.0,29:49:53,1789,Peyton,Robinson,M,38.0,
1998,219.0,29:50:34,1790,Ken,Crouse,M,42.0,
1998,220.0,29:52:55,1792,Karsten,Solheim,M,61.0,
1998,221.0,29:55:26,1795,Jeff,Washburn,M,48.0,
1998,222.0,29:59:00,1799,Mark,Wood,M,42.0,
1998,223.0,30:01:26,1801,Mike,Hamilton,M,45.0,
1998,224.0,30:02:51,1802,Terry,Rhodes,F,42.0,
1998,225.0,30:10:46,1810,Stan,Jensen,M,45.0,
1998,226.0,30:12:56,1812,Ann,Grove,F,57.0,
1998,227.0,30:29:40,1829,David,Harris,M,44.0,
1998,228.0,30:33:51,1833,Dave,Durflinger,M,42.0,
1998,229.0,30:38:32,1838,Linda,McFadden,F,35.0,
1998,230.0,30:39:34,1839,Renda,Gail,F,44.0,
1998,231.0,30:46:59,1846,Ralph,Argenal,M,45.0,
1998,232.0,30:50:41,1850,Don,Adolf,M,61.0,
1998,233.0,30:54:49,1854,Burgess,Harmer,M,56.0,
1998,234.0,30:55:40,1855,Kathleen,Hoffman,F,29.0,
1998,235.0,31:02:17,1862,Michael,Whitemiller,M,36.0,
1998,236.0,31:11:20,1871,Cindie,McKenna,F,48.0,
1998,237.0,31:14:16,1874,Robert,Adjemian,M,51.0,
1998,238.0,31:15:39,1875,James,Gilford,M,41.0,
1998,239.0,31:19:46,1879,Link,Lindquist,M,70.0,
1998,240.0,31:22:34,1882,Joan,Scannell,F,52.0,
1998,241.0,31:23:43,1883,Bob,Givens,M,54.0,
1998,242.0,31:25:33,1885,Pat,Shannon,M,46.0,
1998,243.0,31:27:21,1887,Tina,Scalise,F,43.0,
1998,244.0,31:27:53,1887,Damon,Collier,M,32.0,
1998,245.0,31:28:19,1888,Richard,Bartel,M,53.0,
1998,246.0,31:29:52,1889,Lois,Bettini,F,36.0,
1998,247.0,31:35:23,1895,Dennis,Scott,M,50.0,
1998,248.0,31:36:08,1896,Robert,Josephs,M,43.0,
1998,249.0,31:36:52,1896,Michael,Short,M,39.0,
1998,250.0,31:37:38,1897,Dixie,Madsen,F,61.0,
1998,251.0,31:42:52,1902,Roger,Kircher,M,52.0,
1998,252.0,31:44:30,1904,Beacham,Toler,M,70.0,
1998,252.0,31:44:30,1904,Terry,Shelden,M,57.0,
1998,254.0,31:48:09,1908,Charm,Schumaker-Secrest,F,43.0,
1998,255.0,31:51:28,1911,Michael,Palmer,M,44.0,
1998,256.0,31:51:49,1911,Judy,Novobielski-Muhs,F,43.0,
1998,257.0,31:53:57,1913,Matt,Mahoney,M,42.0,
1998,258.0,31:56:21,1916,Dennis,Curley,M,41.0,
1999,1.0,17:34:22,1054,Scott,Jurek,M,25.0,
1999,2.0,18:01:50,1081,Tim,Twietmeyer,M,40.0,
1999,3.0,18:30:19,1110,Tom,Nielsen,M,39.0,
1999,4.0,18:30:49,1110,Rick,Simonsen,M,38.0,
1999,5.0,19:05:22,1145,David,Terry,M,37.0,
1999,6.0,19:16:23,1156,Steve,Peterson,M,36.0,
1999,7.0,19:24:27,1164,Kevin,Sawchuk,M,33.0,
1999,8.0,19:28:05,1168,Mike,Topper,M,39.0,
1999,9.0,19:32:58,1172,Kevin,Rumon,M,38.0,
1999,10.0,19:45:13,1185,Mark,McDermott,M,40.0,
1999,11.0,20:13:54,1213,Jim,Scott,M,39.0,
1999,12.0,20:35:09,1235,Al,Val Verde,M,41.0,
1999,13.0,20:44:07,1244,Werner,Schweizer,M,60.0,
1999,14.0,20:54:53,1254,Edward,Boggess,M,41.0,
1999,15.0,20:54:55,1254,Joe,Schlereth,M,49.0,
1999,16.0,20:55:29,1255,Dean,Karnazes,M,36.0,
1999,17.0,21:09:01,1269,Tom,Lyons,M,33.0,
1999,18.0,21:10:50,1270,John,Nagel,M,38.0,
1999,19.0,21:10:51,1270,Mark,Williams,M,33.0,
1999,20.0,21:17:13,1277,Mike,Pelechaty,M,44.0,
1999,21.0,21:23:39,1283,Suzanne,Brana,F,41.0,
1999,22.0,21:26:50,1286,Barry,Lewis,M,40.0,
1999,23.0,21:29:33,1289,Jussi,Hamalainen,M,53.0,
1999,24.0,21:44:40,1304,Dan,Williams,M,50.0,
1999,25.0,21:46:56,1306,Bill,Hambrick,M,45.0,
1999,26.0,21:53:45,1313,Roger,Dellor,M,56.0,
1999,27.0,21:56:40,1316,Kenneth,Gregorich,M,40.0,
1999,28.0,21:58:27,1318,Shari,Bashaw,F,37.0,
1999,29.0,22:04:13,1324,Luanne,Park,F,38.0,
1999,30.0,22:13:33,1333,Gary,Wang,M,31.0,
1999,31.0,22:20:17,1340,Fredrick,Brooks,M,46.0,
1999,32.0,22:24:27,1344,Dave,Scott,M,41.0,
1999,33.0,22:26:10,1346,Greg,Nacco,M,39.0,
1999,34.0,22:33:31,1353,Tim,Spence,M,43.0,
1999,35.0,22:39:03,1359,Mark,Engemann,M,39.0,
1999,36.0,22:41:09,1361,Helga,Backhaus,F,46.0,
1999,37.0,22:42:31,1362,Rob,Byrne,M,41.0,
1999,38.0,22:53:12,1373,Lee,McKinley,M,37.0,
1999,39.0,22:54:02,1374,Chris,Clarke,M,42.0,
1999,40.0,23:02:22,1382,Michael,Vieyra,M,45.0,
1999,41.0,23:07:32,1387,Charles,Crompton,M,51.0,
1999,42.0,23:10:40,1390,Amanda,McIntosh,F,34.0,
1999,43.0,23:12:10,1392,David,Williams,M,45.0,
1999,44.0,23:14:07,1394,Emma,Davies,F,35.0,
1999,45.0,23:14:44,1394,Daniel,Martin,M,51.0,
1999,46.0,23:21:19,1401,Rob,McNair,M,45.0,
1999,47.0,23:23:07,1403,Chuck,Jones,M,40.0,
1999,48.0,23:25:38,1405,Rena,Lantz,F,38.0,
1999,49.0,23:25:56,1405,Douglas,Wisoff,M,50.0,
1999,50.0,23:28:16,1408,Bogdan,Ambrozewicz,M,45.0,
1999,51.0,23:29:12,1409,Ray,Scannell,M,49.0,
1999,51.0,23:29:12,1409,William,Davis,M,53.0,
1999,53.0,23:30:31,1410,Larry,England,M,43.0,
1999,54.0,23:31:21,1411,Denis,Trafecanty,M,56.0,
1999,55.0,23:33:41,1413,Eric,Nichol,M,33.0,
1999,56.0,23:35:30,1415,Jeff,Huff,M,38.0,
1999,57.0,23:35:38,1415,Laura,Yasso,F,39.0,
1999,58.0,23:36:04,1416,David,Kamp,M,51.0,
1999,59.0,23:39:14,1419,Akabill,Molmen,M,55.0,
1999,60.0,23:39:55,1419,June,Gessner,F,46.0,
1999,61.0,23:40:00,1420,David,Kim,M,56.0,
1999,62.0,23:42:48,1422,Mark,Godale,M,29.0,
1999,63.0,23:43:49,1423,Paul,McClintock,M,33.0,
1999,64.0,23:48:08,1428,Mike,Finkel,M,30.0,
1999,65.0,23:49:34,1429,Don,Aycock,M,47.0,
1999,66.0,23:52:00,1432,Paul,Bonnett,M,37.0,
1999,67.0,23:53:12,1433,Edwin,Roth,M,45.0,
1999,68.0,23:56:47,1436,Michael,Christiansen,M,35.0,
1999,69.0,23:56:53,1436,Wally,Hesseltine,M,55.0,
1999,70.0,23:57:35,1437,Michael,Soltesz,M,42.0,
1999,71.0,23:58:45,1438,Wendy,Ackermann,F,33.0,
1999,72.0,23:58:48,1438,Jeff,Hagen,M,52.0,
1999,73.0,24:01:07,1441,Suzie,Lister,F,34.0,
1999,74.0,24:03:28,1443,Jim,Vernon,M,34.0,
1999,75.0,24:16:47,1456,Gordy,Ainsleigh,M,52.0,
1999,76.0,24:18:56,1458,Steve,Heckert,M,39.0,
1999,77.0,24:27:43,1467,David,Capron,M,53.0,
1999,78.0,24:46:54,1486,Erol,Ackdoe,M,32.0,
1999,79.0,24:50:16,1490,Nick,Bassett,M,54.0,
1999,80.0,24:52:14,1492,Vince,Pedroia,M,52.0,
1999,81.0,24:56:21,1496,Gayla,Johnson,F,35.0,
1999,82.0,25:19:05,1519,Dave,Covey,M,38.0,
1999,83.0,25:21:50,1521,Jennifer,Pfeifer,F,27.0,
1999,84.0,25:25:44,1525,Greg,Atchley,M,32.0,
1999,85.0,25:38:27,1538,Eric,Ianacone,M,52.0,
1999,86.0,25:38:35,1538,Jamshid,Khajavi,M,46.0,
1999,87.0,25:42:45,1542,John,Stewart,M,53.0,
1999,88.0,25:51:47,1551,Greg,Power,M,48.0,
1999,89.0,25:56:37,1556,Sena,Hoodman,F,41.0,
1999,90.0,25:58:59,1558,Eric,Hodges,M,50.0,
1999,91.0,26:00:08,1560,Richard,Travis,M,44.0,
1999,92.0,26:04:31,1564,Tom,O'Connell,M,48.0,
1999,93.0,26:13:34,1573,Steve,Kapp,M,36.0,
1999,94.0,26:22:40,1582,Janine,Duplessis,F,44.0,
1999,95.0,26:23:52,1583,Jeffrey,Reifers,M,36.0,
1999,96.0,26:33:35,1593,Wayne,Kocher,M,61.0,
1999,97.0,26:35:41,1595,Tom,Bunk,M,57.0,
1999,98.0,26:35:50,1595,Tatsuya,Muramatsu,M,42.0,
1999,99.0,26:36:45,1596,Roger,Weingaertner,M,51.0,
1999,100.0,26:44:13,1604,Richard,Hayes,M,48.0,
1999,101.0,26:47:04,1607,Benjamin,Clark,M,41.0,
1999,102.0,26:47:29,1607,Tom,Knutson,M,48.0,
1999,103.0,26:50:39,1610,Anong,Pustow,F,36.0,
1999,104.0,26:56:07,1616,Jean-Paul,Mazaud,M,47.0,
1999,105.0,26:57:33,1617,Gregory,Talbott,M,45.0,
1999,106.0,26:58:17,1618,Larry,Ridgeway,M,54.0,
1999,107.0,26:58:36,1618,Russ,Osman-Bravard,M,42.0,
1999,108.0,26:59:15,1619,Stan,Jensen,M,46.0,
1999,109.0,27:08:46,1628,Karl,Jensen,M,49.0,
1999,110.0,27:09:53,1629,Diane,McEvoy,F,45.0,
1999,111.0,27:14:08,1634,Wayne,Vereb,M,49.0,
1999,112.0,27:15:02,1635,Bobby,Keogh,M,50.0,
1999,113.0,27:15:05,1635,Joe,Braninburg,M,55.0,
1999,114.0,27:17:17,1637,Hans-Dieter,Weisshaar,M,59.0,
1999,115.0,27:19:29,1639,John,Reich,M,30.0,
1999,116.0,27:23:16,1643,Yitzhak,Gilon,M,49.0,
1999,117.0,27:25:23,1645,Dieter,Walz,M,64.0,
1999,118.0,27:25:34,1645,Ron,Barrett,M,47.0,
1999,119.0,27:27:09,1647,Jim,Magill,M,52.0,
1999,120.0,27:28:21,1648,Janice,Levet,F,48.0,
1999,121.0,27:28:27,1648,Steve,Amarillo,M,36.0,
1999,122.0,27:29:55,1649,Barry,Fisher,M,54.0,
1999,123.0,27:30:11,1650,Jim,Blanchard,M,49.0,
1999,124.0,27:31:34,1651,Harry,Sloan,M,50.0,
1999,125.0,27:34:06,1654,Ron,Cunningham,M,50.0,
1999,126.0,27:35:14,1655,Paul,Schmidt,M,47.0,
1999,127.0,27:37:21,1657,Steve,Collins,M,50.0,
1999,128.0,27:39:05,1659,David,Brink,M,51.0,
1999,129.0,27:39:46,1659,Lynn,O'Malley-Yarnall,F,48.0,
1999,130.0,27:43:31,1663,Keith,Grimes,M,40.0,
1999,131.0,27:45:58,1665,Bevin,Lister,M,49.0,
1999,132.0,27:47:02,1667,David,Hardin,M,33.0,
1999,133.0,27:48:06,1668,Kyly,McMurray,M,38.0,
1999,134.0,27:48:26,1668,Amy,Hayes,F,38.0,
1999,135.0,27:48:27,1668,David,Gordon,M,53.0,
1999,136.0,27:49:10,1669,Eric,Denazure,M,38.0,
1999,137.0,27:51:42,1671,Ralph,Hirt,M,61.0,
1999,138.0,27:53:11,1673,John,Wagner,M,50.0,
1999,139.0,27:53:56,1673,Gene,Joseph,M,47.0,
1999,140.0,27:54:54,1674,Michael,Davenport,M,40.0,
1999,141.0,27:55:20,1675,Kevin,Benway,M,43.0,
1999,142.0,27:56:06,1676,Alexandra,Condon,F,35.0,
1999,143.0,27:59:45,1679,Rick,McCarthy,M,32.0,
1999,144.0,28:03:44,1683,Lisa,Conover,F,41.0,
1999,145.0,28:05:24,1685,Leslie,Hunt,F,43.0,
1999,145.0,28:05:24,1685,Kerry,Trammell,M,43.0,
1999,147.0,28:06:02,1686,David,Woody,M,62.0,
1999,148.0,28:10:12,1690,Randy,Back,M,40.0,
1999,149.0,28:12:22,1692,Howard,Ferris,M,56.0,
1999,150.0,28:13:19,1693,Michael,Hernandez,M,46.0,
1999,151.0,28:18:10,1698,Bill,Dodson,M,64.0,
1999,152.0,28:19:11,1699,John,Boyle,M,47.0,
1999,153.0,28:19:12,1699,Rick,Silverman,M,43.0,
1999,154.0,28:19:30,1699,Vick,Dusik,M,49.0,
1999,155.0,28:22:57,1702,Rebecca,Hahn,F,42.0,
1999,156.0,28:23:16,1703,Wesley,Fenton,M,38.0,
1999,157.0,28:24:18,1704,Terry,Rhodes,F,43.0,
1999,158.0,28:27:41,1707,Inoue,Akihiro,M,34.0,
1999,159.0,28:28:14,1708,Robert,Lynes,M,60.0,
1999,160.0,28:28:39,1708,Ed,Bennett,M,40.0,
1999,161.0,28:28:46,1708,Danny,Westergaard,M,40.0,
1999,161.0,28:28:46,1708,Charles,Savage,M,51.0,
1999,163.0,28:29:22,1709,Kathy,D'Onofrio-Wood,F,34.0,
1999,164.0,28:29:47,1709,Lon,Monroe,M,52.0,
1999,165.0,28:34:17,1714,Robert,Tuller,M,35.0,
1999,166.0,28:35:16,1715,Eb,Engelmann,M,57.0,
1999,167.0,28:35:50,1715,Jeffrey,Everage,M,30.0,
1999,168.0,28:38:01,1718,Rex,Stickland,M,54.0,
1999,169.0,28:38:42,1718,Kellie,Sheehan,F,46.0,
1999,170.0,28:42:53,1722,Mike,Garcia,M,51.0,
1999,171.0,28:45:14,1725,Roger,Boak,M,50.0,
1999,172.0,28:47:26,1727,Marlow,Barger,M,47.0,
1999,173.0,28:49:13,1729,Shirley,Church,F,57.0,
1999,174.0,28:50:06,1730,Gary,Fuerst,M,47.0,
1999,175.0,28:55:14,1735,Tom,Sprouse,M,57.0,
1999,176.0,28:55:49,1735,Dave,Triplett,M,41.0,
1999,177.0,29:05:18,1745,David,Giezyng,M,32.0,
1999,178.0,29:05:49,1745,Karen,King,F,42.0,
1999,179.0,29:07:48,1747,Gary,Ide,M,47.0,
1999,180.0,29:11:11,1751,Jeff,Stevenson,M,53.0,
1999,181.0,29:12:26,1752,Michael,Palmer,M,45.0,
1999,182.0,29:18:02,1758,Mike,Price,M,49.0,
1999,183.0,29:19:05,1759,Ron,Nicholl,M,56.0,
1999,184.0,29:21:11,1761,Vince,Varone,M,39.0,
1999,185.0,29:22:10,1762,Bob,Moses,M,53.0,
1999,186.0,29:26:10,1766,Joan,Scannell,F,53.0,
1999,186.0,29:26:10,1766,Melquisedec,Quecan,M,60.0,
1999,188.0,29:27:03,1767,David,Harger,M,40.0,
1999,188.0,29:27:03,1767,Jeff,Abram,M,44.0,
1999,188.0,29:27:03,1767,Leon,Draxler,M,57.0,
1999,191.0,29:28:08,1768,Walt,Esser,M,60.0,
1999,192.0,29:28:36,1768,Joanna,McClintock,F,33.0,
1999,193.0,29:31:22,1771,Denise,Sprague,F,39.0,
1999,194.0,29:31:37,1771,Chuck,Lewis,M,48.0,
1999,195.0,29:31:43,1771,Randy,Gehrke,M,41.0,
1999,196.0,29:32:06,1772,Roland,Martin,M,50.0,
1999,197.0,29:32:30,1772,Elena,Sherman,F,46.0,
1999,198.0,29:34:00,1774,Tom,Trabert,M,61.0,
1999,199.0,29:34:54,1774,Barbara,Elia,F,54.0,
1999,200.0,29:35:54,1775,John,Hargrove,M,54.0,
1999,201.0,29:37:10,1777,Robert,Alnebring,M,41.0,
1999,202.0,29:37:32,1777,Judy,Novobielski-Muhs,F,44.0,
1999,203.0,29:37:36,1777,Stephen,Burrows,M,47.0,
1999,204.0,29:38:02,1778,Lynne,Werner,F,47.0,
1999,205.0,29:39:31,1779,Charlie,Crissman,M,31.0,
1999,206.0,29:40:50,1780,Juan,Sobenes,M,61.0,
1999,207.0,29:41:21,1781,Conrad,Cole,M,48.0,
1999,208.0,29:42:29,1782,John,Owensby,M,54.0,
1999,209.0,29:47:30,1787,Toni,Miller,F,47.0,
1999,210.0,29:48:56,1788,Molly,Barnes,F,29.0,
1999,211.0,29:49:40,1789,Michael,Whitemiller,M,37.0,
1999,212.0,29:49:54,1789,Lisa,Allen,F,35.0,
1999,213.0,29:54:03,1794,Stuart,Sorensen,M,54.0,
1999,214.0,29:55:34,1795,Suzanne,McDonald,F,30.0,
1999,215.0,29:56:04,1796,Karsten,Solheim,M,62.0,
1999,216.0,29:56:58,1796,Jeff,Washburn,M,49.0,
2000,1.0,17:15:24,1035,Scott,Jurek,M,26.0,
2000,2.0,17:38:37,1058,Tom,Nielsen,M,40.0,
2000,3.0,17:44:46,1064,Steve,Peterson,M,37.0,
2000,4.0,17:49:11,1069,Brian,Purcell,M,44.0,
2000,5.0,17:53:15,1073,Tim,Twietmeyer,M,41.0,
2000,6.0,17:58:29,1078,David,Terry,M,38.0,
2000,7.0,18:48:29,1128,Rick,Simonsen,M,39.0,
2000,8.0,18:55:17,1135,Kevin,Sawchuk,M,34.0,
2000,9.0,18:56:13,1136,Leland,Barker,M,42.0,
2000,10.0,19:32:18,1172,Dean,Karnazes,M,37.0,
2000,11.0,19:44:42,1184,Ann,Trason,F,39.0,
2000,12.0,20:03:38,1203,Ian,Torrence,M,27.0,
2000,13.0,20:05:56,1205,Mike,Topper,M,40.0,
2000,14.0,20:21:27,1221,Steve,Smucker,M,46.0,
2000,15.0,20:56:02,1256,Kenji,Okiyama,M,35.0,
2000,16.0,20:59:37,1259,Emma,Davies,F,35.0,
2000,17.0,21:16:00,1276,Carlos,Banderas,M,50.0,
2000,18.0,21:17:10,1277,Dan,Williams,M,51.0,
2000,19.0,21:23:58,1283,Jussi,Hamalainen,M,54.0,
2000,20.0,21:25:57,1285,Mike,Boutet,M,35.0,
2000,21.0,21:31:35,1291,Ryoichi,Sekiya,M,33.0,
2000,22.0,21:45:28,1305,Stephanie,Ehret,F,37.0,
2000,23.0,21:50:01,1310,Charles,Crompton,M,52.0,
2000,24.0,21:51:33,1311,John,Trent,M,37.0,
2000,25.0,22:04:19,1324,Jim,Scott,M,40.0,
2000,26.0,22:19:45,1339,Glenn,Hamilton,M,44.0,
2000,27.0,22:22:06,1342,Timothy,Johnson,M,42.0,
2000,28.0,22:23:53,1343,Terry,Lewis,M,42.0,
2000,29.0,22:26:31,1346,Giselher,Schneider,M,36.0,
2000,30.0,22:33:35,1353,Scott,Mills,M,49.0,
2000,31.0,22:39:58,1359,Jed,Tukman,M,29.0,
2000,32.0,22:42:10,1362,Allison,Kreutzen,F,30.0,
2000,33.0,22:42:18,1362,Guillermo,Medina,M,25.0,
2000,34.0,22:51:01,1371,Laura,Yasso,F,40.0,
2000,35.0,23:00:55,1380,Phil,Canning,M,36.0,
2000,36.0,23:02:52,1382,Rodolfo,Afanador,M,41.0,
2000,37.0,23:06:10,1386,Gayla,Johnson,F,36.0,
2000,38.0,23:06:54,1386,Tim,Spence,M,44.0,
2000,39.0,23:10:04,1390,Vince,Pedroia,M,53.0,
2000,40.0,23:15:44,1395,Mike,Pelechaty,M,45.0,
2000,41.0,23:20:11,1400,Kenneth,Gregorich,M,41.0,
2000,42.0,23:23:21,1403,Helga,Backhaus,F,47.0,
2000,43.0,23:27:30,1407,Rob,Lang,M,44.0,
2000,44.0,23:29:12,1409,Gary,Wang,M,32.0,
2000,45.0,23:29:34,1409,Luis,Escobar,M,37.0,
2000,46.0,23:29:58,1409,Rob,Byrne,M,42.0,
2000,47.0,23:31:18,1411,Richard,Boretti,M,46.0,
2000,48.0,23:34:00,1414,Paul,Bonnett,M,38.0,
2000,49.0,23:39:32,1419,Alfred,Bogenhuber,M,60.0,
2000,50.0,23:40:44,1420,Curtis,Ringstad,M,48.0,
2000,51.0,23:43:20,1423,June,Gessner,F,47.0,
2000,52.0,23:44:33,1424,Sean,McRae,M,35.0,
2000,53.0,23:44:53,1424,Roger,Dellor,M,57.0,
2000,54.0,23:45:08,1425,Dave,Triplett,M,42.0,
2000,55.0,23:48:51,1428,Chuck,Cofer,M,49.0,
2000,56.0,23:49:17,1429,Chip,Lee,M,45.0,
2000,57.0,23:49:32,1429,Tim,Seminoff,M,41.0,
2000,58.0,23:50:30,1430,Mike,Sweeney,M,45.0,
2000,59.0,23:50:37,1430,Jeffrey,Everage,M,31.0,
2000,60.0,23:50:38,1430,Bruce,Hoff,M,37.0,
2000,61.0,23:50:40,1430,Glen,Boline,M,48.0,
2000,62.0,23:51:05,1431,Daniel,Rosenfeld,M,31.0,
2000,63.0,23:51:09,1431,James,Benike,M,50.0,
2000,64.0,23:54:17,1434,Hiroko,Okiyama,F,38.0,
2000,65.0,23:55:26,1435,Chuck,Jones,M,56.0,
2000,66.0,24:01:04,1441,Rena,Lantz,F,39.0,
2000,67.0,24:15:53,1455,Andrew,Klapperich,M,40.0,
2000,68.0,24:48:21,1488,Michael,Kent,M,36.0,
2000,69.0,24:52:57,1492,Keith,Moore,M,31.0,
2000,70.0,24:55:11,1495,Bill,Thomas,M,43.0,
2000,71.0,24:55:55,1495,Michael,Campbell,M,50.0,
2000,72.0,25:01:44,1501,Dorsey,Moore,M,32.0,
2000,73.0,25:16:40,1516,Prasad,Gerard,M,41.0,
2000,74.0,25:25:22,1525,Carl,Jess,M,41.0,
2000,75.0,25:33:39,1533,Raul,Flores,M,44.0,
2000,76.0,25:39:40,1539,James,Howard,M,45.0,
2000,77.0,25:44:14,1544,Eric,Hodges,M,51.0,
2000,78.0,25:46:20,1546,Bobb,Ankeney,M,47.0,
2000,79.0,25:46:45,1546,Jeffrey,Vanden-Busch,M,34.0,
2000,80.0,25:46:49,1546,Jerry,Lile,M,41.0,
2000,81.0,25:47:01,1547,Philip,Ramsey,M,34.0,
2000,82.0,25:51:34,1551,Karsten,Solheim,M,63.0,
2000,83.0,25:54:38,1554,David,Pirogowicz,M,48.0,
2000,84.0,26:13:04,1573,David,Kim,M,57.0,
2000,85.0,26:22:01,1582,Eric,Ianacone,M,53.0,
2000,86.0,26:23:54,1583,Kendall,Kreft,M,41.0,
2000,87.0,26:29:01,1589,David,Gordon,M,54.0,
2000,88.0,26:30:20,1590,Eric,Poulsen,M,48.0,
2000,89.0,26:33:10,1593,Lisa,Conover,F,42.0,
2000,90.0,26:36:44,1596,Bill,Thom,M,39.0,
2000,91.0,26:38:07,1598,Barry,Lewis,M,41.0,
2000,92.0,26:40:53,1600,Bernard,Coudurier,M,48.0,
2000,93.0,26:42:10,1602,Steven,Dalke,M,38.0,
2000,94.0,26:44:43,1604,Tim,Quinn,M,53.0,
2000,95.0,26:47:11,1607,Steve,Oules,M,40.0,
2000,96.0,26:48:07,1608,Brian,Neal,M,40.0,
2000,96.0,26:48:07,1608,Dale,Sine,M,46.0,
2000,98.0,26:48:38,1608,Mark,Falcone,M,43.0,
2000,99.0,26:50:15,1610,Tomassa,Nakamura,M,47.0,
2000,100.0,26:50:35,1610,Hans-Dieter,Rebstock,M,60.0,
2000,101.0,26:51:09,1611,Al,Catalano,M,47.0,
2000,102.0,26:52:07,1612,Jan,Schlueter,F,40.0,
2000,103.0,26:52:20,1612,Kap'n Kirk,Boisseree,M,42.0,
2000,104.0,26:53:37,1613,Michael,Feldpausch,M,42.0,
2000,105.0,26:58:59,1618,Monica,Scholz,F,33.0,
2000,106.0,26:59:51,1619,Keith,Baker,M,45.0,
2000,107.0,27:01:45,1621,Janice,Levet,F,49.0,
2000,108.0,27:05:11,1625,Tony,Ostrom,M,45.0,
2000,109.0,27:11:44,1631,Roger,Weingaertner,M,52.0,
2000,110.0,27:19:19,1639,Gary,Henslee,M,48.0,
2000,111.0,27:21:21,1641,Michael,Davenport,M,41.0,
2000,112.0,27:21:56,1641,John,Liebeskind,M,39.0,
2000,113.0,27:29:00,1649,David,Kamp,M,52.0,
2000,114.0,27:31:34,1651,Geoff,Scott,M,51.0,
2000,115.0,27:35:59,1655,Tom,Baker,M,44.0,
2000,116.0,27:37:19,1657,Kathryn,Forshey-Trabert,F,51.0,
2000,116.0,27:37:19,1657,Lon,Monroe,M,53.0,
2000,118.0,27:37:38,1657,Joseph,Lea,M,29.0,
2000,119.0,27:38:04,1658,Jerry,Bloom,M,47.0,
2000,120.0,27:38:22,1658,Lee,Remick,F,33.0,
2000,121.0,27:41:03,1661,Sharon,Sanders,F,41.0,
2000,122.0,27:43:47,1663,Larry,Emerson,M,44.0,
2000,123.0,27:46:45,1666,Kevin,Lundy,M,45.0,
2000,123.0,27:46:45,1666,Diana,Lundy,F,46.0,
2000,125.0,27:49:37,1669,Joe,Decker,M,30.0,
2000,126.0,27:50:16,1670,Scott,Hunter,M,55.0,
2000,126.0,27:50:16,1670,James,Crawford,M,52.0,
2000,128.0,27:52:18,1672,Debra,Mayhew,F,46.0,
2000,129.0,27:53:38,1673,Hunter,Ziesing,M,40.0,
2000,130.0,27:54:08,1674,Richard,Fisher,M,51.0,
2000,131.0,27:55:41,1675,Linda,Bialla,F,36.0,
2000,132.0,27:57:37,1677,Liz,Hodges,F,49.0,
2000,133.0,27:59:35,1679,Matthew,Radeski,M,40.0,
2000,134.0,28:03:34,1683,John,Mark,M,47.0,
2000,135.0,28:11:06,1691,Floyd,Redmon,M,55.0,
2000,136.0,28:12:04,1692,Suzanne,Brana,F,42.0,
2000,137.0,28:13:05,1693,Gary,Thomas,M,47.0,
2000,138.0,28:14:14,1694,Hans-Dieter,Weisshaar,M,60.0,
2000,139.0,28:15:15,1695,Mike,Pott,M,36.0,
2000,140.0,28:16:49,1696,Bill,Groendyk,M,45.0,
2000,141.0,28:20:08,1700,Chris,O'Brien,M,43.0,
2000,142.0,28:27:59,1707,Myrrl,McBride,M,47.0,
2000,143.0,28:30:12,1710,Paul,Schmidt,M,48.0,
2000,144.0,28:31:57,1711,Kristin,Goodman,F,27.0,
2000,145.0,28:33:00,1713,Stephen,Bell,M,45.0,
2000,146.0,28:34:39,1714,Tom,Trabert,M,62.0,
2000,147.0,28:37:05,1717,Ron,Barrett,M,48.0,
2000,148.0,28:37:38,1717,Thomas,Green,M,49.0,
2000,149.0,28:39:44,1719,Charles,Savage,M,52.0,
2000,150.0,28:39:45,1719,Jean-Luc,Szpakowski,M,51.0,
2000,151.0,28:41:50,1721,Patrick,Clark,M,55.0,
2000,152.0,28:43:51,1723,Scott,McQueeney,M,44.0,
2000,153.0,28:45:00,1725,Ron,Nicholl,M,57.0,
2000,154.0,28:45:30,1725,John,Bozung,M,47.0,
2000,155.0,28:46:30,1726,Sean,Andrish,M,30.0,
2000,156.0,28:46:45,1726,Denis,Trafecanty,M,57.0,
2000,157.0,28:46:58,1726,Danny,Trudeau,M,47.0,
2000,158.0,28:47:14,1727,Robert,Barr,M,45.0,
2000,159.0,28:47:59,1727,Ken,Ward,M,43.0,
2000,160.0,28:52:14,1732,David,King,M,53.0,
2000,161.0,28:52:20,1732,Ed,Willson,M,46.0,
2000,162.0,28:53:17,1733,Michael,Palmer,M,46.0,
2000,163.0,28:55:16,1735,Pete,Stringer,M,58.0,
2000,164.0,28:56:01,1736,Don,Strome,M,40.0,
2000,165.0,28:58:29,1738,Joan,Scannell,F,54.0,
2000,166.0,28:59:11,1739,Tom,O'Connell,M,49.0,
2000,167.0,29:03:19,1743,Kaoru,Takahashi,M,33.0,
2000,168.0,29:04:12,1744,Christa,Rebstock,F,57.0,
2000,169.0,29:04:42,1744,Johan,Grizaud,M,41.0,
2000,170.0,29:05:36,1745,Barry,Nelson,M,41.0,
2000,170.0,29:05:36,1745,Dave,Mahan,M,39.0,
2000,172.0,29:07:06,1747,David,Jackson,M,41.0,
2000,173.0,29:09:05,1749,Gordy,Ainsleigh,M,53.0,
2000,174.0,29:09:07,1749,Marty,Fagan,M,37.0,
2000,175.0,29:09:19,1749,Milan,Varga,M,55.0,
2000,176.0,29:10:26,1750,Sam,Bertenthal,M,41.0,
2000,177.0,29:11:24,1751,Kevin,Bigley,M,34.0,
2000,178.0,29:15:08,1755,Brigitta,Biermanski,F,51.0,
2000,179.0,29:15:39,1755,Ben,Benjamin,M,53.0,
2000,180.0,29:16:53,1756,David,Hardin,M,34.0,
2000,181.0,29:17:25,1757,Bobby,Keogh,M,51.0,
2000,182.0,29:17:28,1757,Robert,Tavernini,M,32.0,
2000,183.0,29:18:07,1758,Keith,Scott,M,44.0,
2000,184.0,29:18:56,1758,Bob,Lapanja,M,46.0,
2000,185.0,29:19:41,1759,Stacey,Bunton,F,37.0,
2000,186.0,29:19:51,1759,Nick,Bassett,M,55.0,
2000,187.0,29:20:47,1760,Jason,Hodde,M,30.0,
2000,188.0,29:21:10,1761,Mark,Evans,M,44.0,
2000,189.0,29:21:18,1761,Paul,Schmidt,M,42.0,
2000,190.0,29:21:44,1761,Peggy,Davidson,F,44.0,
2000,191.0,29:23:34,1763,Todd,Hayes,M,50.0,
2000,192.0,29:24:26,1764,Chris,Hollenbeck,M,32.0,
2000,193.0,29:25:12,1765,Marty,Fritzhand,M,57.0,
2000,194.0,29:26:07,1766,Rob,Apple,M,38.0,
2000,195.0,29:29:00,1769,Linda,McFadden,F,37.0,
2000,196.0,29:30:21,1770,Wayne,Farrar,M,52.0,
2000,197.0,29:30:24,1770,Ellen,Ives,F,46.0,
2000,198.0,29:30:38,1770,John,Rhodes,M,52.0,
2000,198.0,29:30:38,1770,Terry,Rhodes,F,44.0,
2000,200.0,29:33:01,1773,Jim,Magill,M,53.0,
2000,201.0,29:33:46,1773,Mike,Stephens,M,42.0,
2000,202.0,29:35:35,1775,Melvin,Nowlin,M,39.0,
2000,203.0,29:35:52,1775,Dennis,Drey,M,48.0,
2000,204.0,29:36:00,1776,Reinhold,Baues,M,49.0,
2000,205.0,29:36:14,1776,Clement,Choy,M,52.0,
2000,206.0,29:37:31,1777,Gary,Schancer,M,47.0,
2000,207.0,29:39:54,1779,Ellen,Engelke,F,43.0,
2000,208.0,29:40:57,1780,Andrew,Kelly,M,52.0,
2000,209.0,29:42:02,1782,Noel,Relyea,F,54.0,
2000,210.0,29:43:07,1783,Michael,Menovich,M,49.0,
2000,210.0,29:43:07,1783,Don,Allison,M,44.0,
2000,212.0,29:43:21,1783,Clifford,Griffin Jr,M,53.0,
2000,213.0,29:44:02,1784,Norm,Albert,M,43.0,
2000,214.0,29:44:21,1784,Michael,Halko,M,43.0,
2000,215.0,29:44:59,1784,Renda,Gail,F,46.0,
2000,216.0,29:45:18,1785,Grant,Swanson,M,48.0,
2000,217.0,29:46:14,1786,Cecilia,Petersson,F,36.0,
2000,218.0,29:46:23,1786,Ray,Mount,M,53.0,
2000,219.0,29:47:26,1787,Greg,Sheehan,M,44.0,
2000,220.0,29:47:54,1787,Tony,Jankowski,M,47.0,
2000,221.0,29:54:23,1794,Carl,Grubert,M,57.0,
2000,222.0,29:56:14,1796,Jay,Freeman,M,53.0,
2001,1.0,16:38:30,998,Scott,Jurek,M,27.0,
2001,2.0,17:17:50,1037,Tim,Twietmeyer,M,42.0,
2001,3.0,17:35:23,1055,Scott,St. John,M,38.0,
2001,4.0,18:16:33,1096,Tom,Nielsen,M,41.0,
2001,5.0,18:23:14,1103,Mark,Hartell,M,36.0,
2001,6.0,18:33:34,1113,Ann,Trason,F,40.0,
2001,7.0,19:02:42,1142,Rick,Simonsen,M,40.0,
2001,8.0,19:05:18,1145,Tom,Flahavan,M,33.0,
2001,9.0,19:09:34,1149,Emma,Davies,F,36.0,
2001,10.0,19:21:11,1161,David,Terry,M,39.0,
2001,11.0,19:28:46,1168,Pierre,Tardif,M,38.0,
2001,12.0,19:45:53,1185,Dean,Karnazes,M,38.0,
2001,13.0,19:48:07,1188,John,Robinson,M,35.0,
2001,14.0,19:51:57,1191,Mike,Sweeney,M,46.0,
2001,15.0,20:00:05,1200,Nicholas,Bingham,M,30.0,
2001,16.0,20:20:46,1220,Craig,Thornley,M,37.0,
2001,17.0,20:25:50,1225,Mark,McDermott,M,42.0,
2001,18.0,20:29:02,1229,Kevin,Sawchuk,M,35.0,
2001,19.0,20:33:09,1233,Hal,Koerner,M,25.0,
2001,20.0,20:33:19,1233,Werner,Schweizer,M,62.0,
2001,21.0,20:42:36,1242,Scott,Mills,M,50.0,
2001,22.0,20:56:51,1256,John,Trent,M,38.0,
2001,23.0,21:02:50,1262,Mark,Marcelli,M,42.0,
2001,24.0,21:08:07,1268,Nate,McDowell,M,29.0,
2001,25.0,21:08:35,1268,Bill,Thomas,M,44.0,
2001,26.0,21:11:48,1271,Mark,Godale,M,31.0,
2001,27.0,21:15:38,1275,Laura,Yasso,F,41.0,
2001,28.0,21:15:49,1275,Matt,Sessions,M,36.0,
2001,29.0,21:33:13,1293,Steve,Smucker,M,47.0,
2001,30.0,21:34:11,1294,Mark,Williams,M,35.0,
2001,31.0,21:40:08,1300,Jim,Scott,M,41.0,
2001,32.0,21:41:35,1301,Mike,Pelechaty,M,46.0,
2001,33.0,21:42:13,1302,Kevin,Lundy,M,46.0,
2001,34.0,21:45:38,1305,Andy,Hergert,M,47.0,
2001,35.0,21:46:47,1306,Andy,Jones-Wilkins,M,33.0,
2001,36.0,21:47:29,1307,Mark,Melvin,M,41.0,
2001,37.0,21:48:56,1308,Luanne,Park,F,40.0,
2001,38.0,21:53:13,1313,Topher,Gaylord,M,32.0,
2001,39.0,21:56:27,1316,Bob,Pearson,M,45.0,
2001,40.0,22:04:13,1324,Paul,Terry,M,36.0,
2001,41.0,22:04:47,1324,Stefan,Peterson,M,32.0,
2001,42.0,22:17:22,1337,Jussi,Hamalainen,M,55.0,
2001,43.0,22:19:07,1339,Andy,Black,M,43.0,
2001,44.0,22:20:04,1340,Jennifer,Pfeifer,F,29.0,
2001,45.0,22:25:48,1345,Edward,Wolfe,M,41.0,
2001,46.0,22:26:48,1346,Gregory,Pirkl,M,33.0,
2001,47.0,22:30:17,1350,William,Emerson,M,37.0,
2001,48.0,22:30:45,1350,Glenn,Hamilton,M,45.0,
2001,49.0,22:32:46,1352,Art,Ives,M,46.0,
2001,50.0,22:33:34,1353,Hiroko,Okiyama,F,39.0,
2001,51.0,22:34:39,1354,Roger,Dellor,M,58.0,
2001,52.0,22:37:58,1357,Charles,Crompton,M,53.0,
2001,53.0,22:41:39,1361,Tim,Clement,M,40.0,
2001,54.0,22:42:30,1362,Kenneth,Gregorich,M,42.0,
2001,55.0,22:47:02,1367,Luis,Escobar,M,38.0,
2001,56.0,22:54:52,1374,Matt,Lambert,M,33.0,
2001,57.0,23:06:22,1386,Gary,Wang,M,33.0,
2001,58.0,23:09:07,1389,Stephanie,Ehret,F,38.0,
2001,59.0,23:11:24,1391,Helga,Backhaus,F,48.0,
2001,60.0,23:14:57,1394,Scott,Modzelewski,M,38.0,
2001,61.0,23:18:59,1398,Brian,Buchanan,M,44.0,
2001,62.0,23:20:19,1400,Jon,Brown,M,35.0,
2001,63.0,23:20:34,1400,Herb,Tanzer,M,49.0,
2001,64.0,23:21:18,1401,Douglas,Wisoff,M,52.0,
2001,65.0,23:24:49,1404,Garett,Graubins,M,28.0,
2001,66.0,23:25:04,1405,Zeke,Zucker,M,57.0,
2001,67.0,23:27:50,1407,William,Ramsey,M,48.0,
2001,68.0,23:28:34,1408,Tony,Ostrom,M,46.0,
2001,69.0,23:28:55,1408,Gabriel,Sternberg,M,30.0,
2001,70.0,23:30:24,1410,Jeff,Murphy,M,31.0,
2001,71.0,23:31:17,1411,Michael,Cosentino,M,30.0,
2001,72.0,23:31:40,1411,Jerry,Lile,M,42.0,
2001,73.0,23:33:21,1413,Jeff,Lamora,M,27.0,
2001,74.0,23:34:41,1414,Will,Aarsheim,M,32.0,
2001,75.0,23:35:45,1415,Mark,Johnson,M,37.0,
2001,76.0,23:35:54,1415,Sally,Marcellus,F,47.0,
2001,77.0,23:36:15,1416,Rob,Byrne,M,43.0,
2001,78.0,23:37:16,1417,Stan,Wingate,M,41.0,
2001,79.0,23:37:54,1417,Pete,Klebofski,M,39.0,
2001,80.0,23:39:01,1419,Danny,Ripka,M,43.0,
2001,81.0,23:40:43,1420,Whit,Rambach,M,34.0,
2001,82.0,23:44:25,1424,John,Hayward,M,38.0,
2001,83.0,23:44:34,1424,Jerry,Bloom,M,48.0,
2001,84.0,23:47:08,1427,Jeffrey,Everage,M,32.0,
2001,85.0,23:51:10,1431,Nancy,March,F,54.0,
2001,86.0,23:52:51,1432,Danny,Dreyer,M,51.0,
2001,87.0,23:53:57,1433,Monica,Scholz,F,33.0,
2001,88.0,23:54:59,1434,David,Kamp,M,53.0,
2001,89.0,23:55:12,1435,Lee,Remick,F,34.0,
2001,90.0,23:59:13,1439,John,Wagner,M,52.0,
2001,91.0,23:59:44,1439,Gordy,Ainsleigh,M,54.0,
2001,92.0,24:01:02,1441,Jeffrey,Welsh,M,46.0,
2001,93.0,24:12:13,1452,Pam,Reed,F,40.0,
2001,94.0,24:27:03,1467,Dawn,Infurna-Bean,F,33.0,
2001,95.0,24:32:34,1472,Tim,Quinn,M,54.0,
2001,96.0,24:46:40,1486,Wendell,Doman,M,41.0,
2001,97.0,24:51:47,1491,Rob,Edde,M,31.0,
2001,98.0,25:01:25,1501,Ed,Bennett,M,42.0,
2001,99.0,25:09:59,1509,David,Sullivan,M,34.0,
2001,100.0,25:12:43,1512,Mark E,Williams,M,43.0,
2001,101.0,25:14:13,1514,Fred,Abramowitz,M,49.0,
2001,102.0,25:14:32,1514,David,Penny,M,38.0,
2001,103.0,25:19:41,1519,Katie,Owen,F,24.0,
2001,104.0,25:26:17,1526,Don,James,M,52.0,
2001,105.0,25:28:00,1528,Linda,Bialla,F,37.0,
2001,106.0,25:29:08,1529,Gregg,Martell,M,43.0,
2001,107.0,25:35:14,1535,John,Pearch,M,27.0,
2001,108.0,25:40:45,1540,Peter,Hsia,M,40.0,
2001,109.0,25:43:26,1543,Garrett,Ford,M,30.0,
2001,110.0,25:44:03,1544,Joseph,Schieffer,M,50.0,
2001,111.0,25:45:07,1545,Jamshid,Khajavi,M,48.0,
2001,112.0,25:46:25,1546,Trevor,White,M,32.0,
2001,113.0,25:53:37,1553,Philip,Ramsey,M,35.0,
2001,114.0,25:58:20,1558,Doug,White,M,44.0,
2001,115.0,26:07:48,1567,Bruce,Grant,M,35.0,
2001,116.0,26:08:44,1568,David,Kim,M,58.0,
2001,117.0,26:20:59,1580,Drew,Sommerfeldt,M,49.0,
2001,118.0,26:23:32,1583,Cecil,Baumgartner,M,45.0,
2001,119.0,26:27:35,1587,Kaoru,Takahashi,M,34.0,
2001,120.0,26:30:00,1590,Terri,Handy,F,36.0,
2001,121.0,26:30:01,1590,David,Gordon,M,55.0,
2001,122.0,26:31:29,1591,Richard,Hayes,M,50.0,
2001,123.0,26:31:57,1591,Dennis,Werth,M,59.0,
2001,124.0,26:38:51,1598,Kam-Shun,Lee,M,32.0,
2001,125.0,26:39:35,1599,Todd,Hayes,M,51.0,
2001,126.0,26:40:03,1600,Michael,Moser,M,33.0,
2001,127.0,26:42:18,1602,Bobb,Ankeney,M,48.0,
2001,128.0,26:47:05,1607,Jason,Dorgan,M,35.0,
2001,129.0,26:49:35,1609,Kathryn,Forshey-Trabert,F,52.0,
2001,130.0,26:49:44,1609,Maryann,Murphy,F,37.0,
2001,131.0,26:52:58,1612,Kris,Graham,M,36.0,
2001,132.0,26:55:39,1615,Kevin,Bligan,M,41.0,
2001,133.0,26:56:32,1616,Kurt,Coonrod,M,40.0,
2001,134.0,26:58:28,1618,Eric,Pence,M,35.0,
2001,135.0,26:58:51,1618,Scott,Myers,M,28.0,
2001,136.0,27:04:27,1624,Norman,Richardson,M,46.0,
2001,137.0,27:04:29,1624,Rex,Stickland,M,56.0,
2001,138.0,27:08:38,1628,Steve,McClung,M,39.0,
2001,139.0,27:09:37,1629,Ian,Maddieson,M,58.0,
2001,140.0,27:11:09,1631,Michael,Palmer,M,47.0,
2001,141.0,27:11:25,1631,Matthew,Radeski,M,41.0,
2001,142.0,27:16:28,1636,Peggy,Davidson,F,45.0,
2001,143.0,27:18:39,1638,Sam,Bertenthal,M,42.0,
2001,144.0,27:18:40,1638,Steve,Meyers,M,41.0,
2001,145.0,27:19:49,1639,Jim,Blanchard,M,51.0,
2001,146.0,27:20:08,1640,Clement,Choy,M,53.0,
2001,147.0,27:21:01,1641,Lynn,O'Malley-Yarnall,F,50.0,
2001,148.0,27:21:33,1641,Katie,Benson,F,26.0,
2001,149.0,27:23:08,1643,Gyula,Kiss,M,42.0,
2001,150.0,27:23:31,1643,Ron,Rogowski,M,29.0,
2001,151.0,27:24:08,1644,Jean-Luc,Szpakowski,M,52.0,
2001,152.0,27:26:25,1646,Barry,Fisher,M,56.0,
2001,153.0,27:27:57,1647,Paul,Vecchio,M,38.0,
2001,154.0,27:29:16,1649,Peter,Briner,M,31.0,
2001,155.0,27:29:45,1649,Suzanne,Krantz,F,51.0,
2001,156.0,27:30:51,1650,Stephanie,Green,F,32.0,
2001,157.0,27:32:49,1652,Sam,Voltaggio,M,49.0,
2001,158.0,27:37:02,1657,Bobbi,Little,F,32.0,
2001,159.0,27:41:44,1661,Mark,Donaldson,M,37.0,
2001,160.0,27:42:37,1662,Ken,Ward,M,44.0,
2001,161.0,27:43:12,1663,Kenneth,Hubbard,M,54.0,
2001,162.0,27:43:26,1663,David,Messman,M,41.0,
2001,163.0,27:45:39,1665,Danny,Westergaard,M,42.0,
2001,164.0,27:46:43,1666,Thomas,Rosato,M,44.0,
2001,165.0,27:49:09,1669,Bob,Lapanja,M,47.0,
2001,166.0,27:49:51,1669,John,Wood,M,51.0,
2001,167.0,27:50:49,1670,Todd,Heady,M,32.0,
2001,168.0,27:51:04,1671,Save,Vanwicklin,M,49.0,
2001,169.0,27:52:24,1672,Michaela,Heeb,F,36.0,
2001,170.0,27:54:08,1674,Karl,Jensen,M,51.0,
2001,171.0,27:54:35,1674,Lisa,Bliss,F,33.0,
2001,172.0,27:56:30,1676,Mike,Gossman,M,41.0,
2001,173.0,27:56:32,1676,Richard,Fisher,M,52.0,
2001,174.0,27:59:23,1679,Diana,Lundy,F,47.0,
2001,175.0,28:00:35,1680,Larry,Carroll,M,61.0,
2001,176.0,28:01:37,1681,Michael,Talbert,M,43.0,
2001,177.0,28:03:12,1683,Karsten,Solheim,M,64.0,
2001,178.0,28:06:56,1686,Bobby,Keogh,M,52.0,
2001,179.0,28:07:31,1687,Barbara,Frye-Krier,F,46.0,
2001,179.0,28:07:31,1687,Miles,Krier,M,49.0,
2001,181.0,28:09:31,1689,Adrian,Crane,M,46.0,
2001,182.0,28:10:46,1690,Tia,Bodington,F,44.0,
2001,183.0,28:12:31,1692,Bob,Gracie,M,53.0,
2001,184.0,28:13:37,1693,Robert,Barr,M,46.0,
2001,185.0,28:14:51,1694,Ron,Cunningham,M,52.0,
2001,186.0,28:16:27,1696,Pete,Goldschmidt,M,37.0,
2001,187.0,28:17:35,1697,John,Liebeskind,M,40.0,
2001,188.0,28:18:10,1698,Lon,Monroe,M,54.0,
2001,189.0,28:21:54,1701,David,Capron,M,55.0,
2001,190.0,28:24:54,1704,Mike,Sadar,M,37.0,
2001,191.0,28:25:08,1705,Gary,Thomas,M,48.0,
2001,192.0,28:25:27,1705,Michael,Huss,M,42.0,
2001,193.0,28:29:20,1709,Martin,Eccles,M,44.0,
2001,194.0,28:29:51,1709,Jim,Berryman-Shafer,M,47.0,
2001,195.0,28:29:54,1709,Fenton,Cross,M,56.0,
2001,196.0,28:35:22,1715,Molly,Barnes,F,31.0,
2001,197.0,28:36:48,1716,Brian,Siljander,M,32.0,
2001,198.0,28:37:55,1717,Ken,Greco,M,33.0,
2001,199.0,28:39:53,1719,Michael,Halko,M,44.0,
2001,200.0,28:42:27,1722,Myrrl,McBride,M,48.0,
2001,201.0,28:44:06,1724,Bogdan,Ambrozewicz,M,47.0,
2001,202.0,28:47:12,1727,Jeanine,Carlson,F,47.0,
2001,203.0,28:48:48,1728,Bill,Wagner,M,47.0,
2001,204.0,28:49:08,1729,William,Rideg,M,35.0,
2001,205.0,28:53:48,1733,Debbie,Leftwich,F,47.0,
2001,206.0,28:54:46,1734,Julia,Bramer,F,37.0,
2001,207.0,28:56:00,1736,Patricia,Haskins,F,29.0,
2001,208.0,28:56:52,1736,James,Hagen,M,27.0,
2001,209.0,28:59:55,1739,Don,Lundell,M,39.0,
2001,210.0,29:01:46,1741,Robert,Kronkhyte,M,45.0,
2001,211.0,29:02:45,1742,Dori,Robertson,F,39.0,
2001,212.0,29:03:00,1743,Kenji,Hara,M,56.0,
2001,213.0,29:06:22,1746,Jim,O'Neil,M,52.0,
2001,214.0,29:08:53,1748,Ralph,Tuttle,M,48.0,
2001,215.0,29:10:06,1750,Charles,Kratochvil,M,48.0,
2001,216.0,29:13:19,1753,Richard,Shear,M,52.0,
2001,217.0,29:13:36,1753,Scott,Sullivan,M,41.0,
2001,218.0,29:13:49,1753,Richard,Randall,M,56.0,
2001,219.0,29:14:43,1754,John,Butterick,M,50.0,
2001,220.0,29:16:17,1756,Jodi,Kartes-Heino,F,31.0,
2001,221.0,29:17:02,1757,Frank,Slamar,M,52.0,
2001,222.0,29:17:33,1757,Dale,Matson,M,56.0,
2001,223.0,29:18:01,1758,Dennis,Johnson,M,52.0,
2001,224.0,29:20:06,1760,Steve,Michael,M,51.0,
2001,225.0,29:23:05,1763,Kristina,Irvin,F,43.0,
2001,226.0,29:23:20,1763,Alan,Cohn,M,46.0,
2001,227.0,29:24:36,1764,Mike,Phillips,M,39.0,
2001,228.0,29:26:12,1766,Terry,Shelden,M,60.0,
2001,229.0,29:27:11,1767,Stephen,Davidson,M,29.0,
2001,230.0,29:27:16,1767,Brian,Hever,M,41.0,
2001,231.0,29:27:50,1767,Stephen,Burgess,M,46.0,
2001,232.0,29:28:12,1768,Bob,Eckerson,M,50.0,
2001,233.0,29:28:42,1768,Fernand,Michaud,M,58.0,
2001,234.0,29:31:09,1771,Stephanie,Astell,F,38.0,
2001,235.0,29:33:41,1773,William,Maples,M,37.0,
2001,236.0,29:35:02,1775,Joan,Scannell,F,55.0,
2001,237.0,29:37:25,1777,Gary,Dudney,M,48.0,
2001,238.0,29:38:06,1778,Trina,Parker,F,40.0,
2001,239.0,29:38:45,1778,Helmut,Linzbichler,M,59.0,
2001,240.0,29:40:11,1780,Johnny,Raney,M,40.0,
2001,241.0,29:40:34,1780,Cecilia,Petersson,F,37.0,
2001,242.0,29:40:36,1780,Morgan,Roper,F,29.0,
2001,243.0,29:40:58,1780,Brigid,McMahon,F,37.0,
2001,244.0,29:41:06,1781,Caroline,Spencer,F,39.0,
2001,245.0,29:41:12,1781,Mark,Wood,M,45.0,
2001,246.0,29:41:24,1781,Conrad,Daniel,M,52.0,
2001,247.0,29:41:36,1781,Tommy,Gallagher,M,44.0,
2001,248.0,29:41:51,1781,Dale,Perry,M,44.0,
2001,249.0,29:43:14,1783,Mary,Gorski,F,38.0,
2001,250.0,29:43:37,1783,Marvin,Snowbarger,M,64.0,
2001,251.0,29:43:56,1783,Greg,Sheehan,M,45.0,
2001,252.0,29:44:12,1784,Ron,Nicholl,M,58.0,
2001,253.0,29:44:24,1784,Leon,Draxler,M,59.0,
2001,254.0,29:45:37,1785,Tomassa,Nakamura,M,47.0,
2001,255.0,29:46:00,1786,Matthew,Moore,M,44.0,
2001,256.0,29:46:01,1786,Jim,Bodoh,M,48.0,
2001,257.0,29:49:36,1789,Josef,Kaufmann,M,64.0,
2001,258.0,29:50:18,1790,Louise,Mason,F,48.0,
2001,258.0,29:50:18,1790,Bruce,Purdy,M,44.0,
2001,260.0,29:51:18,1791,William,Moslow Jr,M,38.0,
2001,261.0,29:52:52,1792,Vince,Varone,M,41.0,
2001,262.0,29:53:21,1793,Ron,Warner,M,57.0,
2001,263.0,29:53:38,1793,Chuck,Wilson,M,52.0,
2001,264.0,29:54:06,1794,Daniel,Miller,M,53.0,
2001,265.0,29:57:36,1797,Keith,Scott,M,45.0,
2001,266.0,29:57:50,1797,Terry,Rhodes,F,45.0,
2001,266.0,29:57:50,1797,John,Rhodes,M,53.0,
2002,1.0,16:19:10,979,Scott,Jurek,M,28.0,
2002,2.0,17:28:43,1048,Steve,Peterson,M,39.0,
2002,3.0,17:59:59,1079,Mark,Richtman,M,47.0,
2002,4.0,18:08:43,1088,Tim,Twietmeyer,M,43.0,
2002,5.0,18:11:27,1091,James,Kerby,M,39.0,
2002,6.0,18:16:26,1096,Ann,Trason,F,41.0,
2002,7.0,18:20:59,1100,Pierre,Tardif,M,39.0,
2002,8.0,18:27:28,1107,Ian,Torrence,M,29.0,
2002,9.0,18:32:17,1112,Emma,Davies,F,37.0,
2002,10.0,18:48:22,1128,Kevin,Sawchuk,M,36.0,
2002,11.0,19:14:18,1154,Mike,Sweeney,M,47.0,
2002,12.0,19:18:53,1158,Tom,Lyons,M,36.0,
2002,13.0,19:25:43,1165,David,Terry,M,40.0,
2002,14.0,19:36:05,1176,Joe,Kulak,M,34.0,
2002,15.0,19:44:28,1184,Craig,Thornley,M,38.0,
2002,16.0,19:48:52,1188,Dean,Karnazes,M,39.0,
2002,17.0,20:06:13,1206,Tan,Choon-Ghee,M,39.0,
2002,18.0,20:07:19,1207,Jim,Scott,M,42.0,
2002,19.0,20:11:09,1211,Stan,Holman,M,37.0,
2002,20.0,20:15:21,1215,John,Trent,M,39.0,
2002,21.0,20:18:41,1218,Timothy,Fitzpatrick,M,41.0,
2002,22.0,20:19:32,1219,Derrick,Carr,M,41.0,
2002,23.0,20:21:21,1221,Topher,Gaylord,M,32.0,
2002,24.0,20:32:53,1232,William,Emerson,M,38.0,
2002,25.0,20:33:09,1233,Simon,Mtuy,M,30.0,
2002,26.0,20:36:55,1236,Bob,Pearson,M,46.0,
2002,27.0,20:48:22,1248,Luanne,Park,F,41.0,
2002,28.0,20:56:53,1256,Guillermo,Medina,M,27.0,
2002,28.0,20:56:53,1256,Angel,Perez,M,30.0,
2002,30.0,21:09:08,1269,Clark,Zealand,M,29.0,
2002,31.0,21:09:37,1269,Rae,Clark,M,50.0,
2002,32.0,21:22:05,1282,Scott,Mills,M,51.0,
2002,33.0,21:43:01,1303,Jeffrey,Reifers,M,39.0,
2002,34.0,21:44:15,1304,John,Pearch,M,29.0,
2002,35.0,21:45:05,1305,Andy,Black,M,44.0,
2002,36.0,21:47:01,1307,Tim,Putney,M,27.0,
2002,37.0,21:47:36,1307,Stan,Ferguson,M,38.0,
2002,38.0,21:53:41,1313,Matt,Lambert,M,34.0,
2002,39.0,22:07:23,1327,Whit,Rambach,M,35.0,
2002,40.0,22:10:37,1330,John,Ticer,M,45.0,
2002,41.0,22:14:50,1334,Rob,Byrne,M,44.0,
2002,42.0,22:19:04,1339,Francesca,Conte,F,29.0,
2002,43.0,22:20:39,1340,Wally,Hesseltine,M,58.0,
2002,44.0,22:20:57,1340,Dom,Repta,M,28.0,
2002,45.0,22:22:26,1342,Dan,Williams,M,53.0,
2002,46.0,22:22:55,1342,Suzanne,Leon,F,37.0,
2002,47.0,22:31:00,1351,Jussi,Hamalainen,M,56.0,
2002,48.0,22:31:39,1351,Jeff,Huff,M,40.0,
2002,49.0,22:33:35,1353,Luis,Guerrero,M,38.0,
2002,50.0,22:34:57,1354,Lee,Remick,F,35.0,
2002,51.0,22:37:57,1357,Yagya-Lal,Shrestha,M,22.0,
2002,52.0,22:46:20,1366,Ray,Scannell,M,52.0,
2002,53.0,22:47:24,1367,Luis,Escobar,M,39.0,
2002,54.0,22:52:58,1372,Kaname,Sakurai,M,38.0,
2002,55.0,22:55:28,1375,Robert,Youngren,M,28.0,
2002,56.0,22:57:44,1377,Jeffrey,Welsh,M,47.0,
2002,57.0,23:05:07,1385,Paul,Sweeney,M,36.0,
2002,58.0,23:07:24,1387,Julie,Fingar,F,26.0,
2002,59.0,23:07:36,1387,Andy,Holak,M,34.0,
2002,60.0,23:09:42,1389,Charles,Crompton,M,54.0,
2002,61.0,23:10:13,1390,James,Foreman,M,37.0,
2002,62.0,23:13:57,1393,Kevin,Myers,M,43.0,
2002,63.0,23:14:32,1394,John,Travers,M,49.0,
2002,64.0,23:15:20,1395,Nancy,March,F,55.0,
2002,65.0,23:17:04,1397,Mike,Miller,M,46.0,
2002,66.0,23:22:28,1402,Trevor,White,M,33.0,
2002,67.0,23:23:09,1403,Gary,Wang,M,34.0,
2002,68.0,23:23:32,1403,Gregory,Loomis,M,28.0,
2002,69.0,23:23:56,1403,Erik,Dube,M,28.0,
2002,70.0,23:24:12,1404,Don,James,M,53.0,
2002,71.0,23:26:07,1406,Helen,Hull,F,43.0,
2002,72.0,23:28:21,1408,Rob,Edde,M,32.0,
2002,73.0,23:30:10,1410,Connie,Gardner,F,38.0,
2002,74.0,23:30:28,1410,Daniel,Piper,M,45.0,
2002,75.0,23:32:01,1412,Jay,Loesche,M,44.0,
2002,76.0,23:34:47,1414,Rena,Lantz,F,41.0,
2002,77.0,23:35:52,1415,Frank,Earnest,M,51.0,
2002,78.0,23:37:11,1417,Alan,Barichievich,M,35.0,
2002,79.0,23:38:07,1418,Jeff,Browning,M,30.0,
2002,80.0,23:38:48,1418,William,Stenzel,M,27.0,
2002,81.0,23:39:08,1419,Kevin,Twidwell,M,38.0,
2002,82.0,23:41:18,1421,David,Kamp,M,54.0,
2002,83.0,23:42:19,1422,Hiroki,Ishikawa,M,27.0,
2002,84.0,23:42:56,1422,Craig,Heinselman,M,44.0,
2002,85.0,23:46:09,1426,William,Davis,M,56.0,
2002,86.0,23:50:10,1430,David,Gordon,M,56.0,
2002,87.0,23:50:57,1430,Douglas,Gallaher,M,34.0,
2002,88.0,23:52:56,1432,L. Alex,Kahl,M,22.0,
2002,89.0,23:54:52,1434,Michael,Moser,M,34.0,
2002,90.0,23:57:15,1437,William,Ramsey,M,49.0,
2002,91.0,24:04:43,1444,Larry,Visak,M,46.0,
2002,92.0,24:35:49,1475,Jerry,Bloom,M,49.0,
2002,93.0,24:40:33,1480,James,Hagen,M,28.0,
2002,94.0,24:45:03,1485,Richard,Hieronymus,M,47.0,
2002,95.0,25:04:54,1504,Monica,Scholz,F,35.0,
2002,96.0,25:07:12,1507,Robert,Kronkhyte,M,46.0,
2002,97.0,25:13:10,1513,Robert,Smith,M,44.0,
2002,98.0,25:13:52,1513,Hiroe,Sakurai,M,37.0,
2002,99.0,25:14:30,1514,Tom,Peterson,M,42.0,
2002,100.0,25:26:25,1526,Clyde The Glide,Aker,M,50.0,
2002,101.0,25:28:58,1528,Matt,Anderson,M,43.0,
2002,102.0,25:34:50,1534,David,Sullivan,M,36.0,
2002,103.0,25:37:24,1537,Sean,Andrish,M,32.0,
2002,104.0,25:39:00,1539,James,Rudig,M,33.0,
2002,105.0,25:48:05,1548,John,Stotts,M,55.0,
2002,106.0,25:48:42,1548,Linda,Samet,F,36.0,
2002,107.0,25:57:25,1557,Danny,Westergaard,M,43.0,
2002,108.0,25:58:06,1558,Paul,Schmidt,M,50.0,
2002,109.0,26:05:07,1565,Rodney,Bien,M,29.0,
2002,110.0,26:06:56,1566,John,Hayward,M,39.0,
2002,111.0,26:13:44,1573,Lisa,Downey,F,39.0,
2002,112.0,26:21:06,1581,Cecilia,Reagan,F,38.0,
2002,113.0,26:23:08,1583,Parker,Rios,M,35.0,
2002,114.0,26:23:15,1583,Tom,Trabert,M,64.0,
2002,115.0,26:24:04,1584,Ben,Bobrow,M,38.0,
2002,116.0,26:27:48,1587,Holly,Hollenbeck,F,28.0,
2002,116.0,26:27:48,1587,Chris,Hollenbeck,M,34.0,
2002,118.0,26:31:47,1591,Matthew,Radeski,M,42.0,
2002,119.0,26:34:07,1594,Jim,Magill,M,55.0,
2002,120.0,26:34:40,1594,Stephen,Bell,M,47.0,
2002,121.0,26:34:53,1594,Michael,Palmer,M,48.0,
2002,122.0,26:34:56,1594,Timothy,Stroh,M,40.0,
2002,123.0,26:37:22,1597,Honey,Albrecht,F,42.0,
2002,124.0,26:38:49,1598,Eric,Bohn,M,36.0,
2002,125.0,26:40:05,1600,Jay,Grobeson,M,41.0,
2002,126.0,26:40:26,1600,Paul,Shields,M,38.0,
2002,127.0,26:44:30,1604,Brian,Siljander,M,33.0,
2002,128.0,26:45:52,1605,Julie,Bergman,F,47.0,
2002,129.0,26:53:49,1613,Maria,Lemus,F,38.0,
2002,130.0,26:54:23,1614,Charles,Kratochvil,M,49.0,
2002,131.0,26:55:08,1615,Bobb,Ankeney,M,48.0,
2002,132.0,26:55:35,1615,Jim,Blanchard,M,52.0,
2002,133.0,26:57:13,1617,Dan,Brenden,M,51.0,
2002,134.0,26:57:34,1617,Roger,Jensen,M,42.0,
2002,135.0,27:00:48,1620,Kristina,Irvin,F,44.0,
2002,136.0,27:02:45,1622,Joe,Winch,M,46.0,
2002,137.0,27:05:10,1625,Randy,Gehrke,M,44.0,
2002,138.0,27:06:46,1626,Bobbi,Little,F,33.0,
2002,139.0,27:07:21,1627,Bogdan,Ambrozewicz,M,48.0,
2002,140.0,27:11:16,1631,Jeff,Dailey,M,32.0,
2002,141.0,27:11:18,1631,Bob,Gilbert,M,39.0,
2002,142.0,27:11:46,1631,Ron,Benavidez,M,42.0,
2002,143.0,27:17:06,1637,Carrie,White,F,39.0,
2002,144.0,27:20:15,1640,John,Zobel,M,41.0,
2002,145.0,27:24:12,1644,Lisa,Conover,F,44.0,
2002,146.0,27:26:30,1646,Catra,Corbett,F,37.0,
2002,147.0,27:27:15,1647,Bill,Finkbeiner,M,45.0,
2002,148.0,27:28:15,1648,Steven,Patt,M,53.0,
2002,149.0,27:29:48,1649,Tommy,Gallagher,M,45.0,
2002,150.0,27:32:17,1652,Geoff,Scott,M,53.0,
2002,151.0,27:32:53,1652,Terry,Rhodes,F,46.0,
2002,151.0,27:32:53,1652,Gordy,Ainsleigh,M,55.0,
2002,153.0,27:36:42,1656,Jurgen,Teichert,M,34.0,
2002,154.0,27:38:00,1658,Todd,Thedinga,M,29.0,
2002,155.0,27:40:46,1660,David,Goodwin,M,54.0,
2002,156.0,27:41:25,1661,Kathryn,Forshey-Trabert,F,53.0,
2002,157.0,27:42:02,1662,Steve,Young,M,45.0,
2002,158.0,27:42:36,1662,Laura,Nagy,F,34.0,
2002,159.0,27:45:51,1665,Michael,Huss,M,43.0,
2002,160.0,27:47:18,1667,Jack,Christian,M,49.0,
2002,161.0,27:49:14,1669,Mark,Evans,M,46.0,
2002,162.0,27:49:18,1669,Grant,McKeown,M,53.0,
2002,163.0,27:49:38,1669,Ted,Moore,M,52.0,
2002,164.0,27:50:53,1670,Jeff,Kozak,M,28.0,
2002,165.0,27:50:57,1670,Dale,Keen,M,48.0,
2002,166.0,27:53:30,1673,Michael,Wilhelm,M,50.0,
2002,167.0,27:53:47,1673,Kyong,Martin,M,47.0,
2002,168.0,27:56:36,1676,Akabill,Molmen,M,58.0,
2002,169.0,27:56:46,1676,Trina,Parker,F,41.0,
2002,170.0,27:57:15,1677,Gunhild,Swanson,F,57.0,
2002,171.0,27:59:37,1679,Caroline,Brawner,F,45.0,
2002,172.0,27:59:38,1679,Jean-Paul,Vanbelle,M,40.0,
2002,173.0,28:05:29,1685,Linda,Rapposelli,F,46.0,
2002,174.0,28:13:33,1693,Laura,Snow,F,38.0,
2002,175.0,28:14:13,1694,Garry,Sewell,M,41.0,
2002,176.0,28:14:18,1694,Michael,Dennis,M,49.0,
2002,177.0,28:18:16,1698,Peggy,Davidson,F,46.0,
2002,178.0,28:25:45,1705,Debbie,Leftwich,F,48.0,
2002,179.0,28:26:40,1706,William,Rideg,M,36.0,
2002,180.0,28:27:09,1707,Cary,Miller,M,41.0,
2002,181.0,28:29:23,1709,Wendell,Doman,M,42.0,
2002,182.0,28:30:33,1710,Charles,Blakeney,M,39.0,
2002,183.0,28:30:42,1710,Steve,Engebrecht,M,40.0,
2002,184.0,28:32:18,1712,Terry,Parks,M,45.0,
2002,185.0,28:33:49,1713,Steve,Klang,M,34.0,
2002,186.0,28:43:29,1723,Ron,Nicholl,M,59.0,
2002,187.0,28:44:38,1724,Jay,Freeman,M,55.0,
2002,188.0,28:44:59,1724,Rita,Schildknecht,F,38.0,
2002,189.0,28:45:20,1725,James,Harrison,M,42.0,
2002,190.0,28:46:04,1726,Kathlene,White,F,46.0,
2002,191.0,28:47:14,1727,Dan,Steward,M,41.0,
2002,192.0,28:47:30,1727,Mark,Humphreys,M,42.0,
2002,193.0,28:48:30,1728,Thomas,McCoin,M,35.0,
2002,194.0,28:48:38,1728,Michael,Daku,M,43.0,
2002,195.0,28:49:32,1729,Evan,Chang,M,42.0,
2002,196.0,28:49:53,1729,Dori,Robertson,F,41.0,
2002,197.0,28:51:21,1731,Steve,Collins,M,53.0,
2002,198.0,28:56:58,1736,Rob,Apple,M,40.0,
2002,199.0,28:58:21,1738,Steve,Petersen,M,48.0,
2002,200.0,28:58:35,1738,Steve,Michael,M,52.0,
2002,201.0,28:58:36,1738,Roger,Ackerman,M,55.0,
2002,202.0,28:59:24,1739,Sam,Voltaggio,M,50.0,
2002,203.0,29:02:08,1742,Clement,Choy,M,54.0,
2002,204.0,29:04:20,1744,Don,Lundell,M,40.0,
2002,204.0,29:04:20,1744,Gillian,Robinson,F,35.0,
2002,206.0,29:08:14,1748,Joshua,Kennedy,M,30.0,
2002,207.0,29:08:20,1748,Joseph,Swenson,M,46.0,
2002,207.0,29:08:20,1748,Joseph,McDonald,M,48.0,
2002,209.0,29:09:31,1749,Ralph,Hirt,M,64.0,
2002,210.0,29:10:33,1750,Curtis,Flowe,M,54.0,
2002,211.0,29:11:47,1751,Adrian,Crane,M,46.0,
2002,212.0,29:13:06,1753,Frank,Lieberman,M,62.0,
2002,213.0,29:13:22,1753,Willie,Clarke,M,58.0,
2002,214.0,29:14:09,1754,Joan,Scannell,F,56.0,
2002,215.0,29:15:52,1755,Jeanine,Carlson,F,48.0,
2002,216.0,29:16:16,1756,Beverly,Vreeland,F,46.0,
2002,217.0,29:16:34,1756,Stephen,Hudgens,M,46.0,
2002,218.0,29:16:53,1756,Lisa,Bliss,F,34.0,
2002,219.0,29:18:16,1758,Jon,Gnass,M,47.0,
2002,219.0,29:18:16,1758,Karen,Gnass,F,40.0,
2002,221.0,29:21:56,1761,John,Blakemore,M,57.0,
2002,222.0,29:22:21,1762,Cheri,Gillis,F,50.0,
2002,223.0,29:22:43,1762,Kurt,Kelly,M,30.0,
2002,224.0,29:27:34,1767,Anastasia,Telesetsky,F,30.0,
2002,225.0,29:29:59,1769,Chris,O'Brien,M,45.0,
2002,226.0,29:30:56,1770,Michael,Martin,M,55.0,
2002,227.0,29:31:46,1771,Melanie,Rene,F,48.0,
2002,228.0,29:33:36,1773,David,Huck,M,53.0,
2002,229.0,29:34:44,1774,Lisa,Henson,F,40.0,
2002,230.0,29:35:14,1775,Mary,Handel,F,49.0,
2002,231.0,29:35:58,1775,John,Dewey,M,48.0,
2002,232.0,29:36:06,1776,Paul,Blackman,M,57.0,
2002,233.0,29:36:50,1776,David,Kim,M,59.0,
2002,234.0,29:37:45,1777,Chris,Hendley,M,39.0,
2002,235.0,29:38:50,1778,Roy,Heger,M,47.0,
2002,236.0,29:39:48,1779,Bob,Rayburn,M,47.0,
2002,237.0,29:40:36,1780,Hwa Ja,Andrade,F,61.0,
2002,238.0,29:40:46,1780,Tomassa,Nakamura,M,49.0,
2002,239.0,29:40:47,1780,Joanie,Mork,F,48.0,
2002,240.0,29:42:23,1782,Ana,Braga-Levaggi,F,42.0,
2002,241.0,29:42:25,1782,Beth,Simpson-Hall,F,43.0,
2002,242.0,29:42:28,1782,Bill,Nictakis,M,42.0,
2002,243.0,29:43:42,1783,Matthew,Moore,M,45.0,
2002,244.0,29:44:02,1784,Jeff,Sauter,M,45.0,
2002,245.0,29:45:15,1785,Marie,Gonzales,F,41.0,
2002,246.0,29:45:45,1785,Keith,Scott,M,46.0,
2002,247.0,29:48:07,1788,Steve,McClung,M,40.0,
2002,248.0,29:49:00,1789,Brent,Craven,M,52.0,
2002,249.0,29:50:04,1790,Karsten,Solheim,M,65.0,
2002,250.0,29:51:25,1791,Sarah,Fabian,F,41.0,
2002,251.0,29:52:12,1792,Marvin,Snowbarger,M,65.0,
2002,252.0,29:54:17,1794,Tom,Kaisersatt,M,62.0,
2002,253.0,29:55:17,1795,Andy,Boyd,M,60.0,
2002,254.0,29:58:48,1798,Tony,Bierman,M,46.0,
2002,255.0,29:58:49,1798,James,Ballard,M,51.0,
2003,1.0,16:01:18,961,Scott,Jurek,M,29.0,WA
2003,2.0,17:17:46,1037,Jorge,Pacheco,M,35.0,CA
2003,3.0,17:31:30,1051,Steve,Peterson,M,40.0,CO
2003,4.0,17:43:54,1063,Dean,Karnazes,M,40.0,CA
2003,5.0,17:55:15,1075,Tim,Twietmeyer,M,44.0,CA
2003,6.0,18:14:59,1094,Joseph,Kulak,M,35.0,CO
2003,7.0,18:22:29,1102,Erik,Skaden,M,31.0,CA
2003,8.0,18:36:03,1116,Ann,Trason,F,42.0,CA
2003,9.0,18:40:53,1120,Hal,Koerner,M,27.0,CO
2003,10.0,18:42:03,1122,Tom,Moritz,M,33.0,OR
2003,11.0,18:49:28,1129,Michael,Sweeney,M,48.0,CA
2003,12.0,18:57:05,1137,Ian,Torrence,M,30.0,UT
2003,13.0,19:10:25,1150,Mike,Trevino,M,28.0,CA
2003,14.0,19:17:27,1157,David,Terry,M,41.0,OR
2003,15.0,19:22:33,1162,John,Ticer,M,46.0,OR
2003,16.0,19:32:33,1172,Emma,Davies,F,38.0,CA
2003,17.0,19:42:11,1182,Glen,Redpath,M,37.0,CA
2003,18.0,19:50:04,1190,Hiroki,Ishikawa,M,28.0,JAPAN
2003,19.0,20:05:23,1205,Rick,Simonsen,M,42.0,CA
2003,20.0,20:10:33,1210,Luanne,Park,F,42.0,CA
2003,21.0,20:14:38,1214,Scott,Mills,M,52.0,VA
2003,22.0,20:15:10,1215,John,Pearch,M,30.0,WA
2003,23.0,20:17:10,1217,A'a,Pu 'U Kiddoo,M,28.0,CA
2003,24.0,20:18:44,1218,Suzi,Leon,F,38.0,CA
2003,25.0,20:28:05,1228,Roger,Dellor,M,60.0,CA
2003,26.0,20:49:26,1249,Simon,Mtuy,M,31.0,CA
2003,27.0,20:58:30,1258,John,Trent,M,40.0,NV
2003,28.0,21:04:04,1264,Petra,McDowell,F,31.0,UT
2003,29.0,21:12:58,1272,Kevin,Sawchuk,M,37.0,CA
2003,30.0,21:17:56,1277,Steve,Smucker,M,49.0,OR
2003,31.0,21:20:01,1280,Scott,Eppelman,M,36.0,TX
2003,32.0,21:24:46,1284,Joe,Schlereth,M,53.0,NC
2003,33.0,21:36:20,1296,Philip,Sanderson,M,35.0,CA
2003,34.0,21:37:24,1297,Nicholas,Wilton,M,42.0,CA
2003,35.0,21:40:54,1300,Jenny,Capel,F,30.0,NV
2003,36.0,21:42:35,1302,Whit,Rambach,M,36.0,CA
2003,37.0,21:44:10,1304,Peter,Hsia,M,42.0,CA
2003,38.0,21:48:41,1308,Mark,Marcelli,M,44.0,CA
2003,39.0,21:49:31,1309,Timothy,Roy,M,39.0,NH
2003,40.0,21:51:43,1311,Sophia,Lewis,F,40.0,CA
2003,41.0,21:55:31,1315,Jed,Tukman,M,32.0,CA
2003,42.0,21:55:43,1315,David,Williams,M,49.0,CA
2003,43.0,22:02:16,1322,Dan,Williams,M,54.0,CA
2003,44.0,22:02:36,1322,Serge,Arbona,M,38.0,MD
2003,45.0,22:04:54,1324,Ray,Scannell,M,53.0,CA
2003,46.0,22:08:00,1328,Connie,Gardner,F,39.0,OH
2003,47.0,22:08:42,1328,Jeffrey,Welsh,M,48.0,NC
2003,48.0,22:09:07,1329,David,Fullford,M,42.0,WA
2003,49.0,22:19:16,1339,Tim,Putney,M,28.0,CA
2003,50.0,22:21:48,1341,Shane,Martin,M,36.0,UT
2003,51.0,22:25:38,1345,Daniel,Piper,M,46.0,CA
2003,52.0,22:26:11,1346,Mark,Godale,M,33.0,OH
2003,53.0,22:27:25,1347,Andy,Nicol,M,43.0,CANADA
2003,54.0,22:35:31,1355,Anthea,Schmid,F,31.0,CO
2003,55.0,22:38:10,1358,Bill,Thomas,M,46.0,WA
2003,56.0,22:39:23,1359,Janice,Anderson,F,37.0,GA
2003,57.0,22:40:38,1360,David,Nerrow,M,36.0,MA
2003,58.0,22:40:59,1360,Aaron,Summerhays,M,31.0,CA
2003,59.0,22:44:45,1364,Bill,Finkbeiner,M,47.0,CA
2003,60.0,22:44:51,1364,Julie,Fingar,F,27.0,CA
2003,61.0,22:59:41,1379,John,Hallsten,M,46.0,MT
2003,62.0,23:01:26,1381,Lon,Monroe,M,56.0,NV
2003,63.0,23:01:36,1381,Jerry,Bloom,M,50.0,CA
2003,64.0,23:04:21,1384,Miles,Welze,M,40.0,CA
2003,65.0,23:05:30,1385,Erik,Dube,M,29.0,CA
2003,66.0,23:05:57,1385,Ken,Grebenstein,M,50.0,CA
2003,67.0,23:11:32,1391,Douglas,Gallaher,M,35.0,CA
2003,68.0,23:11:43,1391,Carol,O'Hear,F,28.0,WA
2003,69.0,23:13:07,1393,David,Kamp,M,55.0,CA
2003,70.0,23:16:53,1396,Steven,Von Dohlen,M,35.0,CA
2003,71.0,23:19:07,1399,Bill,Thom,M,42.0,IL
2003,72.0,23:19:33,1399,Prasad,Gerard,M,44.0,MD
2003,73.0,23:21:00,1401,Rob,Smith,M,45.0,CANADA
2003,74.0,23:23:04,1403,Ronald,Rogowski,M,31.0,CA
2003,75.0,23:23:23,1403,Kevin C.,Black,M,43.0,VA
2003,76.0,23:24:39,1404,Cecil,Baumgartner,M,47.0,CA
2003,77.0,23:24:53,1404,Philip,Ramsey,M,37.0,CA
2003,78.0,23:25:14,1405,Charles,Stevens,M,47.0,CA
2003,79.0,23:26:20,1406,Mike,Pelechaty,M,48.0,OH
2003,80.0,23:28:14,1408,Jim,Scott,M,43.0,CA
2003,81.0,23:28:26,1408,Jim,Rudig,M,34.0,OR
2003,82.0,23:29:18,1409,Andrew,Tubbs,M,34.0,CA
2003,83.0,23:29:48,1409,Dennis,Hoagland,M,48.0,CA
2003,84.0,23:30:40,1410,John,Dove,M,38.0,GA
2003,85.0,23:32:06,1412,Mike,Swan,M,32.0,CA
2003,86.0,23:33:15,1413,Jim,Crawford,M,55.0,GA
2003,87.0,23:34:04,1414,Joseph,McDonald,M,49.0,CA
2003,88.0,23:34:51,1414,Monica,Scholz,F,36.0,CANADA
2003,89.0,23:41:56,1421,William,Emerson,M,39.0,WA
2003,90.0,23:42:52,1422,David,Gordon,M,57.0,CA
2003,91.0,23:43:37,1423,Tony P.,Smith,M,49.0,NC
2003,92.0,23:47:01,1427,Pam,Reed,F,42.0,AZ
2003,93.0,23:47:13,1427,Joseph,Swenson,M,47.0,CA
2003,94.0,23:47:59,1427,Ric,Hatch,M,48.0,CA
2003,95.0,23:51:14,1431,Bill,Davis,M,57.0,CA
2003,96.0,23:55:52,1435,Fred,Abramowitz,M,51.0,NM
2003,97.0,24:32:18,1472,Curtis M.,Decker,M,32.0,MN
2003,98.0,24:40:42,1480,Tom,O'Connell,M,52.0,CA
2003,99.0,24:44:25,1484,Richard,Hieronymus,M,48.0,CA
2003,100.0,24:46:52,1486,Nancy,March,F,56.0,CA
2003,101.0,25:05:34,1505,Gregg,Buehler,M,31.0,KS
2003,102.0,25:18:35,1518,German,Collazos,M,45.0,NY
2003,103.0,25:21:44,1521,Helen,Hull,F,44.0,TX
2003,104.0,25:23:37,1523,Luis,Escobar,M,40.0,CA
2003,105.0,25:24:19,1524,Andrew,Schooley,M,43.0,CA
2003,106.0,25:26:13,1526,Matt,Lambert,M,35.0,CA
2003,107.0,25:26:28,1526,Michael,Davenport,M,44.0,CA
2003,108.0,25:27:40,1527,Robert,Schulz,M,45.0,IL
2003,109.0,25:30:02,1530,Mike,Gleman,M,55.0,FL
2003,110.0,25:30:07,1530,Bruce,Grant,M,37.0,CANADA
2003,111.0,25:35:40,1535,Grant,Swanson,M,51.0,CA
2003,112.0,25:37:26,1537,Mike,Adams,M,35.0,TX
2003,113.0,25:37:26,1537,Pierre,Koutani,M,37.0,WA
2003,114.0,25:37:43,1537,Jerry,Bollig,M,53.0,WI
2003,115.0,25:38:31,1538,Gary,Wang,M,35.0,CA
2003,116.0,25:42:06,1542,Mark D.,Johnson,M,39.0,CA
2003,117.0,25:45:29,1545,Patrick,Puckett,M,41.0,IN
2003,118.0,25:47:04,1547,Jim,Magill,M,56.0,CA
2003,119.0,25:50:37,1550,Ed,Bennett,M,44.0,AK
2003,120.0,25:50:37,1550,Karen,Williams,F,42.0,AK
2003,121.0,25:51:14,1551,Steven,Healy,M,44.0,CA
2003,122.0,25:55:24,1555,John,Liebeskind,M,42.0,OR
2003,123.0,26:02:43,1562,Wendell,Doman,M,43.0,CA
2003,124.0,26:03:43,1563,Dennis,Drey,M,51.0,NM
2003,125.0,26:13:49,1573,Ethan,Veneklasen,M,33.0,CA
2003,126.0,26:14:46,1574,John,Blue,M,39.0,CA
2003,127.0,26:16:10,1576,Lisa,Bliss,F,35.0,IL
2003,128.0,26:16:14,1576,Jim,Walsh,M,47.0,VT
2003,129.0,26:16:40,1576,Hans-Dieter,Rebstock,M,63.0,GERMANY
2003,130.0,26:16:46,1576,Jeffrey,Heischman,M,55.0,CA
2003,131.0,26:22:25,1582,Mark,Williams,M,37.0,CA
2003,132.0,26:25:08,1585,Ken,Ward,M,46.0,OR
2003,133.0,26:30:54,1590,Lisa,Smith-Batchen,F,42.0,ID
2003,134.0,26:34:35,1594,Kristen,Stinger,F,31.0,CA
2003,135.0,26:39:25,1599,Dennis,Thompson,M,55.0,TX
2003,136.0,26:40:26,1600,Tanya,Cady,F,50.0,OH
2003,137.0,26:41:00,1601,Christa,Rebstock,F,60.0,GERMANY
2003,138.0,26:45:50,1605,Michael,Hernandez,M,50.0,CA
2003,139.0,26:46:31,1606,Matthew,Radeski,M,43.0,CA
2003,140.0,26:48:41,1608,Keith,Baker,M,48.0,NM
2003,141.0,26:48:49,1608,David,Kim,M,60.0,CA
2003,142.0,26:49:30,1609,Stan,Holman,M,38.0,WA
2003,143.0,26:49:35,1609,Karsten,Solheim,M,66.0,AZ
2003,144.0,26:49:42,1609,Tim,Hicks,M,59.0,CA
2003,145.0,26:52:30,1612,Scott,Lyle,M,41.0,CA
2003,146.0,26:57:19,1617,Howard,Cohen,M,44.0,CA
2003,147.0,26:58:03,1618,Garry,Sewell,M,42.0,CA
2003,148.0,26:58:05,1618,Michael,Palmer,M,49.0,CA
2003,149.0,26:58:32,1618,Angie,Pozzi,F,44.0,CA
2003,150.0,27:00:39,1620,Alan,Deubner,M,53.0,WA
2003,151.0,27:02:49,1622,Chip,Collins,M,40.0,OR
2003,152.0,27:03:40,1623,Sandra,Sendelbach-Hasse,F,36.0,NV
2003,153.0,27:03:55,1623,Gordy,Ainsleigh,M,56.0,CA
2003,154.0,27:05:54,1625,Bob,Dickinson,M,48.0,CA
2003,155.0,27:07:35,1627,Alan,Barichievich,M,36.0,CA
2003,156.0,27:13:14,1633,Gary,Dudney,M,50.0,CA
2003,157.0,27:13:56,1633,Linda,Hurd,F,41.0,TX
2003,158.0,27:14:06,1634,David,Messman,M,43.0,CA
2003,159.0,27:14:28,1634,Fenton,Cross,M,58.0,CA
2003,160.0,27:14:28,1634,Paul,Schmidt,M,51.0,CA
2003,161.0,27:14:44,1634,Rena,Lantz,F,42.0,CA
2003,162.0,27:15:29,1635,Terry,Parks,M,46.0,CA
2003,163.0,27:18:06,1638,Maura,Schwartz,F,43.0,MN
2003,164.0,27:22:28,1642,Kyong,Martin,M,48.0,CA
2003,165.0,27:25:42,1645,Charlie,Crissman,M,35.0,WA
2003,166.0,27:26:59,1646,Jerry,Riddick,M,51.0,AZ
2003,167.0,27:28:23,1648,Evan,Chang,M,43.0,CA
2003,168.0,27:31:53,1651,Tom,Grossi,M,58.0,CA
2003,169.0,27:32:03,1652,Troy,Limb,M,42.0,CA
2003,170.0,27:33:02,1653,Tom,Chapman,M,44.0,OR
2003,171.0,27:33:41,1653,Julie,Bergman,F,48.0,CO
2003,172.0,27:38:43,1658,Bruce,Kocka,M,56.0,CA
2003,173.0,27:39:34,1659,David,Bursler,M,38.0,DE
2003,174.0,27:40:25,1660,Chris,Mager,M,35.0,CANADA
2003,175.0,27:40:33,1660,Larry,Hall,M,49.0,IL
2003,176.0,27:42:59,1662,Barbara,Stoll,F,41.0,TX
2003,177.0,27:45:48,1665,Chisholm,Deupree,M,36.0,OK
2003,178.0,27:47:32,1667,Michael,Bur,M,38.0,MD
2003,179.0,27:49:02,1669,Imre,Sorban,M,52.0,CANADA
2003,180.0,27:51:22,1671,Joseph,Foster,M,43.0,CA
2003,181.0,27:51:30,1671,Chris,Batteate,M,51.0,CA
2003,182.0,27:52:44,1672,Andrew,Macginnitie,M,37.0,MA
2003,183.0,27:57:47,1677,Jean-Luc,Szpakowski,M,54.0,CA
2003,184.0,27:58:55,1678,Sean,McCormick,M,31.0,OH
2003,185.0,28:00:52,1680,Pam,Richter,F,45.0,AK
2003,186.0,28:01:25,1681,Trudy,Nygren,F,40.0,CA
2003,187.0,28:03:29,1683,Juan,Galvan,M,30.0,TX
2003,188.0,28:04:01,1684,Christopher,Martin,M,30.0,NH
2003,189.0,28:07:58,1687,Rob,Apple,M,41.0,TN
2003,190.0,28:12:10,1692,Danny,Westergaard,M,44.0,CA
2003,191.0,28:12:38,1692,Ana,Braga-Levaggi,F,43.0,CA
2003,192.0,28:15:12,1695,Kenneth,Zoglman,M,56.0,CA
2003,193.0,28:15:45,1695,Kanpei,Hazama,M,53.0,JAPAN
2003,194.0,28:16:13,1696,Jean-Francois,Geiss,M,50.0,FRANCE
2003,195.0,28:16:26,1696,David,Zimmerman,M,57.0,NM
2003,196.0,28:16:29,1696,Luc,Beauchamp,M,44.0,CA
2003,197.0,28:17:58,1697,Michael,Schiff,M,48.0,CA
2003,198.0,28:19:07,1699,Timothy J.,Shay,M,55.0,NJ
2003,199.0,28:19:31,1699,Michael,Huss,M,45.0,CA
2003,200.0,28:19:37,1699,Ken,Crouse,M,47.0,CA
2003,201.0,28:21:48,1701,Firdaus,Dotiwala,M,34.0,NY
2003,202.0,28:25:43,1705,Marty,Fritzhand,M,60.0,OH
2003,203.0,28:28:03,1708,Peggy,Davidson,F,47.0,CA
2003,204.0,28:29:32,1709,Sandy,Geisel,F,39.0,GA
2003,205.0,28:29:39,1709,Craig,Heinselman,M,45.0,CA
2003,206.0,28:30:42,1710,Chris,O'Brien,M,46.0,CA
2003,207.0,28:31:37,1711,Letha,Cruthirds,F,49.0,TX
2003,208.0,28:33:08,1713,Robert,Lynes,M,64.0,WA
2003,209.0,28:39:27,1719,Ken,Brook,M,60.0,CA
2003,210.0,28:42:47,1722,Wendy,Hanson,F,31.0,MN
2003,211.0,28:42:56,1722,Eric,Levy-Myers,M,42.0,VA
2003,212.0,28:42:58,1722,James,Diehl,M,49.0,OK
2003,213.0,28:44:14,1724,Steve,Collins,M,54.0,WA
2003,214.0,28:44:26,1724,Jennifer,Schubert-Akin,F,45.0,CO
2003,215.0,28:47:06,1727,Linda,Rapposelli,F,47.0,CA
2003,216.0,28:50:40,1730,Ross,Meyer,M,52.0,IL
2003,217.0,28:52:35,1732,Bob,Oberkehr,M,48.0,NJ
2003,218.0,28:55:10,1735,Terry,Rhodes,F,47.0,NV
2003,219.0,28:55:10,1735,John,Rhodes,M,55.0,NV
2003,220.0,28:56:40,1736,Joan,Scannell,F,57.0,CA
2003,221.0,28:56:47,1736,Thorsten,Treptow,M,37.0,GERMANY
2003,222.0,28:59:24,1739,Sean,Greenhill,M,24.0,AUSTRALIA
2003,223.0,29:00:33,1740,Allan,Holtz,M,53.0,MN
2003,224.0,29:01:07,1741,Kristina,Irvin,F,45.0,CA
2003,225.0,29:01:41,1741,Robert K,Taylor,M,41.0,OR
2003,226.0,29:05:43,1745,Geoffrey,Baker,M,44.0,MD
2003,227.0,29:06:50,1746,Tim D.,Lang,M,64.0,WI
2003,228.0,29:06:53,1746,Kathy,Crompton,F,46.0,WA
2003,229.0,29:07:10,1747,John,Whitin,M,52.0,CA
2003,230.0,29:10:00,1750,Jack,Menard,M,53.0,CO
2003,231.0,29:10:06,1750,Tony,Bierman,M,47.0,IL
2003,232.0,29:11:17,1751,Ralph,Hirt,M,65.0,CA
2003,233.0,29:12:43,1752,Yagya,Lal Shrestha,M,23.0,NEPAL
2003,234.0,29:14:21,1754,Steve,Michael,M,53.0,GA
2003,235.0,29:14:22,1754,James,Sullivan,M,51.0,FL
2003,236.0,29:15:29,1755,Diane,Dixon-Johnson,F,51.0,CA
2003,237.0,29:16:23,1756,Jim,Young,M,62.0,CA
2003,238.0,29:16:58,1756,Noora,Alidina,F,46.0,FL
2003,239.0,29:19:32,1759,Douglas R.,Thomas,M,49.0,MN
2003,240.0,29:20:02,1760,Nancy,Meendering,F,28.0,SD
2003,241.0,29:22:47,1762,David,Milburn,M,49.0,CA
2003,242.0,29:22:47,1762,Hans-Dieter,Weisshaar,M,63.0,GERMANY
2003,243.0,29:25:07,1765,Kevin,Griffin,M,48.0,CA
2003,244.0,29:27:00,1767,Marla,Buechner,F,50.0,FL
2003,245.0,29:28:01,1768,Don,Lundell,M,41.0,CA
2003,246.0,29:28:48,1768,Wayne,Coates,M,55.0,AZ
2003,247.0,29:28:58,1768,Dick,Canterbury,M,55.0,IN
2003,248.0,29:30:16,1770,Bill,Nictakis,M,43.0,TX
2003,249.0,29:33:31,1773,Randy,Koch,M,45.0,CA
2003,250.0,29:33:31,1773,Terri,Sanford,F,41.0,CA
2003,251.0,29:33:38,1773,Suzanne,Weightman,F,39.0,PA
2003,252.0,29:33:49,1773,Donny,Keller,M,45.0,PA
2003,253.0,29:34:35,1774,Steven,Lind,M,49.0,IA
2003,254.0,29:35:37,1775,Sam,Voltaggio,M,51.0,TX
2003,255.0,29:37:34,1777,Richard W.,Shear,M,54.0,NY
2003,256.0,29:38:46,1778,Cheri,Gillis,F,51.0,WA
2003,257.0,29:39:34,1779,Lorraine,Gersitz,F,49.0,CA
2003,258.0,29:39:35,1779,Bruce,Guter,M,48.0,CA
2003,259.0,29:42:35,1782,Alli,Lacroix,F,27.0,AZ
2003,260.0,29:43:04,1783,Andy,Boyd,M,61.0,CA
2003,261.0,29:43:44,1783,Scott,Wagner,M,38.0,MN
2003,262.0,29:46:59,1786,John,Prohira,M,49.0,NY
2003,263.0,29:47:22,1787,Karen,Hanke,F,41.0,CA
2003,264.0,29:47:30,1787,Walter,Schaller,M,66.0,OH
2003,265.0,29:51:36,1791,Beth,Simpson-Hall,F,44.0,WI
2003,266.0,29:51:47,1791,Jamie,Wilson,M,47.0,CANADA
2003,267.0,29:52:04,1792,Marge,Burley,F,57.0,MD
2003,268.0,29:53:33,1793,Thomas,Green,M,52.0,MD
2003,269.0,29:53:48,1793,Milo,Lewis Sr.,M,49.0,CA
2003,270.0,29:55:09,1795,Brent,Craven,M,53.0,UT
2003,271.0,29:55:49,1795,Carol,Cuminale,F,51.0,CA
2003,272.0,29:55:56,1795,Pierre,Ostor,M,46.0,MN
2004,1.0,15:36:27,936,Scott,Jurek,M,30.0,WA
2004,2.0,16:30:17,990,Dave,Mackey,M,34.0,CO
2004,3.0,17:17:16,1037,Hal,Koerner,M,28.0,CO
2004,4.0,17:39:37,1059,Erik,Skaden,M,32.0,CA
2004,5.0,17:43:12,1063,Joe,Kulak,M,36.0,CO
2004,6.0,17:59:59,1079,Nicholas,Bingham,M,33.0,NV
2004,7.0,18:09:41,1089,Dean,Karnazes,M,41.0,CA
2004,8.0,18:26:48,1106,Andy,Jones-Wilkins,M,36.0,CA
2004,9.0,18:41:37,1121,David,Terry,M,42.0,OR
2004,10.0,18:43:25,1123,Nikki,Kimball,F,33.0,NY
2004,11.0,18:46:26,1126,Craig,Thornley,M,40.0,OR
2004,12.0,18:54:24,1134,Tim,Twietmeyer,M,45.0,CA
2004,13.0,19:03:21,1143,Kevin,Sawchuk,M,38.0,CA
2004,14.0,19:08:13,1148,Simon,Mtuy,M,32.0,TANZANIA
2004,15.0,19:09:13,1149,Todd,Holmes,M,48.0,CO
2004,16.0,19:38:54,1178,Rick,Simonsen,M,43.0,CA
2004,17.0,19:42:40,1182,Luanne,Park,F,43.0,CA
2004,18.0,19:43:13,1183,Andy,Nicol,M,44.0,CANADA
2004,19.0,20:08:43,1208,Jeff,Riley,M,35.0,OR
2004,20.0,20:21:09,1221,Steve,Smucker,M,50.0,OR
2004,21.0,20:24:13,1224,Carol,O'Hear,F,29.0,WA
2004,22.0,20:29:23,1229,Paul,Schoenlaub,M,44.0,MO
2004,23.0,20:33:35,1233,Timothy,Halder,M,30.0,WA
2004,24.0,20:33:59,1233,Rick,Hessek,M,38.0,CO
2004,25.0,20:38:16,1238,Diana,Fitzpatrick,F,46.0,CA
2004,26.0,20:41:54,1241,Michael,Sweeney,M,49.0,CA
2004,27.0,20:43:19,1243,Jim,Huffman,M,36.0,UT
2004,28.0,20:43:34,1243,Ken,Gregorich,M,45.0,CA
2004,29.0,21:14:04,1274,Mark,Williams,M,38.0,CA
2004,30.0,21:15:36,1275,Scott,Mills,M,53.0,VA
2004,31.0,21:16:15,1276,Connie,Gardner,F,40.0,OH
2004,32.0,21:30:58,1290,Angel,Perez,M,32.0,CA
2004,33.0,21:32:22,1292,Joe,Carrara,M,41.0,VT
2004,34.0,21:42:42,1302,Julie,Fingar,F,28.0,CA
2004,35.0,21:44:17,1304,Thomas,Mikkelsen,M,31.0,MA
2004,36.0,21:47:05,1307,Jeff,Kozak,M,30.0,CA
2004,37.0,21:49:59,1309,Bryon,Powell,M,26.0,VA
2004,38.0,21:52:27,1312,Glenn,Mackie,M,42.0,TX
2004,39.0,22:06:20,1326,Monica,Scholz,F,37.0,CANADA
2004,40.0,22:08:09,1328,Diana,Finkel,F,32.0,CO
2004,41.0,22:08:59,1328,Devin,Corcoran,M,46.0,CA
2004,42.0,22:11:13,1331,Jennifer,Pfeifer,F,32.0,CA
2004,43.0,22:11:53,1331,Robert,Pokorny,M,43.0,OH
2004,44.0,22:15:50,1335,Ric,Hatch,M,49.0,CA
2004,45.0,22:19:24,1339,Adalberto,Mendoza,M,52.0,CA
2004,46.0,22:20:22,1340,Rena,Schumann,F,43.0,CA
2004,47.0,22:29:06,1349,Charles,Stevens,M,48.0,CA
2004,48.0,22:40:44,1360,Topher,Gaylord,M,34.0,ITALY
2004,49.0,22:53:01,1373,Jay,Grobeson,M,43.0,CA
2004,50.0,22:55:56,1375,Jerry,Bloom,M,51.0,CA
2004,51.0,22:58:05,1378,Robert,Evans,M,37.0,CA
2004,52.0,23:00:41,1380,Rodney,Bien,M,31.0,OR
2004,53.0,23:03:51,1383,Greg,Nacco,M,44.0,CA
2004,54.0,23:06:47,1386,Frank,Earnest,M,53.0,CA
2004,55.0,23:10:56,1390,Joe,Constantino,M,35.0,TX
2004,56.0,23:11:08,1391,Dennis,Hoagland,M,49.0,CA
2004,57.0,23:12:01,1392,Ron,Rogowski,M,32.0,CA
2004,58.0,23:13:21,1393,Keith,Knipling,M,28.0,IL
2004,59.0,23:14:13,1394,Rob,Byrne,M,46.0,CA
2004,60.0,23:15:28,1395,John,Trent,M,41.0,NV
2004,61.0,23:15:50,1395,Suzanna,Bon,F,39.0,CA
2004,62.0,23:19:21,1399,John,Marshall,M,35.0,CA
2004,63.0,23:19:48,1399,Davy,Kennamer,M,45.0,AL
2004,64.0,23:20:15,1400,Florencia,Gascon-Amyx,F,39.0,CA
2004,65.0,23:20:23,1400,Ragan,Petrie,F,38.0,GA
2004,66.0,23:24:00,1404,Joseph,McDonald,M,50.0,CA
2004,67.0,23:30:47,1410,David,Messman,M,44.0,CA
2004,68.0,23:31:57,1411,Wade,Blomgren,M,43.0,CA
2004,69.0,23:32:26,1412,Paul,Stofko,M,28.0,IN
2004,70.0,23:34:22,1414,Stephen,Bell,M,49.0,CA
2004,71.0,23:34:30,1414,Stewart,Gibeau,M,42.0,NC
2004,72.0,23:35:24,1415,Adelaido,Solis,M,35.0,CA
2004,73.0,23:36:24,1416,Gabor,Kozinc,M,41.0,CA
2004,74.0,23:36:42,1416,Terri,Schneider,F,42.0,CA
2004,75.0,23:37:04,1417,William,Ramsey,M,51.0,CA
2004,76.0,23:38:22,1418,Lars,Saetran,M,51.0,NORWAY
2004,77.0,23:38:27,1418,Frank,Bozanich,M,60.0,NV
2004,78.0,23:41:23,1421,Lawrence,Visak,M,48.0,CA
2004,79.0,23:44:23,1424,Marc,Sanderson,M,33.0,UT
2004,80.0,23:45:36,1425,Todd,Hayes,M,54.0,CA
2004,81.0,23:47:51,1427,Bill,Finkbeiner,M,48.0,CA
2004,82.0,23:48:30,1428,Jason,Davis,M,33.0,CA
2004,83.0,23:49:11,1429,James,Rudig,M,35.0,OR
2004,84.0,23:50:28,1430,John,Nichols,M,39.0,CA
2004,85.0,23:51:20,1431,Geoffrey,Scott,M,55.0,NC
2004,86.0,23:53:04,1433,Blake,Benke,M,27.0,NC
2004,87.0,23:53:57,1433,Whit,Rambach,M,37.0,CA
2004,88.0,23:54:09,1434,Wendy,Montgomery,F,37.0,CANADA
2004,89.0,23:58:46,1438,David,Kamp,M,56.0,OR
2004,90.0,24:10:22,1450,Richard,Knapp,M,52.0,NM
2004,91.0,24:33:41,1473,Laura,Yasso,F,44.0,PA
2004,92.0,24:35:34,1475,Kelly,Ridgway,F,46.0,CA
2004,93.0,24:40:38,1480,Kelly,Solverson,F,34.0,CA
2004,94.0,24:48:31,1488,John C.,Price,M,46.0,OR
2004,95.0,25:03:39,1503,Michael,Hernandez,M,51.0,CA
2004,96.0,25:05:35,1505,Janice,Anderson,F,38.0,GA
2004,97.0,25:15:30,1515,Al,Catalano,M,51.0,MA
2004,98.0,25:16:03,1516,Dan,Brenden,M,53.0,AZ
2004,99.0,25:17:32,1517,Gary,Knipling,M,60.0,VA
2004,100.0,25:19:26,1519,Olga,Varlamova,F,34.0,NY
2004,101.0,25:22:46,1522,David,Kim,M,61.0,CA
2004,102.0,25:28:25,1528,Mike,Pastore,M,49.0,SC
2004,103.0,25:28:51,1528,Chip,Collins,M,41.0,OR
2004,104.0,25:30:10,1530,Edwin,Heller,M,42.0,NM
2004,105.0,25:35:59,1535,Lon,Monroe,M,57.0,NV
2004,106.0,25:39:50,1539,Ronda,Sundermeier,F,37.0,OR
2004,107.0,25:42:00,1542,Howard,Cohen,M,45.0,CA
2004,108.0,25:42:19,1542,Chris,Garcia,M,41.0,CA
2004,109.0,25:43:30,1543,Jimmy,Fullerton,M,49.0,CA
2004,110.0,25:45:13,1545,Carol,Gerber,F,41.0,CO
2004,111.0,25:53:41,1553,Les,Jones,M,45.0,TN
2004,112.0,25:53:41,1553,Steven,Kirk,M,43.0,AR
2004,113.0,25:55:13,1555,Todd,Ritola,M,36.0,CA
2004,114.0,25:55:44,1555,Kevin,Carroll,M,49.0,WA
2004,115.0,25:56:05,1556,Leland,Kern,M,47.0,MT
2004,116.0,25:57:53,1557,Tommy,Gallagher,M,47.0,NV
2004,117.0,26:15:19,1575,Charlie,Crissman,M,36.0,WA
2004,118.0,26:22:57,1582,Dave,Mahan,M,43.0,MA
2004,119.0,26:23:02,1583,Marc,Dube,M,30.0,CA
2004,120.0,26:25:23,1585,Chrissy,Weiss,F,43.0,CA
2004,121.0,26:26:05,1586,Ashley,Idema,F,24.0,CA
2004,122.0,26:30:59,1590,Steve,Plumb,M,33.0,WA
2004,123.0,26:32:20,1592,Ron,Harding,M,56.0,AZ
2004,124.0,26:35:24,1595,Garry,Sewell,M,43.0,CA
2004,125.0,26:36:01,1596,Ron,Cunningham,M,55.0,OR
2004,126.0,26:36:56,1596,Lynn,Schankliess,F,37.0,CA
2004,127.0,26:40:00,1600,Michael,Huss,M,45.0,CA
2004,128.0,26:42:16,1602,Carlos,Ibarra,M,33.0,TX
2004,129.0,26:45:59,1605,David,Juneau,M,40.0,CT
2004,130.0,26:46:20,1606,Jim,Magill,M,57.0,CA
2004,131.0,26:47:26,1607,Dutch,Widler,M,46.0,CA
2004,132.0,26:48:09,1608,Lorraine,Sorensen,F,54.0,CA
2004,133.0,26:49:04,1609,Grant,Swanson,M,52.0,CA
2004,134.0,26:49:18,1609,Jerry,Letendre,M,42.0,SC
2004,135.0,26:50:11,1610,Kevin,Petrisko,M,34.0,WA
2004,136.0,26:50:25,1610,Keith,Blom,M,47.0,CA
2004,137.0,26:51:13,1611,Clyde,Aker,M,52.0,CA
2004,138.0,26:51:15,1611,Lawrence,Cawthon,M,57.0,NM
2004,139.0,26:52:06,1612,Jeffrey,Heischman,M,56.0,CA
2004,140.0,26:53:45,1613,James,Campiformio,M,54.0,CT
2004,141.0,26:53:56,1613,Jeff,Collins,M,50.0,CA
2004,142.0,26:58:19,1618,Michael,Gleman,M,56.0,FL
2004,143.0,27:01:37,1621,Mariela,Botella,F,38.0,TX
2004,144.0,27:05:49,1625,David C.,Woodruff,M,46.0,CA
2004,145.0,27:07:12,1627,German,Collazos,M,46.0,TX
2004,146.0,27:09:58,1629,Terry,Rhodes,F,48.0,NV
2004,147.0,27:10:26,1630,Robert K.,Taylor,M,42.0,OR
2004,148.0,27:10:48,1630,Catra,Corbett-McNeely,F,39.0,CA
2004,149.0,27:12:26,1632,Nancee,Kuehn,F,31.0,CA
2004,150.0,27:14:13,1634,Les,Harder,M,46.0,CANADA
2004,151.0,27:14:13,1634,Horst,Willer,M,49.0,CANADA
2004,152.0,27:15:57,1635,Joe,Mitchell,M,43.0,CA
2004,153.0,27:19:32,1639,Keith,Callaway,M,36.0,WA
2004,154.0,27:26:32,1646,Alex,Sox-Harris,M,41.0,CA
2004,155.0,27:27:04,1647,Larry,Swanson,M,53.0,IL
2004,156.0,27:27:16,1647,Vince,Varone,M,44.0,WI
2004,157.0,27:28:16,1648,Dan,Williams,M,55.0,CA
2004,158.0,27:28:41,1648,Doug,Gimenez,M,52.0,TX
2004,159.0,27:29:46,1649,Matthew,Watts,M,47.0,CO
2004,160.0,27:30:43,1650,James M.,Sullivan Jr.,M,52.0,FL
2004,161.0,27:30:50,1650,Larry,Ramaekers,M,52.0,CA
2004,162.0,27:31:39,1651,Kirk,McCarville,M,50.0,AZ
2004,163.0,27:34:41,1654,Cheryl,Mulvey,F,44.0,MA
2004,164.0,27:34:49,1654,Robert,Kronkhyte,M,48.0,CA
2004,165.0,27:34:56,1654,Brian,Kathol,M,45.0,CANADA
2004,166.0,27:35:35,1655,Jeffery,Rogers,M,42.0,CA
2004,167.0,27:36:01,1656,Charles,Savage,M,56.0,CA
2004,168.0,27:36:55,1656,Debbie,Leftwich,F,50.0,UK
2004,169.0,27:37:37,1657,Thomas R.,Holland,M,33.0,TN
2004,170.0,27:38:37,1658,Beth,Simpson,F,45.0,WI
2004,171.0,27:39:29,1659,Kim,Martin,F,39.0,OH
2004,172.0,27:39:46,1659,Michael,Daku,M,45.0,AK
2004,173.0,27:41:03,1661,Mark,Seaman,M,44.0,CA
2004,174.0,27:42:50,1662,James,Ehasz,M,51.0,WI
2004,175.0,27:43:56,1663,Sergio,Silva,M,49.0,CA
2004,176.0,27:46:07,1666,Peggy,Davidson,F,48.0,CA
2004,177.0,27:46:26,1666,Karen,Pierce,F,41.0,CA
2004,178.0,27:46:30,1666,Sarah,Spelt,F,45.0,CA
2004,179.0,27:48:17,1668,Jake,Jones,M,31.0,CO
2004,180.0,27:52:07,1672,Joe,Braninburg,M,60.0,NV
2004,181.0,27:54:32,1674,Dan,Daly,M,45.0,CA
2004,182.0,27:55:13,1675,Tony,Bierman,M,48.0,IL
2004,183.0,27:55:20,1675,Luc,Beauchamp,M,45.0,SOUTH KOREA
2004,184.0,27:55:29,1675,Jim,Austreng,M,49.0,CA
2004,185.0,27:55:50,1675,Brian,Draper,M,51.0,CA
2004,186.0,27:58:07,1678,Norman,Richardson,M,49.0,MA
2004,187.0,27:58:09,1678,Mark,Perrault,M,48.0,VT
2004,188.0,27:59:48,1679,John,McCarthy,M,44.0,IL
2004,189.0,28:06:44,1686,Keith,Rieger,M,36.0,TX
2004,190.0,28:07:13,1687,David,Corley,M,42.0,TX
2004,191.0,28:07:24,1687,John B.,Wood,M,54.0,FL
2004,192.0,28:09:11,1689,Kelly,Beattie,F,41.0,CA
2004,193.0,28:11:27,1691,Larry,Teeter,M,44.0,TX
2004,194.0,28:11:34,1691,Thomas,Schnitzius,M,51.0,IL
2004,195.0,28:13:02,1693,David,Bliss,M,41.0,WA
2004,196.0,28:14:08,1694,Jack,Emery,M,57.0,CA
2004,197.0,28:15:27,1695,Matt,Beck,M,35.0,IL
2004,198.0,28:17:14,1697,Leslie,Bardessono,F,41.0,CA
2004,199.0,28:17:35,1697,David E.,Huck,M,55.0,MI
2004,200.0,28:17:35,1697,Paul,Mingo,M,54.0,MI
2004,201.0,28:17:47,1697,Dennis,Aslett,M,55.0,ID
2004,202.0,28:18:33,1698,Thomas,Corris,M,51.0,VA
2004,203.0,28:19:52,1699,Greg,Power,M,53.0,CA
2004,204.0,28:21:20,1701,Mark,Falcone,M,47.0,CA
2004,205.0,28:25:16,1705,William,Roland,M,49.0,CA
2004,206.0,28:25:17,1705,Steve,James,M,53.0,CA
2004,207.0,28:25:28,1705,William,Pohl,M,33.0,CA
2004,208.0,28:26:26,1706,Scott,Parker,M,40.0,AL
2004,209.0,28:26:27,1706,Nancy,Warren,F,38.0,CA
2004,210.0,28:26:40,1706,Jim,Blanchard,M,54.0,WI
2004,211.0,28:28:01,1708,Michael,Saraniero,M,29.0,VA
2004,212.0,28:29:56,1709,Ralph,Hirt,M,66.0,CA
2004,213.0,28:31:00,1711,Michael R.,Riggs,M,44.0,TX
2004,214.0,28:31:38,1711,Carol,Cuminale,F,52.0,CA
2004,215.0,28:31:43,1711,Mark,Wieneke,M,52.0,CA
2004,216.0,28:33:24,1713,Melquisedec,Quecan,M,65.0,MD
2004,217.0,28:34:18,1714,Joann,Grether,F,46.0,CA
2004,218.0,28:35:09,1715,Mark,Metcalfe,M,35.0,CA
2004,219.0,28:36:25,1716,Steven,Shwer,M,47.0,FL
2004,220.0,28:38:01,1718,Kristina,Irvin,F,46.0,CA
2004,221.0,28:38:07,1718,Jeff,LaMora,M,30.0,UT
2004,222.0,28:38:09,1718,M. Shane,Martin,M,37.0,UT
2004,223.0,28:39:30,1719,Cathy,Tibbetts,F,49.0,NM
2004,224.0,28:40:31,1720,Jesus Zeus,Estrada,M,44.0,MA
2004,225.0,28:41:08,1721,Larry G.,Hall,M,50.0,IL
2004,226.0,28:41:45,1721,Charles,Kratochvil,M,51.0,CA
2004,227.0,28:43:59,1723,John,Butterick,M,53.0,FL
2004,228.0,28:44:15,1724,Larry,Pederson,M,49.0,MN
2004,229.0,28:44:21,1724,Scott,Olmer,M,33.0,CO
2004,230.0,28:44:50,1724,Joan,Messick,F,34.0,DE
2004,231.0,28:45:27,1725,Geoffrey,Going,M,59.0,RI
2004,232.0,28:46:11,1726,Peter,Copelas,M,44.0,MA
2004,233.0,28:46:16,1726,Matthew,Radeski,M,44.0,CA
2004,234.0,28:47:43,1727,Milan,Varga,M,59.0,NV
2004,235.0,28:49:22,1729,Adrian,Crane,M,48.0,CA
2004,236.0,28:52:42,1732,David,Harper,M,40.0,FL
2004,237.0,28:59:32,1739,Jamshid,Khajavi,M,51.0,WA
2004,238.0,29:00:27,1740,Shannon,Farar-Griefer,F,43.0,CA
2004,239.0,29:02:38,1742,Herbert,Norton,M,36.0,MT
2004,240.0,29:04:42,1744,Ray,Mount,M,57.0,MA
2004,241.0,29:08:43,1748,Joan,Scannell,F,58.0,CA
2004,242.0,29:11:10,1751,Milo,Lewis,M,50.0,CA
2004,243.0,29:11:21,1751,Roger,Jensen,M,44.0,CA
2004,244.0,29:11:37,1751,Rob,Apple,M,42.0,TN
2004,245.0,29:11:37,1751,Wesley,Fenton,M,43.0,OH
2004,246.0,29:11:48,1751,Letha,Cruthirds,F,50.0,TX
2004,247.0,29:11:50,1751,Chris,Muller,M,34.0,CA
2004,248.0,29:12:47,1752,Caroline,Heron,F,43.0,CA
2004,249.0,29:15:32,1755,Fred,Dummar,M,35.0,NC
2004,250.0,29:15:42,1755,Marilyn,Farmer,F,45.0,WA
2004,251.0,29:17:03,1757,Caroline,Spencer,F,42.0,WI
2004,252.0,29:19:23,1759,Cindie,McKenna,F,54.0,OR
2004,253.0,29:19:52,1759,Cheryl,Loomis,F,56.0,HI
2004,254.0,29:20:06,1760,Tony,Jankowski,M,51.0,CA
2004,255.0,29:21:36,1761,Lora,Zagnoli,F,42.0,CA
2004,256.0,29:22:00,1762,Lori,Hoffmann,F,46.0,CA
2004,257.0,29:22:40,1762,David,Milburn,M,50.0,CA
2004,258.0,29:23:12,1763,Harry,Sloan,M,55.0,WI
2004,259.0,29:24:27,1764,Douglas,Nast,M,51.0,WA
2004,260.0,29:25:34,1765,Fred,Pollard,M,64.0,CA
2004,261.0,29:26:26,1766,Jack,Andrish,M,60.0,OH
2004,262.0,29:26:51,1766,Christine,Flaherty,F,50.0,CA
2004,263.0,29:30:33,1770,Susan,Hagerty,F,44.0,CA
2004,264.0,29:31:18,1771,Sharon,Sanders,F,45.0,CA
2004,265.0,29:34:52,1774,Gordy,Ainsleigh,M,57.0,CA
2004,266.0,29:35:28,1775,Chris,Fall,M,41.0,AZ
2004,267.0,29:35:41,1775,Stephanie,Astell,F,41.0,WA
2004,268.0,29:36:18,1776,Stan,Ostrom,M,61.0,NV
2004,269.0,29:37:31,1777,Scott,Snyder,M,49.0,CO
2004,270.0,29:37:31,1777,Andy,Boyd,M,62.0,CA
2004,271.0,29:39:15,1779,Ryan,Dexter,M,28.0,WI
2004,272.0,29:39:22,1779,Bill,Thompson,M,60.0,AUSTRALIA
2004,273.0,29:40:40,1780,Karen,Hanke,F,42.0,CA
2004,274.0,29:43:15,1783,Stephen,Hudgens,M,48.0,TX
2004,275.0,29:47:40,1787,Dimitri,Kieffer,M,38.0,FRANCE
2004,276.0,29:48:09,1788,Karsten,Solheim,M,67.0,AZ
2004,277.0,29:54:46,1794,Steve,Reagan,M,51.0,CA
2004,278.0,29:57:36,1797,Jim,Hopkins,M,55.0,CA
2005,1.0,16:40:45,1000,Scott,Jurek,M,31.0,WA
2005,2.0,17:07:13,1027,Andy,Jones-Wilkins,M,37.0,CA
2005,3.0,17:16:12,1036,Joe,Kulak,M,37.0,CO
2005,4.0,17:56:26,1076,Guillermo,Medina,M,30.0,CA
2005,5.0,18:01:33,1081,James,Kerby,M,42.0,WA
2005,6.0,18:03:17,1083,John,Ticer,M,48.0,OR
2005,7.0,18:14:17,1094,Dean,Karnazes,M,42.0,CA
2005,8.0,18:18:00,1098,Tom,Nielsen,M,45.0,CA
2005,9.0,18:22:41,1102,Jim,Huffman,M,37.0,UT
2005,10.0,18:25:41,1105,Craig,Thornley,M,41.0,OR
2005,11.0,18:31:30,1111,Tim,Twietmeyer,M,46.0,CA
2005,12.0,18:32:46,1112,Phill,Kiddoo,M,30.0,CA
2005,13.0,18:39:01,1119,Annette,Bednosky,F,38.0,NC
2005,14.0,19:12:51,1152,David,Terry,M,43.0,OR
2005,15.0,19:16:25,1156,Beverley,Anderson-Abbs,F,41.0,CA
2005,16.0,19:16:25,1156,Brian,Purcell,M,49.0,CA
2005,17.0,19:16:37,1156,Vincent,Delebarre,M,37.0,FRANCE
2005,18.0,19:18:08,1158,Graham,Cooper,M,35.0,CA
2005,19.0,19:19:34,1159,Jonathan,Olsen,M,30.0,CA
2005,20.0,19:20:35,1160,Timothy,Fitzpatrick,M,44.0,CA
2005,21.0,19:30:09,1170,Bryon,Powell,M,27.0,VA
2005,22.0,19:39:55,1179,Stan,Holman,M,40.0,WA
2005,23.0,19:42:19,1182,James,Bonnett,M,18.0,AZ
2005,24.0,19:45:09,1185,Brian,Fisher,M,39.0,CO
2005,25.0,19:49:58,1189,Mark,Lantz,M,39.0,CA
2005,26.0,19:58:46,1198,Karine,Herry,F,37.0,FRANCE
2005,27.0,20:08:34,1208,Kendall,Kreft,M,46.0,WA
2005,28.0,20:22:14,1222,Simon,Mtuy,M,33.0,TANZANIA
2005,29.0,20:29:19,1229,Mark,Hartell,M,40.0,UK
2005,30.0,20:30:10,1230,Rick,Simonsen,M,44.0,CA
2005,31.0,20:34:42,1234,Kevin,Sawchuk,M,39.0,CA
2005,32.0,20:39:46,1239,Phil,Kochik,M,27.0,WA
2005,33.0,20:41:49,1241,Don,Freeman,M,41.0,CA
2005,34.0,20:42:08,1242,Ralph,Pooler,M,38.0,WA
2005,35.0,20:51:48,1251,Topher,Gaylord,M,35.0,ITALY
2005,36.0,20:53:05,1253,Kristin,Moehl Sybrowsky,F,27.0,WA
2005,37.0,20:56:12,1256,John,Trent,M,42.0,NV
2005,38.0,21:17:00,1277,Derrick,Carr,M,44.0,VA
2005,39.0,21:17:00,1277,Tim,Putney,M,30.0,CA
2005,40.0,21:20:00,1280,Nicholas,Bingham,M,34.0,NV
2005,41.0,21:22:00,1282,Will,Harlan,M,29.0,NC
2005,42.0,21:23:00,1283,Luis,Escobar,M,42.0,CA
2005,43.0,21:23:00,1283,Devin,Corcoran,M,47.0,CA
2005,44.0,21:26:51,1286,Joseph,Swenson,M,49.0,CA
2005,45.0,21:31:21,1291,Luanne,Park,F,44.0,CA
2005,46.0,21:39:01,1299,Alan,Abbs,M,35.0,CA
2005,47.0,21:39:59,1299,Lee,McKinley,M,43.0,CA
2005,48.0,21:49:19,1309,Michael,Cook,M,34.0,CA
2005,49.0,21:50:04,1310,Michael,Mason,M,34.0,VA
2005,50.0,21:55:05,1315,Mark,Williams,M,39.0,CA
2005,51.0,21:56:36,1316,Jon,Docs,M,42.0,FL
2005,52.0,22:03:46,1323,Julie,Fingar,F,29.0,CA
2005,53.0,22:09:15,1329,Jim,Scott,M,45.0,CA
2005,54.0,22:14:00,1334,Chris,Luberecki,M,38.0,CA
2005,55.0,22:15:59,1335,Tim,Englund,M,38.0,WA
2005,56.0,22:26:24,1346,Mark,Hartinger,M,48.0,WA
2005,57.0,22:26:33,1346,Steve,Roark,M,37.0,NV
2005,58.0,22:27:14,1347,Stan,Ferguson,M,41.0,AR
2005,59.0,22:27:16,1347,Phil,Shaw,M,19.0,WA
2005,60.0,22:28:39,1348,Whit,Rambach,M,38.0,CA
2005,61.0,22:32:27,1352,Michael F.,Vieyra,M,51.0,PA
2005,62.0,22:34:32,1354,Terry,Lee,M,36.0,CA
2005,63.0,22:35:16,1355,Rob,Byrne,M,47.0,CA
2005,64.0,22:38:54,1358,Klas,Eklof,M,34.0,CA
2005,65.0,22:40:58,1360,John,Nichols,M,40.0,CA
2005,66.0,22:41:23,1361,Francesca,Conte,F,32.0,VA
2005,67.0,22:43:56,1363,Bill,Thomas,M,48.0,WA
2005,68.0,22:49:19,1369,Karl,Hoagland,M,40.0,CA
2005,69.0,22:52:22,1372,Paul,Holovnia,M,43.0,MN
2005,70.0,22:55:50,1375,Chip,Collins,M,42.0,OR
2005,71.0,22:59:25,1379,Ronda,Sundermeier,F,38.0,OR
2005,72.0,23:00:16,1380,Carlos,Ibarra,M,34.0,TX
2005,73.0,23:14:51,1394,Olga,Varlamova,F,35.0,OR
2005,74.0,23:15:54,1395,Allen,Rodger Boyce,M,54.0,OR
2005,75.0,23:24:19,1404,Robert,Cain,M,51.0,OR
2005,76.0,23:27:37,1407,Todd,Salzer,M,31.0,CO
2005,77.0,23:28:55,1408,Dan,Williams,M,56.0,CA
2005,78.0,23:29:57,1409,Stephen,Bell,M,50.0,CA
2005,79.0,23:31:30,1411,Dink,Taylor,M,40.0,AL
2005,80.0,23:32:33,1412,Mike,Pelechaty,M,50.0,OH
2005,81.0,23:35:09,1415,Gary,Wang,M,37.0,CA
2005,82.0,23:36:55,1416,Mark,Morris,M,47.0,TX
2005,83.0,23:37:04,1417,Cecil,Baumgartner,M,49.0,CA
2005,84.0,23:37:19,1417,Philip,McCarthy,M,37.0,NY
2005,85.0,23:39:15,1419,David,Ruvalcaba,M,50.0,CA
2005,86.0,23:39:25,1419,Charles,Stevens,M,49.0,CA
2005,87.0,23:39:27,1419,Leslie,Bardessono,F,42.0,CA
2005,88.0,23:40:32,1420,Bill,Finkbeiner,M,49.0,CA
2005,89.0,23:41:08,1421,Johnny,Buice,M,50.0,GA
2005,90.0,23:41:51,1421,Zachi,Baharav,M,40.0,CA
2005,91.0,23:42:05,1422,Sean,Meissner,M,31.0,OR
2005,92.0,23:42:54,1422,Kathy,Youngren,F,30.0,AL
2005,93.0,23:44:33,1424,Theo,Wirth,M,41.0,CA
2005,94.0,23:44:42,1424,Andrew,Mathews,M,43.0,FL
2005,95.0,23:44:53,1424,Matt,Lambert,M,37.0,CA
2005,96.0,23:45:32,1425,Jon,Sinclair,M,47.0,CO
2005,97.0,23:46:36,1426,John,Liebeskind,M,44.0,OR
2005,98.0,23:47:16,1427,Vance,Roget,M,51.0,CA
2005,99.0,23:47:16,1427,Gordy,Ainsleigh,M,58.0,CA
2005,100.0,23:49:11,1429,Dawn,Infurna-Bean,F,37.0,CA
2005,101.0,23:50:16,1430,David,Kamp,M,57.0,OR
2005,102.0,23:50:56,1430,Grant,Swanson,M,53.0,CA
2005,103.0,23:54:43,1434,Ken,Fancett,M,55.0,UK
2005,104.0,23:58:23,1438,Ed,Willson,M,51.0,OR
2005,105.0,23:59:32,1439,Terri,Schneider,F,43.0,CA
2005,106.0,24:03:17,1443,Mark,Swanson,M,50.0,CA
2005,107.0,24:04:12,1444,Jamie,Sinclair,M,50.0,NEW ZEALAND
2005,108.0,24:08:26,1448,Darin,Hoover,M,40.0,AR
2005,109.0,24:16:09,1456,Bruce,Gungle,M,46.0,AZ
2005,110.0,24:16:10,1456,Monica,Scholz,F,37.0,CANADA
2005,111.0,24:30:00,1470,Sandra,Sendelbach-Hasse,F,38.0,NV
2005,112.0,24:31:00,1471,Byron,Backer,M,40.0,SC
2005,113.0,24:31:00,1471,Rick,Miller,M,50.0,CA
2005,114.0,24:35:00,1475,Peter,Foxall,M,52.0,UK
2005,115.0,24:52:06,1492,Bill,Thom,M,44.0,IL
2005,116.0,24:53:48,1493,Rena,Schumann,F,44.0,CA
2005,117.0,25:01:29,1501,Michael,Hernandez,M,52.0,CA
2005,118.0,25:09:16,1509,Dan,Brenden,M,54.0,AZ
2005,119.0,25:14:05,1514,Jody,Chase,F,36.0,AZ
2005,120.0,25:17:50,1517,David,Schurr,M,44.0,CA
2005,121.0,25:18:13,1518,Lawrence,Ramaekers,M,53.0,CA
2005,122.0,25:21:24,1521,Tera,Dube,F,32.0,CA
2005,123.0,25:26:34,1526,Jim,Howard,M,50.0,CA
2005,124.0,25:32:59,1532,Lisa,Stranc Bliss,F,37.0,WA
2005,125.0,25:34:33,1534,Ken,Ward,M,48.0,OR
2005,126.0,25:34:45,1534,Elaina,McMahon,F,48.0,CA
2005,127.0,25:35:14,1535,Paul,Kenneth Lindauer,M,43.0,ID
2005,128.0,25:36:26,1536,Donn,Zea,M,47.0,CA
2005,129.0,25:40:28,1540,Gunhild,Swanson,F,60.0,WA
2005,130.0,25:41:15,1541,Jack S.,Meyer,M,41.0,CA
2005,131.0,25:42:01,1542,Tom,Wroblewski,M,46.0,CA
2005,132.0,25:44:11,1544,Dave,Eitrheim,M,48.0,WI
2005,133.0,25:44:14,1544,Tracy,Thomas,F,43.0,IL
2005,134.0,25:44:24,1544,Shan,Rooney,F,32.0,TX
2005,135.0,25:44:28,1544,Mike,Savage,M,46.0,CA
2005,136.0,25:46:28,1546,Erik,Moortgat,M,37.0,TX
2005,137.0,25:47:54,1547,Steven,Patt,M,56.0,CA
2005,138.0,25:51:44,1551,Jack,Christian,M,52.0,OK
2005,139.0,25:54:13,1554,Larry,Grill,M,55.0,CA
2005,140.0,25:55:21,1555,Doug,Bailey,M,53.0,CA
2005,141.0,25:56:57,1556,John,Spannuth,M,35.0,IL
2005,142.0,25:59:43,1559,Pamela,Reed,F,44.0,AZ
2005,143.0,26:00:58,1560,Randall,Thomsen,M,43.0,CA
2005,144.0,26:01:59,1561,Kev,Hawn,M,46.0,PA
2005,145.0,26:02:26,1562,Mary,Kitchens,F,49.0,CA
2005,146.0,26:07:39,1567,Jerry,Lile,M,46.0,CA
2005,147.0,26:11:08,1571,Dana,Gard,M,60.0,CA
2005,148.0,26:11:30,1571,Mark,McKinney,M,37.0,CA
2005,149.0,26:14:14,1574,Gunnlaugur,Juliusson,M,52.0,ICELAND
2005,150.0,26:14:53,1574,Jim,Sauve,M,51.0,CA
2005,151.0,26:16:47,1576,Stephen,Hamilton,M,48.0,SC
2005,152.0,26:20:06,1580,Robert,Kronkhyte,M,49.0,CA
2005,153.0,26:22:21,1582,Linda,Hurd,F,43.0,TX
2005,154.0,26:24:10,1584,Molly,Zurn,F,34.0,NV
2005,155.0,26:26:33,1586,Jamshid,Khajavi,M,52.0,WA
2005,156.0,26:26:51,1586,Karyn,Hoffmann,F,42.0,CA
2005,157.0,26:30:54,1590,Mike,Pastore,M,50.0,SC
2005,158.0,26:34:29,1594,Connie,Ridenour,F,46.0,WA
2005,159.0,26:36:42,1596,Lisa,Downey,F,42.0,CA
2005,160.0,26:37:27,1597,Clem,LaCava,M,56.0,OR
2005,161.0,26:38:21,1598,Michael,Palmer,M,51.0,CA
2005,162.0,26:40:44,1600,John,Stotts,M,58.0,CA
2005,163.0,26:41:42,1601,Linda,Bialla,F,41.0,CA
2005,164.0,26:42:23,1602,Gordon,Nelson,M,46.0,CANADA
2005,165.0,26:46:24,1606,Kenneth,Plumb,M,52.0,WI
2005,166.0,26:46:24,1606,Steve,Plumb,M,34.0,MO
2005,167.0,26:46:40,1606,Robert,Dickinson Jr,M,50.0,CA
2005,168.0,26:47:25,1607,Molly,Pelton,F,26.0,CA
2005,169.0,26:47:25,1607,Kari,Borka,F,45.0,CA
2005,170.0,26:48:16,1608,Jonathan,Zeif,M,51.0,CO
2005,171.0,26:49:42,1609,Paul,Schoenlaub,M,45.0,MO
2005,172.0,26:51:05,1611,Guido,Ferrari,M,44.0,NC
2005,173.0,26:58:00,1618,Eric,Klein,M,50.0,CA
2005,174.0,26:58:00,1618,Thomas,Mikkelsen,M,32.0,MA
2005,175.0,27:04:00,1624,Wayne,Vereb,M,55.0,OH
2005,176.0,27:05:00,1625,Edwin,Heller,M,43.0,NM
2005,177.0,27:08:00,1628,Arnie,Kiddoo,M,56.0,CA
2005,178.0,27:08:00,1628,Dan,Meyers,M,48.0,CA
2005,179.0,27:10:00,1630,Richard,Hieronymus,M,50.0,CA
2005,180.0,27:12:00,1632,Lisa,Conover,F,46.0,WI
2005,181.0,27:12:00,1632,Steve,Meyers,M,45.0,CA
2005,182.0,27:14:00,1634,Paul,Akiyama,M,61.0,NV
2005,183.0,27:15:00,1635,Janet,Stadshaug,F,47.0,WA
2005,184.0,27:15:00,1635,Renne,Gardner,M,47.0,CA
2005,185.0,27:16:00,1636,Andy,Mouncey,M,38.0,UK
2005,186.0,27:16:00,1636,Terry,Rhodes,F,49.0,NV
2005,187.0,27:17:00,1637,Bill,Graney,M,44.0,CA
2005,188.0,27:17:00,1637,Kevin,Neadeau,M,34.0,CO
2005,189.0,27:17:00,1637,Steve,Kreiling,M,52.0,CA
2005,190.0,27:20:00,1640,Dale,Keen,M,52.0,TX
2005,191.0,27:22:00,1642,Bob,Redwanc,M,49.0,AZ
2005,192.0,27:23:00,1643,Charles,Savage,M,57.0,CA
2005,193.0,27:23:00,1643,Denis,Zilaff,M,52.0,CA
2005,194.0,27:25:00,1645,Nick,Bassett,M,60.0,AZ
2005,195.0,27:25:00,1645,Sara,Goodrich,F,29.0,CO
2005,196.0,27:27:00,1647,Ian,Maddieson,M,62.0,CA
2005,197.0,27:27:00,1647,Jenn,Kuhlmann Eyre,F,34.0,UT
2005,198.0,27:28:00,1648,Karen,Pierce,F,42.0,CA
2005,199.0,27:28:00,1648,Wendy,O'Neal,F,36.0,WA
2005,200.0,27:29:00,1649,Michael L.,Talbert,M,47.0,OK
2005,201.0,27:29:00,1649,Beth,Simpson,F,46.0,WI
2005,202.0,27:30:00,1650,Glenn,Pace,M,41.0,CANADA
2005,203.0,27:32:00,1652,Jeff,Heischman,M,57.0,CA
2005,204.0,27:32:00,1652,Laura,Yasso,F,45.0,PA
2005,205.0,27:33:00,1653,Jim,Austreng,M,50.0,CA
2005,206.0,27:35:00,1655,Ron,Hamilton,M,58.0,CA
2005,207.0,27:37:00,1657,Tommy,Gallagher,M,48.0,NV
2005,208.0,27:37:00,1657,Matt,Beck,M,36.0,IL
2005,209.0,27:37:00,1657,Marcia,Peters,F,48.0,PA
2005,210.0,27:38:00,1658,Mark,Falcone,M,48.0,CA
2005,211.0,27:39:00,1659,Jon,Easterbrook,M,52.0,CA
2005,212.0,27:39:00,1659,Mike,Nuttall,M,56.0,CA
2005,213.0,27:39:00,1659,Kim,Rasmussen,M,38.0,DENMARK
2005,214.0,27:40:00,1660,Hans-Dieter,Weisshaar,M,65.0,GERMANY
2005,215.0,27:41:00,1661,Liz,Walker,F,46.0,GA
2005,216.0,27:46:00,1666,Mike J.,Smith,M,47.0,IN
2005,217.0,27:46:00,1666,Linda,McFadden,F,42.0,CA
2005,218.0,27:46:00,1666,Stan,Nowakowski,M,49.0,OR
2005,219.0,27:52:00,1672,Dave,Hartinger,M,40.0,OH
2005,220.0,27:52:00,1672,Robert,Murphy,M,47.0,HI
2005,221.0,27:53:00,1673,John,Butterick,M,54.0,FL
2005,222.0,27:53:00,1673,David,Kim,M,62.0,CA
2005,223.0,27:54:00,1674,Mark,Metcalfe,M,36.0,CA
2005,224.0,27:57:00,1677,Stuart,Nelson,M,65.0,MI
2005,225.0,27:58:00,1678,Louise,McCorquodale,F,33.0,CANADA
2005,226.0,27:58:00,1678,German,Collazos,M,47.0,TX
2005,227.0,27:59:00,1679,Joseph,Maartens,M,32.0,SOUTH AFRICA
2005,228.0,28:02:00,1682,Randy,Haagens,M,52.0,CA
2005,229.0,28:04:00,1684,Dave,Smith,M,38.0,CANADA
2005,230.0,28:07:00,1687,Doug,Clark,M,53.0,CANADA
2005,231.0,28:07:00,1687,Matthew,Hartley,M,36.0,CA
2005,232.0,28:11:00,1691,Robert,Newcomer,M,45.0,GA
2005,233.0,28:14:00,1694,Stephen L.,Cross,M,57.0,CA
2005,234.0,28:15:00,1695,Jay,Freeman,M,58.0,TX
2005,235.0,28:17:00,1697,Tony,Jankowski,M,52.0,CA
2005,236.0,28:20:00,1700,Tony,Bierman,M,49.0,IL
2005,237.0,28:21:00,1701,Kathy,Welch,F,52.0,CA
2005,238.0,28:21:00,1701,Gregory,Sage,M,52.0,CA
2005,239.0,28:24:00,1704,Ben,Benjamin,M,58.0,OR
2005,240.0,28:24:00,1704,Sung-Sik,Pak,M,54.0,OH
2005,241.0,28:25:00,1705,Michael,Huss,M,46.0,CA
2005,242.0,28:25:00,1705,Trevor,Strudley,M,42.0,CA
2005,243.0,28:27:00,1707,Jim,Williamson,M,44.0,UT
2005,244.0,28:29:00,1709,Vesa,Murto,M,57.0,NEW ZEALAND
2005,245.0,28:30:00,1710,Charles,Blakeney,M,42.0,CA
2005,246.0,28:32:00,1712,Donald,Halke II,M,46.0,PA
2005,247.0,28:32:00,1712,Eva,Lobsitz,F,44.0,CA
2005,248.0,28:33:00,1713,Brian,Collings,M,52.0,SOUTH AFRICA
2005,249.0,28:33:00,1713,Brian,Henderson Marshall,M,50.0,SOUTH AFRICA
2005,250.0,28:34:00,1714,Adrian,Crane,M,49.0,CA
2005,251.0,28:36:00,1716,Mark,Elliott,M,41.0,CA
2005,252.0,28:37:00,1717,Tom,O'Connell,M,54.0,CA
2005,253.0,28:37:00,1717,Walt,Prescott,M,51.0,NH
2005,254.0,28:38:00,1718,Garry,Sewell,M,44.0,CA
2005,255.0,28:38:00,1718,Norman,Richardson,M,50.0,MA
2005,256.0,28:39:00,1719,Terry C.,Parks,M,48.0,CA
2005,257.0,28:40:00,1720,Bob,Oberkehr,M,50.0,NJ
2005,258.0,28:40:00,1720,Rex,Stickland,M,60.0,UK
2005,259.0,28:41:00,1721,Dennis,Ladnier,M,41.0,CA
2005,260.0,28:42:00,1722,Mark,Kahler,M,46.0,CA
2005,261.0,28:42:00,1722,Carol,O'Hear,F,30.0,WA
2005,262.0,28:43:00,1723,Jim,Maher,M,50.0,CA
2005,263.0,28:47:00,1727,Joanne,Burnett,F,41.0,CA
2005,264.0,28:48:00,1728,Rob,Apple,M,43.0,TN
2005,265.0,28:49:00,1729,Heather,Carlson,F,31.0,CA
2005,266.0,28:50:00,1730,Amy,Coffey,F,45.0,OR
2005,267.0,28:52:00,1732,Roger,Jensen,M,45.0,CA
2005,268.0,28:56:00,1736,Lynne,Harkey,F,37.0,TX
2005,269.0,29:01:00,1741,Jim,Kerse,M,56.0,NEW ZEALAND
2005,270.0,29:02:00,1742,Bruce,Swanson,M,42.0,NY
2005,271.0,29:02:00,1742,Amy,Blais,F,27.0,MA
2005,272.0,29:04:00,1744,Kathy,D'Onofrio,F,40.0,CA
2005,273.0,29:04:00,1744,William,Harman,M,56.0,GA
2005,274.0,29:08:00,1748,Gene,Weddle,M,61.0,CA
2005,275.0,29:09:00,1749,Ricky,Pampo,M,30.0,LA
2005,276.0,29:11:00,1751,Greg,Power,M,54.0,VA
2005,277.0,29:12:00,1752,Martin,Fritzhand,M,62.0,OH
2005,278.0,29:13:00,1753,Trond,Sjavik,M,47.0,NORWAY
2005,279.0,29:13:00,1753,Eiolf,Eivindsen,M,49.0,NORWAY
2005,280.0,29:15:00,1755,Nick,Giampa,M,46.0,CA
2005,281.0,29:15:00,1755,Jeffery,Su,M,42.0,CA
2005,282.0,29:16:00,1756,Patty,Bryant,F,45.0,CA
2005,283.0,29:16:00,1756,Lorraine,Sorensen,F,55.0,CA
2005,284.0,29:17:00,1757,Tom,Morstein-Marx,M,53.0,CA
2005,285.0,29:17:00,1757,Aimee,Jefferson,F,32.0,MA
2005,286.0,29:17:00,1757,Melanie,Johnson,F,51.0,OR
2005,287.0,29:18:00,1758,Ralph,Hirt,M,67.0,CA
2005,288.0,29:18:00,1758,Mary Lou,Lackey,F,53.0,CA
2005,289.0,29:18:00,1758,Matt,Gebhardt,M,35.0,CA
2005,290.0,29:21:00,1761,John B.,Rhodes,M,57.0,NV
2005,291.0,29:24:00,1764,Jeffrey,Abel,M,38.0,CA
2005,292.0,29:24:00,1764,Jim,Longwith,M,59.0,CA
2005,293.0,29:26:00,1766,Alfred,Sauld,M,58.0,WI
2005,294.0,29:27:00,1767,Allyson,Cook,F,38.0,NV
2005,295.0,29:29:00,1769,Eric,Levy-Myers,M,44.0,VA
2005,296.0,29:29:00,1769,Colin,Abercrombie,M,30.0,WA
2005,297.0,29:30:00,1770,Mark K.,Sanders,M,53.0,CA
2005,298.0,29:32:00,1772,Ling-Ru,Chu,F,31.0,CA
2005,299.0,29:35:00,1775,Clinton,Marrs,M,48.0,NM
2005,300.0,29:36:00,1776,Michael R.,Riggs,M,45.0,TX
2005,301.0,29:36:00,1776,Becky,Morris,F,59.0,CA
2005,302.0,29:37:00,1777,Barbara,Elia,F,60.0,CA
2005,303.0,29:38:00,1778,David,Harper,M,41.0,FL
2005,304.0,29:38:00,1778,Henry,Hobbs Jr.,M,50.0,TX
2005,305.0,29:39:00,1779,Geoffrey,Kurland,M,59.0,PA
2005,306.0,29:41:00,1781,Leslie,Hale,F,53.0,TX
2005,307.0,29:42:00,1782,Allan,Holtz,M,55.0,MN
2005,308.0,29:42:00,1782,Bogdan,Ambrozewicz,M,51.0,CA
2005,309.0,29:46:00,1786,Ana,Braga-Levaggi,F,45.0,CA
2005,310.0,29:46:00,1786,Barbara,Sorrell,F,48.0,NY
2005,311.0,29:49:00,1789,Peg,Johnston,F,47.0,CA
2005,312.0,29:50:00,1790,Vince,Varone,M,45.0,WI
2005,313.0,29:51:00,1791,Scott,Browar,M,52.0,CA
2005,314.0,29:51:00,1791,Amanda,Perron,F,31.0,LA
2005,315.0,29:52:00,1792,Peggy,Davidson,F,49.0,CA
2005,316.0,29:53:00,1793,Kimberly,Pilcher,F,42.0,TX
2005,317.0,29:57:00,1797,Karsten,Solheim,M,68.0,AZ
2005,318.0,29:58:09,1798,Helga,Backhaus,F,52.0,GERMANY
2006,1.0,18:17:28,1097,Graham,Cooper,M,36.0,CA
2006,2.0,19:08:39,1148,Erik,Skaden,M,34.0,CA
2006,3.0,19:26:51,1166,Nikki,Kimball,F,35.0,MT
2006,4.0,19:41:41,1181,Tom,Nielsen,M,46.0,CA
2006,5.0,19:59:46,1199,Jim,Huffman,M,38.0,UT
2006,6.0,20:03:18,1203,James,Kerby,M,43.0,WA
2006,7.0,20:04:52,1204,Andy,Jones-Wilkins,M,38.0,CA
2006,8.0,20:07:08,1207,Jon,Olsen,M,31.0,CA
2006,9.0,20:10:36,1210,Beverley,Anderson-Abbs,F,42.0,CA
2006,10.0,20:17:39,1217,Ian,Torrence,M,33.0,NV
2006,11.0,20:33:25,1233,Tim,Twietmeyer,M,47.0,CA
2006,12.0,20:53:47,1253,Darcy P.,Africa,F,31.0,CO
2006,13.0,21:03:16,1263,Glen,Redpath,M,40.0,RI
2006,14.0,21:22:50,1282,Joe,Kulak,M,38.0,PA
2006,15.0,21:38:34,1298,Dean,Karnazes,M,43.0,CA
2006,16.0,21:41:42,1301,Simon,Mtuy,M,34.0,TANZANIA
2006,17.0,21:44:43,1304,Ryan,Cooper,M,32.0,CO
2006,18.0,21:46:12,1306,Kami,Semick,F,39.0,OR
2006,19.0,21:55:08,1315,Mark,Richtman,M,51.0,CA
2006,20.0,21:57:34,1317,Alan,Abbs,M,36.0,CA
2006,21.0,22:11:26,1331,Scott,Mills,M,55.0,CA
2006,22.0,22:11:26,1331,Bryon,Powell,M,28.0,VA
2006,23.0,22:24:03,1344,Mark,Lantz,M,40.0,CA
2006,24.0,22:38:46,1358,Guillaume,Millet,M,37.0,FRANCE
2006,25.0,22:40:28,1360,Bill,Barthen,M,30.0,IA
2006,26.0,22:44:54,1364,Justin,Angle,M,31.0,WA
2006,27.0,22:49:46,1369,Paul,Bonnett,M,44.0,AZ
2006,28.0,22:51:00,1371,Diana,Fitzpatrick,F,48.0,CA
2006,29.0,22:54:32,1374,Betsy,Nye,F,41.0,CA
2006,30.0,23:00:59,1380,Ted,Russo,M,44.0,CANADA
2006,31.0,23:09:08,1389,David G.,Terry,M,44.0,OR
2006,32.0,23:09:58,1389,Ken,Gregorich,M,47.0,CA
2006,33.0,23:11:23,1391,Eric,Chitwood,M,30.0,CA
2006,34.0,23:13:36,1393,Kimberly Jo,Holak,F,36.0,MN
2006,35.0,23:20:54,1400,Meghan,Canfield,F,45.0,OR
2006,36.0,23:28:00,1408,Michael S.,Stevens,M,37.0,ID
2006,37.0,23:28:34,1408,Suzanna,Bon,F,41.0,CA
2006,38.0,23:29:25,1409,Greg,Nacco,M,46.0,CA
2006,39.0,23:29:40,1409,Steve,Chrapchynski,M,35.0,CA
2006,40.0,23:31:04,1411,Chris,Latvaaho,M,35.0,AZ
2006,41.0,23:31:33,1411,Greg,Bomhoff,M,38.0,CA
2006,42.0,23:31:43,1411,Erik,Dube,M,32.0,CA
2006,43.0,23:34:51,1414,Peter,Defty,M,46.0,CA
2006,44.0,23:36:49,1416,Brock,Gavery,M,29.0,WA
2006,45.0,23:41:01,1421,Roger,Dellor,M,63.0,CA
2006,46.0,23:42:11,1422,Matt,Lambert,M,38.0,CA
2006,47.0,23:45:21,1425,Jim,Scott,M,46.0,CA
2006,48.0,23:46:49,1426,Tim,Fitzpatrick,M,45.0,CA
2006,49.0,23:48:12,1428,Gary,Wang,M,38.0,CA
2006,50.0,23:49:02,1429,Joseph,Swenson,M,50.0,CA
2006,51.0,23:49:49,1429,John,Trent,M,43.0,NV
2006,52.0,23:55:15,1435,Andy,Black,M,48.0,CA
2006,53.0,23:55:15,1435,Whit,Rambach,M,39.0,CA
2006,54.0,24:29:57,1469,Thomas B.,Riley,M,43.0,OR
2006,55.0,24:35:21,1475,Chase,Duarte,M,39.0,AZ
2006,56.0,24:41:29,1481,Ronda,Sundermeier,F,39.0,OR
2006,57.0,24:47:28,1487,Alex,McPherson,M,45.0,IN
2006,58.0,25:04:32,1504,Dan,Williams,M,57.0,CA
2006,59.0,25:04:52,1504,Jack,Pilla,M,48.0,VT
2006,60.0,25:09:17,1509,Matthew,Keyes,M,32.0,CA
2006,61.0,25:22:49,1522,Gerald Jay,Batchen,M,37.0,ID
2006,62.0,25:25:06,1525,Marty,Hoffman,M,50.0,CA
2006,63.0,25:30:01,1530,Dan,Moores,M,42.0,CA
2006,64.0,25:36:46,1536,Tim,Englund,M,39.0,WA
2006,65.0,25:36:54,1536,Elizabeth,Vitalis,F,41.0,CA
2006,66.0,25:40:09,1540,Mark,Williams,M,40.0,CA
2006,67.0,25:42:23,1542,Georgia,Gibbon,F,37.0,CA
2006,68.0,25:42:59,1542,Alan,Barichievich,M,39.0,CA
2006,69.0,25:46:08,1546,Keith E.,Knipling,M,29.0,IL
2006,70.0,25:46:26,1546,Jeffrey,Beuche,M,31.0,CO
2006,71.0,25:52:46,1552,Herman,Richards,M,52.0,NJ
2006,72.0,25:56:38,1556,Andy,Holak,M,38.0,MN
2006,73.0,25:58:59,1558,Jerry,Letendre,M,44.0,SC
2006,74.0,26:12:51,1572,Glenn,Carnahan,M,43.0,CA
2006,75.0,26:15:23,1575,Paul,Andrewes,M,32.0,NEW ZEALAND
2006,76.0,26:15:49,1575,Lori,Lebel,F,33.0,MA
2006,77.0,26:19:42,1579,Andrew,Klapperich,M,46.0,WI
2006,78.0,26:22:03,1582,Ted,Bidwell,M,56.0,CO
2006,79.0,26:27:34,1587,Keith,Rieger,M,38.0,TX
2006,80.0,26:33:43,1593,Hiroko,Suzuki,F,29.0,JAPAN
2006,81.0,26:36:19,1596,Jerry,Bloom,M,53.0,CA
2006,82.0,26:37:57,1597,Nicholas,Wilton,M,45.0,CA
2006,83.0,26:40:56,1600,James,Bonnett,M,19.0,AZ
2006,84.0,26:41:03,1601,Stacey,Bunton,F,43.0,OR
2006,85.0,26:42:27,1602,David,Messman,M,46.0,CA
2006,86.0,26:44:25,1604,Richard,Thorn,M,46.0,UK
2006,87.0,26:45:22,1605,Dan,Greig,M,47.0,NZ
2006,88.0,26:46:07,1606,William George,Harris,M,42.0,UK
2006,89.0,26:47:59,1607,Brian,MacKenzie,M,31.0,CA
2006,90.0,26:50:07,1610,Jim,Hildreth,M,51.0,CA
2006,91.0,26:53:08,1613,Dan,Brenden,M,55.0,AZ
2006,92.0,26:58:16,1618,John,Nichols,M,41.0,CA
2006,93.0,27:01:24,1621,Bill,Davis,M,60.0,CA
2006,94.0,27:06:57,1626,Jeff L.,Phillips,M,35.0,WA
2006,95.0,27:07:11,1627,Jeffrey M.,Welsh,M,51.0,NC
2006,96.0,27:07:15,1627,David,Hayes,M,39.0,UT
2006,97.0,27:07:22,1627,Bill,Thomas,M,49.0,WA
2006,98.0,27:09:14,1629,John,Szymanski,M,23.0,CT
2006,99.0,27:13:28,1633,Albert,Laporte,M,36.0,NY
2006,100.0,27:16:22,1636,John H.,Powell,M,43.0,WA
2006,101.0,27:17:44,1637,L. Alex,Kahl,M,26.0,NY
2006,102.0,27:24:30,1644,Fred,Abramowitz,M,54.0,CO
2006,103.0,27:28:27,1648,Karyn,Hoffman,F,43.0,CA
2006,104.0,27:30:09,1650,Eric,Blumenau,M,35.0,CA
2006,105.0,27:31:10,1651,Rick,Gaston,M,34.0,CA
2006,106.0,27:35:47,1655,John,Liebeskind,M,45.0,OR
2006,107.0,27:36:08,1656,Bruce,Grant,M,40.0,CANADA
2006,108.0,27:37:49,1657,Andy,Knight,M,21.0,UT
2006,109.0,27:39:23,1659,Chris,Fagan,F,41.0,WA
2006,110.0,27:40:42,1660,Bill,Finkbeiner,M,50.0,CA
2006,111.0,27:43:44,1663,Steve,Klang,M,38.0,CA
2006,112.0,27:48:49,1668,Ted,Knudsen,M,37.0,CA
2006,113.0,27:50:49,1670,David K.,Gordon,M,60.0,CA
2006,114.0,27:50:51,1670,Hollis,Baugh II,M,37.0,CO
2006,115.0,27:53:05,1673,Grant,Wilcox,M,46.0,CA
2006,116.0,27:53:58,1673,David,Crerar,M,37.0,CANADA
2006,117.0,27:54:20,1674,Lon,Monroe,M,59.0,NV
2006,118.0,27:56:19,1676,Wally,Hesseltine,M,62.0,CA
2006,119.0,27:56:26,1676,Daniel,Piper,M,49.0,CA
2006,120.0,27:58:04,1678,German,Collazos,M,48.0,TX
2006,121.0,27:58:39,1678,Christopher,O'Connor,M,39.0,CA
2006,122.0,28:08:11,1688,Chris,Thornley,M,36.0,AZ
2006,123.0,28:11:23,1691,Donn,Zea,M,48.0,CA
2006,124.0,28:15:55,1695,Tim,Hammell,M,43.0,NY
2006,125.0,28:18:29,1698,Brian,O'Connor,M,41.0,MD
2006,126.0,28:23:48,1703,William G.,Bennett,M,55.0,CA
2006,127.0,28:25:06,1705,Olga,Varlamova,F,36.0,OR
2006,128.0,28:25:27,1705,David W.,Dean,M,37.0,CA
2006,129.0,28:25:38,1705,Bill,Thom,M,45.0,IL
2006,130.0,28:25:56,1705,Charley,Jones,M,34.0,CA
2006,131.0,28:27:35,1707,Kevin,Hume,M,42.0,CA
2006,132.0,28:28:44,1708,Jason,Midgarden,M,32.0,MN
2006,133.0,28:29:37,1709,Mark,Barichievich,M,42.0,CA
2006,134.0,28:30:00,1710,Lori,Heinselman-Craig,F,38.0,CA
2006,135.0,28:31:31,1711,Erik,Herman,M,39.0,CA
2006,136.0,28:31:54,1711,Paul,Norberg,M,54.0,AZ
2006,137.0,28:32:00,1712,Gary D.,Knipling,M,62.0,VA
2006,138.0,28:32:50,1712,Ken,Ward,M,49.0,OR
2006,139.0,28:33:13,1713,Richard,Hieronymus,M,51.0,CA
2006,140.0,28:33:33,1713,Nick,Ham,M,42.0,UK
2006,141.0,28:34:19,1714,David,Eckburg,M,34.0,IL
2006,142.0,28:35:11,1715,Kevin,Dorsey,M,35.0,TN
2006,143.0,28:39:29,1719,Gordy,Ainsleigh,M,59.0,CA
2006,144.0,28:41:00,1721,Philip,Ramsey,M,40.0,CA
2006,145.0,28:42:14,1722,Michael,Huss,M,48.0,CA
2006,146.0,28:42:24,1722,Chase,Mueller,M,34.0,WA
2006,147.0,28:43:23,1723,Garry,Sewell,M,45.0,CA
2006,148.0,28:44:48,1724,Charles W.,Savage,M,58.0,CA
2006,149.0,28:44:54,1724,David,Kamp,M,58.0,OR
2006,150.0,28:45:15,1725,Cheryl,Ibarra,F,54.0,AL
2006,151.0,28:46:15,1726,Charles,Godtfredsen,M,37.0,CA
2006,152.0,28:46:35,1726,Brian K.,Young,M,37.0,OH
2006,153.0,28:46:46,1726,Jim,Maher,M,51.0,CA
2006,154.0,28:48:07,1728,Prasad,Gerard,M,47.0,MD
2006,155.0,28:48:20,1728,Tadashi,Ogitsu,M,41.0,CA
2006,156.0,28:49:06,1729,Mark,Dykhouse,M,53.0,CA
2006,157.0,28:57:24,1737,Richard,Lilly,M,43.0,NC
2006,158.0,29:04:12,1744,Jonathan,de St Paer,M,32.0,CA
2006,159.0,29:04:42,1744,Rob,Byrne,M,48.0,CA
2006,160.0,29:05:20,1745,Carol,Kent,F,48.0,CA
2006,161.0,29:05:27,1745,Jerome,Lourme,M,45.0,CA
2006,162.0,29:07:28,1747,Charles,Kratochvil,M,53.0,CA
2006,163.0,29:07:41,1747,Kari,Borka,F,46.0,CA
2006,164.0,29:09:25,1749,E. Allen,Wrinkle,M,41.0,TX
2006,165.0,29:12:01,1752,Matthew,Mace,M,45.0,MD
2006,166.0,29:12:15,1752,Scott I,Crabb,M,34.0,VA
2006,167.0,29:12:59,1752,R. Joseph,Hewitt,M,52.0,CANADA
2006,168.0,29:12:59,1752,Les,Michalak,M,55.0,CANADA
2006,169.0,29:14:59,1754,Sophie,Speidel,F,43.0,VA
2006,170.0,29:15:57,1755,Denis J.,Trafecanty,M,63.0,CA
2006,171.0,29:16:27,1756,John,McCarthy,M,46.0,IL
2006,172.0,29:17:06,1757,Pete,Hazarian,M,51.0,CA
2006,173.0,29:18:43,1758,Karsten,Solheim,M,69.0,AZ
2006,174.0,29:20:12,1760,Bill,Lercari,M,53.0,CA
2006,175.0,29:21:11,1761,Joe,Mitchell,M,45.0,CA
2006,176.0,29:22:39,1762,Danny,Westergaard,M,47.0,CA
2006,177.0,29:23:45,1763,Ty,Mikula,F,30.0,CANADA
2006,178.0,29:23:53,1763,Brian,Loose,M,41.0,CT
2006,179.0,29:24:24,1764,Ian,Maddieson,M,63.0,CA
2006,180.0,29:24:30,1764,Mike,Samuelson,M,40.0,TN
2006,181.0,29:25:20,1765,Yuki,Negoro,M,45.0,CA
2006,182.0,29:27:06,1767,Tiago,Dionisio,M,32.0,PORTUGAL
2006,183.0,29:27:15,1767,Craig,Harding,M,48.0,CA
2006,184.0,29:27:22,1767,Louise,McCorquodale,F,35.0,CANADA
2006,185.0,29:27:22,1767,David R.,Smith,M,39.0,CANADA
2006,186.0,29:27:34,1767,Jim,Winter,M,42.0,CANADA
2006,187.0,29:27:39,1767,Jack S.,Meyer,M,42.0,CA
2006,188.0,29:28:03,1768,John Charles,Lindsay,M,58.0,AUSTRALIA
2006,189.0,29:29:07,1769,Kyong,Martin,F,51.0,CA
2006,190.0,29:32:49,1772,Brian,Wieneke,M,51.0,AZ
2006,191.0,29:34:00,1774,Barbara A.,Elias,F,44.0,AZ
2006,192.0,29:34:00,1774,Drew,Meyer,M,59.0,TX
2006,193.0,29:34:03,1774,Steve,Douglas,M,41.0,CA
2006,194.0,29:34:03,1774,Deanna,Douglas,F,35.0,CA
2006,195.0,29:34:10,1774,Dorothy,Golubski,F,40.0,CA
2006,196.0,29:34:29,1774,John,Opalko,M,44.0,TX
2006,197.0,29:35:59,1775,Ron,Harding Jr.,M,58.0,AZ
2006,198.0,29:38:17,1778,Laura,Yasso,F,46.0,PA
2006,199.0,29:40:08,1780,Milan,Varga,M,61.0,NV
2006,200.0,29:41:11,1781,Kathy,Pidcock,F,51.0,CO
2006,201.0,29:42:49,1782,Gilles,Barbeau,M,50.0,CANADA
2006,202.0,29:49:26,1789,Tom,O'Connell,M,55.0,CA
2006,203.0,29:49:47,1789,Therese,Iknoian,F,49.0,CA
2006,204.0,29:52:04,1792,Kathy,D'Onofrio,F,41.0,CA
2006,205.0,29:52:44,1792,David,LaForest,M,47.0,CANADA
2006,206.0,29:54:00,1794,Eve,Ponder,F,45.0,OR
2006,207.0,29:54:17,1794,Jason,Patch,M,31.0,MA
2006,208.0,29:55:13,1795,Jamshid,Khajavi,M,53.0,WA
2006,209.0,29:55:22,1795,Michael,Bobick,M,47.0,CANADA
2006,210.0,29:56:02,1796,Erik,Priedkalns,M,35.0,CA
2007,1.0,16:12:16,972,Hal,Koerner,M,31.0,OR
2007,2.0,16:36:49,996,Erik,Skaden,M,35.0,CA
2007,3.0,17:11:41,1031,Graham,Cooper,M,37.0,CA
2007,4.0,17:20:29,1040,Andy,Jones-Wilkins,M,39.0,ID
2007,5.0,17:26:59,1046,Phil,Kochik,M,29.0,WA
2007,6.0,18:05:33,1085,Glen,Redpath,M,41.0,NY
2007,7.0,18:09:12,1089,Tracy Vincent,Moore,M,46.0,CA
2007,8.0,18:12:38,1092,Nikki,Kimball,F,36.0,MT
2007,9.0,18:14:17,1094,Hiroki,Ishikawa,M,32.0,JPN
2007,10.0,18:22:12,1102,Jeff,Riley,M,38.0,OR
2007,11.0,18:44:54,1124,Jae-duk,Sim,M,38.0,KOR
2007,12.0,19:20:00,1160,Rod,Bien,M,34.0,OR
2007,13.0,19:31:18,1171,Beverley,Anderson-Abbs,F,43.0,CA
2007,14.0,19:41:51,1181,James,Bonnett,M,20.0,AZ
2007,15.0,19:56:25,1196,Craig,Thornley,M,43.0,OR
2007,16.0,20:08:09,1208,Guillermo,Medina,M,32.0,CA
2007,17.0,20:12:38,1212,Karine,Herry,F,39.0,FRA
2007,18.0,20:24:47,1224,Jean,Pommier,M,43.0,CA
2007,19.0,20:26:40,1226,Jonathan,Olsen,M,32.0,CA
2007,20.0,20:30:00,1230,David,Terry,M,45.0,OR
2007,21.0,20:30:03,1230,Martin,Fryer,M,45.0,AUS
2007,22.0,20:36:09,1236,Caren,Spore,F,39.0,CA
2007,23.0,20:36:10,1236,Simon,Mtuy,M,35.0,TZA
2007,24.0,20:46:33,1246,John,Nichols,M,42.0,CA
2007,25.0,20:50:06,1250,Meghan,Canfield,F,46.0,OR
2007,26.0,20:52:49,1252,David,Goggins,M,32.0,CA
2007,27.0,21:09:28,1269,Alan,Abbs,M,37.0,CA
2007,28.0,21:15:22,1275,Annette,Bednosky,F,40.0,NC
2007,29.0,21:20:27,1280,Brian,Robinson,M,45.0,CA
2007,30.0,21:22:11,1282,Ken,Gregorich,M,48.0,CA
2007,31.0,21:27:28,1287,David,Eadie,M,36.0,AUS
2007,32.0,21:31:17,1291,Whit,Rambach,M,40.0,CA
2007,33.0,21:35:32,1295,Kevin,Sawchuk,M,41.0,CA
2007,34.0,21:35:33,1295,Suzie,Lister,F,42.0,CA
2007,35.0,21:40:49,1300,Kami,Semick,F,40.0,OR
2007,36.0,21:46:17,1306,Carson,Teasley,M,27.0,CA
2007,37.0,21:46:18,1306,Anne,Lundblad,F,41.0,NC
2007,38.0,21:48:45,1308,Matthew,Simms,M,38.0,WA
2007,39.0,21:53:44,1313,Mark,Cosmas,M,39.0,AZ
2007,40.0,21:58:04,1318,Paul,Brunner,M,45.0,CA
2007,41.0,22:08:43,1328,Sean,Andrish,M,37.0,VA
2007,42.0,22:08:56,1328,Kimberly Jo,Holak,F,37.0,MN
2007,43.0,22:08:59,1328,Roch,Horton,M,49.0,UT
2007,44.0,22:09:08,1329,Tom,Griffen,M,35.0,CA
2007,45.0,22:13:50,1333,Herman,Richards,M,53.0,NJ
2007,46.0,22:18:28,1338,Eric,Grossman,M,38.0,VA
2007,47.0,22:22:07,1342,John A.,Zerbe,M,39.0,CA
2007,48.0,22:22:09,1342,Martin,Schot,M,50.0,AUS
2007,49.0,22:24:12,1344,Andrew,Schooley,M,47.0,CA
2007,50.0,22:26:30,1346,Matt,Anderson,M,48.0,CA
2007,51.0,22:30:39,1350,Lewis,Taylor,M,34.0,OR
2007,52.0,22:30:39,1350,Suzanna,Bon,F,42.0,CA
2007,53.0,22:34:25,1354,Dan,Moores,M,43.0,CA
2007,54.0,22:36:57,1356,Erich,Peitzsch,M,28.0,MT
2007,55.0,22:42:21,1362,Erik,Dube,M,23.0,CA
2007,56.0,22:42:43,1362,Jeffrey M.,Welsh,M,52.0,NC
2007,57.0,22:46:38,1366,Jim,Scott,M,47.0,CA
2007,58.0,22:47:20,1367,Helen,Cospolich,F,30.0,CO
2007,59.0,22:48:04,1368,Ron,Rogowski,M,35.0,CA
2007,60.0,22:49:52,1369,Randy,Rankin,M,42.0,CAN
2007,61.0,22:58:30,1378,Mike,Burke,M,56.0,OR
2007,62.0,23:00:24,1380,Mark,Reudink,M,40.0,CA
2007,63.0,23:04:29,1384,Edwin,Heller,M,45.0,NM
2007,64.0,23:05:37,1385,Philip,Murphy,M,39.0,AUS
2007,65.0,23:09:18,1389,Dawn,Infurna-Bean,F,39.0,CA
2007,66.0,23:10:09,1390,Marty,Hoffman,M,51.0,CA
2007,67.0,23:12:03,1392,Mark,Lantz,M,41.0,CA
2007,68.0,23:13:11,1393,Marty,Fagan,M,44.0,WA
2007,69.0,23:14:00,1394,Ronda,Sundermeier,F,40.0,OR
2007,70.0,23:14:36,1394,Klas,Eklof,M,36.0,CA
2007,71.0,23:21:59,1401,Matt,Lambert,M,39.0,CA
2007,72.0,23:22:25,1402,David,Ruvalcaba,M,52.0,CA
2007,73.0,23:24:21,1404,Micheal,McCarthy,M,43.0,OR
2007,74.0,23:27:33,1407,John,Liebeskind,M,46.0,OR
2007,75.0,23:28:05,1408,Dan,Boyle,M,43.0,CA
2007,76.0,23:29:27,1409,Rob,Byrne,M,49.0,CA
2007,77.0,23:29:50,1409,Adelaido,Solis,M,38.0,CA
2007,78.0,23:32:28,1412,Nic,Moloney,M,29.0,AUS
2007,79.0,23:33:05,1413,Brian,Kuhn,M,33.0,IL
2007,80.0,23:33:41,1413,Andy,Salinger,M,38.0,CA
2007,81.0,23:34:02,1414,Dan,Brenden,M,56.0,AZ
2007,82.0,23:34:05,1414,Julie,Fingar,F,31.0,CA
2007,83.0,23:35:02,1415,Gary,Wang,M,39.0,CA
2007,84.0,23:38:25,1418,Jason,Dunn,M,43.0,AUS
2007,85.0,23:38:50,1418,Andrew,Davis,M,38.0,MN
2007,86.0,23:38:50,1418,Pat,Scott,M,54.0,NM
2007,87.0,23:41:12,1421,John,Teeples,M,43.0,GA
2007,88.0,23:41:36,1421,Ken,Ward,M,50.0,OR
2007,89.0,23:41:45,1421,Jim,Rudig,M,38.0,OR
2007,90.0,23:42:06,1422,Andrew,MacGinnitie,M,41.0,PA
2007,91.0,23:42:22,1422,Kelly,Ridgway,F,49.0,CA
2007,92.0,23:44:33,1424,Keith,Straw,M,52.0,PA
2007,93.0,23:46:05,1426,Greg,Nacco,M,47.0,CA
2007,94.0,23:48:42,1428,Charles,Stevens,M,51.0,CA
2007,95.0,23:50:20,1430,Matthew,Keyes,M,33.0,CA
2007,96.0,23:51:56,1431,Keith,Blom,M,50.0,CA
2007,97.0,23:53:25,1433,Mike,Pelechaty,M,52.0,OH
2007,98.0,23:54:15,1434,Florencia,Gascon-Amyx,F,42.0,CA
2007,99.0,23:54:45,1434,Euihwa,Lee,M,47.0,PA
2007,100.0,23:58:54,1438,Michael W.,Allen,M,49.0,AL
2007,101.0,24:13:50,1453,Joseph E.,Holland,M,45.0,VT
2007,102.0,24:16:05,1456,Patrick,Morin,M,44.0,CA
2007,103.0,24:16:58,1456,Brian J.,Martin,M,29.0,CA
2007,104.0,24:27:17,1467,Perry,Edinger,M,46.0,NC
2007,105.0,24:32:12,1472,Derek,Semanski,M,35.0,CA
2007,106.0,24:51:54,1491,Chris,Wedge,M,36.0,FL
2007,107.0,24:56:52,1496,Jeffery,Rogers,M,45.0,CA
2007,108.0,25:00:40,1500,William,Cook,M,38.0,CA
2007,109.0,25:09:14,1509,Bill (Charles),Thomas,M,50.0,WA
2007,110.0,25:10:46,1510,Tina,Ure,F,47.0,CA
2007,111.0,25:18:05,1518,Andrew,Klapperich,M,47.0,WI
2007,112.0,25:18:44,1518,David,Kamp,M,59.0,OR
2007,113.0,25:23:01,1523,Ric,Hatch,M,52.0,AZ
2007,114.0,25:28:59,1528,Scott,Glogovac,M,53.0,NV
2007,115.0,25:30:02,1530,Anthony,Brantley,M,36.0,CA
2007,116.0,25:31:35,1531,Steven,Douglas,M,42.0,CA
2007,117.0,25:31:49,1531,Mark,Godale,M,37.0,OH
2007,118.0,25:31:52,1531,Cath,Worth,F,49.0,UK
2007,119.0,25:32:26,1532,Chris,Garcia,M,44.0,CA
2007,120.0,25:39:42,1539,Ty,Russell,M,57.0,CA
2007,121.0,25:43:55,1543,Tony,Covarrubias,M,46.0,WA
2007,122.0,25:44:05,1544,Elizabeth,Carrion,F,31.0,NY
2007,123.0,25:46:25,1546,Clark,Whitten,M,43.0,CA
2007,124.0,25:46:47,1546,Lauren,Adams,F,28.0,UT
2007,125.0,25:48:52,1548,Chris,Fagan,F,42.0,WA
2007,126.0,25:52:50,1552,David W.,Forshey,M,36.0,NV
2007,127.0,25:53:22,1553,Joseph,McDonald,M,53.0,CA
2007,128.0,25:54:36,1554,Alarik,Rosenlund,M,50.0,WI
2007,129.0,25:55:04,1555,Wayne,Gregory,M,48.0,AUS
2007,130.0,26:05:15,1565,Erik,Kaitala,M,35.0,MN
2007,131.0,26:09:30,1569,Christopher,Seiler,M,36.0,CA
2007,132.0,26:13:46,1573,Craig,Slagel,M,34.0,CA
2007,133.0,26:15:43,1575,Jarett,Tighe,M,39.0,VA
2007,134.0,26:16:37,1576,Kelly,Cronin,F,30.0,CA
2007,135.0,26:18:58,1578,John,Turner,M,48.0,CAN
2007,136.0,26:23:00,1583,William,Ramsey,M,54.0,CA
2007,137.0,26:27:01,1587,Jack,Jewell,M,53.0,CO
2007,138.0,26:27:03,1587,Nick,Bassett,M,62.0,AZ
2007,139.0,26:28:50,1588,Jerry,Lile,M,48.0,CA
2007,140.0,26:35:34,1595,Stephen,Dewald,M,39.0,HI
2007,141.0,26:37:39,1597,Geoff,Scott,M,58.0,NC
2007,142.0,26:37:44,1597,Matt,Sessions,M,42.0,CAN
2007,143.0,26:38:44,1598,Jeffrey S.,Barbier,M,42.0,CA
2007,144.0,26:39:41,1599,Jim,Campiformio,M,57.0,CT
2007,145.0,26:41:51,1601,David,Yeakel Jr.,M,42.0,VA
2007,146.0,26:42:03,1602,Neil,Ambrose,M,43.0,CAN
2007,147.0,26:45:05,1605,Richard,Knapp,M,55.0,NM
2007,148.0,26:46:40,1606,Steven,Clegg,M,26.0,CA
2007,149.0,26:47:08,1607,Jonathan,Zeif,M,53.0,CO
2007,150.0,26:48:23,1608,George,Raynsford,M,55.0,CA
2007,151.0,26:51:50,1611,Patrick,Perry,M,42.0,MO
2007,152.0,26:58:35,1618,Donn,Zea,M,49.0,CA
2007,153.0,27:00:16,1620,David,Bursler,M,42.0,DE
2007,154.0,27:03:13,1623,John F.,Peterson,M,57.0,CA
2007,155.0,27:04:09,1624,Jose,Suarez,M,44.0,CT
2007,156.0,27:07:02,1627,Anna,Bates,F,45.0,WA
2007,157.0,27:07:25,1627,Mark K.,Olson,M,60.0,CA
2007,158.0,27:13:30,1633,Jimmy,Fullerton,M,52.0,CA
2007,159.0,27:16:15,1636,Lon,Monroe,M,60.0,NV
2007,160.0,27:17:05,1637,Marc,Dube,M,33.0,CA
2007,161.0,27:17:46,1637,Michael,Hernandez,M,54.0,CA
2007,162.0,27:18:06,1638,Nick,Ham,M,43.0,UK
2007,163.0,27:19:38,1639,Christopher,Mortensen,M,26.0,PA
2007,164.0,27:25:29,1645,Denis,Trafecanty,M,64.0,CA
2007,165.0,27:27:27,1647,Jim,Jones,M,37.0,CAN
2007,166.0,27:36:36,1656,Ken,Farley,M,42.0,CA
2007,167.0,27:45:19,1665,Andrew,Hewat,M,43.0,AUS
2007,168.0,27:47:49,1667,Steven E.,Harrold,M,60.0,CA
2007,169.0,27:49:31,1669,Gregory C.,Trapp,M,44.0,OH
2007,170.0,27:53:01,1673,Paul,Every,M,43.0,AUS
2007,171.0,27:53:33,1673,Jack S.,Meyer,M,43.0,CA
2007,172.0,27:53:56,1673,Michael,Siltman,M,38.0,IL
2007,173.0,27:53:57,1673,Andy,Kumeda,M,39.0,CA
2007,174.0,28:02:10,1682,Robert,Kronkhyte,M,51.0,CA
2007,175.0,28:02:33,1682,Laurel,Valley,F,44.0,ME
2007,176.0,28:04:33,1684,Benjamin,Muradyan,M,19.0,CA
2007,177.0,28:04:33,1684,Michael,Peoples,M,44.0,CA
2007,178.0,28:05:31,1685,Wayne S.,Whiting,M,58.0,VA
2007,179.0,28:05:37,1685,James,Barstad,M,42.0,CA
2007,180.0,28:10:10,1690,Joe,Schlereth,M,57.0,NC
2007,181.0,28:10:49,1690,Trish,Godtfredsen,F,34.0,CA
2007,182.0,28:15:04,1695,Mark,Metcalfe,M,38.0,CA
2007,183.0,28:17:47,1697,Richard,DeSimone,M,55.0,MT
2007,184.0,28:18:03,1698,Kevin,Neadeau,M,36.0,CO
2007,185.0,28:18:04,1698,Joseph,Laskey,M,42.0,CT
2007,186.0,28:18:23,1698,Kirk,McCarville,M,53.0,AZ
2007,187.0,28:19:54,1699,Jim,Brown,M,49.0,WI
2007,188.0,28:22:12,1702,A. Mattson,Davis,M,43.0,CA
2007,189.0,28:22:31,1702,David E.,Westlake,M,60.0,WY
2007,190.0,28:23:13,1703,William G.,Bennett,M,56.0,CA
2007,191.0,28:26:05,1706,Jeremy,Boyd,M,30.0,CA
2007,192.0,28:26:11,1706,Pat,Benner,M,42.0,CO
2007,193.0,28:27:17,1707,Dutch,Widler,M,49.0,CA
2007,194.0,28:29:11,1709,Todd,Cedarholm,M,49.0,WY
2007,195.0,28:30:37,1710,Tim,Turner,M,44.0,AUS
2007,196.0,28:31:38,1711,Michelle,Schwartz,F,39.0,CO
2007,197.0,28:35:30,1715,Jamshid,Khajavi,M,54.0,WA
2007,198.0,28:37:36,1717,John,Degregory,M,38.0,CA
2007,199.0,28:37:40,1717,Chris,Marolf,M,43.0,CA
2007,200.0,28:38:39,1718,Charles W.,Savage,M,59.0,CA
2007,201.0,28:40:31,1720,George,Ruiz,M,50.0,NV
2007,202.0,28:40:56,1720,Peggy,Alfred,F,48.0,CA
2007,203.0,28:41:48,1721,Eric,Vaughan,M,47.0,CA
2007,204.0,28:43:17,1723,Lisa,Huerta,F,45.0,CA
2007,205.0,28:43:35,1723,Yuki,Negoro,M,46.0,CA
2007,206.0,28:45:59,1725,Grant,Swanson,M,55.0,CA
2007,207.0,28:47:26,1727,Tim,Dalbec,M,34.0,CA
2007,208.0,28:48:00,1728,Phil,Rosenstein,M,36.0,WI
2007,209.0,28:48:28,1728,Kevin R.,King,M,30.0,MA
2007,210.0,28:48:57,1728,Michele,Santilhano,F,37.0,CA
2007,211.0,28:49:18,1729,Marie,Bartoletti,F,49.0,PA
2007,212.0,28:52:02,1732,Wayne,Coates,M,59.0,AZ
2007,213.0,28:52:03,1732,Eva,Lobsitz,F,46.0,CA
2007,214.0,28:52:37,1732,Bill,Kerth,M,54.0,CA
2007,215.0,28:55:22,1735,Brendan,Mason,M,45.0,AUS
2007,216.0,28:56:54,1736,Steve,Kanters,M,55.0,WA
2007,217.0,28:56:55,1736,Ron,Schwebel,M,55.0,AUS
2007,218.0,28:57:59,1737,Brien,Crothers,M,48.0,CA
2007,219.0,28:59:12,1739,Mark,Wieneke,M,55.0,CA
2007,220.0,29:02:01,1742,Bob,Dickinson,M,52.0,CA
2007,221.0,29:06:01,1746,Charles,Murdach,M,38.0,NH
2007,222.0,29:07:22,1747,Donald J.,Halke II,M,48.0,PA
2007,223.0,29:08:08,1748,Jeff,Schmidt,M,31.0,OH
2007,224.0,29:08:40,1748,Mike,Daku,M,48.0,AK
2007,225.0,29:11:42,1751,Susan,Lance,F,47.0,GA
2007,226.0,29:13:22,1753,Leslie,Lindquist,F,33.0,CA
2007,227.0,29:14:31,1754,Ryan,Yates,M,25.0,ID
2007,228.0,29:14:45,1754,Larry L.,Kuhn,M,53.0,IL
2007,229.0,29:14:55,1754,Becky,Morris,F,61.0,CA
2007,230.0,29:15:07,1755,Barbara,Mack,F,51.0,NC
2007,231.0,29:15:18,1755,Brian,Tsuyuki,M,55.0,CA
2007,232.0,29:17:09,1757,Jennifer,Ray,F,38.0,CA
2007,233.0,29:17:47,1757,Larry R.,Morrison,M,59.0,CA
2007,234.0,29:21:46,1761,Jim,Sullivan,M,55.0,FL
2007,235.0,29:23:43,1763,Tamyka,Berendina Bell,F,26.0,AUS
2007,236.0,29:26:55,1766,Wade,Blomgren,M,46.0,CA
2007,237.0,29:28:03,1768,Cory T.,Johnson,M,42.0,UT
2007,238.0,29:28:53,1768,Judy,Carluccio,F,40.0,NM
2007,239.0,29:29:50,1769,Anita,Finkle,F,41.0,VA
2007,240.0,29:29:50,1769,Jay,Finkle,M,44.0,VA
2007,241.0,29:30:00,1770,Gordy,Ainsleigh,M,60.0,CA
2007,242.0,29:30:43,1770,Peggy,Davidson,F,51.0,CA
2007,243.0,29:32:08,1772,Chris,Batteate,M,55.0,CA
2007,244.0,29:32:19,1772,Grant,Carboni,M,36.0,CA
2007,245.0,29:35:28,1775,Robert,Boyce,M,45.0,AUS
2007,246.0,29:35:33,1775,Cheryl,Loomis,F,59.0,HI
2007,247.0,29:36:52,1776,Anne,Langstaff,F,46.0,CA
2007,248.0,29:37:23,1777,Ralph E.,Graf,M,58.0,WI
2007,249.0,29:37:23,1777,Julie,Treder,F,31.0,WI
2007,250.0,29:37:44,1777,Christine,Flaherty,F,54.0,CA
2007,251.0,29:38:44,1778,Jan,Soderkvist,M,47.0,SWE
2007,252.0,29:38:59,1778,Kathy,Martin,F,57.0,CA
2007,253.0,29:39:09,1779,Tim,Looney,M,45.0,MI
2007,254.0,29:39:54,1779,Xy,Weiss,F,46.0,CA
2007,255.0,29:40:56,1780,Alisa,Farrington,F,32.0,PA
2007,256.0,29:42:23,1782,C. Michael,DuPriest,M,51.0,AR
2007,257.0,29:43:25,1783,Joan,Scannell,F,61.0,CA
2007,258.0,29:43:38,1783,Leigh,Corbin,F,45.0,CA
2007,259.0,29:43:38,1783,George,Velasco,M,53.0,CA
2007,260.0,29:44:25,1784,Glenn,Lockwood,M,44.0,AUS
2007,261.0,29:45:06,1785,Carl F.,Hunt,M,56.0,CT
2007,262.0,29:45:16,1785,Robert,Mann,M,35.0,CA
2007,263.0,29:47:06,1787,Marie,Boyd,F,58.0,CA
2007,264.0,29:49:25,1789,William,Thompson,M,63.0,AUS
2007,265.0,29:50:11,1790,Rachel,Landon,F,39.0,OR
2007,266.0,29:51:09,1791,Elizabeth,Key,F,44.0,CA
2007,267.0,29:55:12,1795,Bogdan,Ambrozewicz,M,53.0,CA
2007,268.0,29:55:24,1795,Donald,Mukai,M,58.0,WA
2007,269.0,29:56:35,1796,Soon,Gaal,F,59.0,CA
2007,270.0,29:57:38,1797,Karsten,Solheim,M,70.0,AZ
2007,,30:01:07,1801,Terry G.,Rhodes,F,51.0,NV
2007,,30:13:00,1813,Marco,Denson,M,42.0,CA
2007,,30:13:00,1813,Marianne,Paulson,F,43.0,CA
2009,1.0,16:24:55,984,Hal,Koerner,M,33.0,OR
2009,2.0,16:52:06,1012,Tsuyoshi,Kaburagi,M,40.0,JAPAN
2009,3.0,16:54:26,1014,Jez,Bragg,M,28.0,UK
2009,4.0,16:56:26,1016,Jasper,Halekas,M,33.0,CA
2009,5.0,16:59:33,1019,Kevin,Sullivan,M,38.0,MA
2009,6.0,17:34:12,1054,Zachariah,Miller,M,33.0,MI
2009,7.0,17:49:37,1069,Leigh,Schmitt,M,36.0,MA
2009,8.0,18:22:44,1102,Erik,Skaden,M,37.0,CA
2009,9.0,18:24:17,1104,Anita,Ortiz,F,45.0,CO
2009,10.0,18:45:56,1125,Mark,Lantz,M,43.0,CA
2009,11.0,18:46:52,1126,Andy,Jones-Wilkins,M,41.0,ID
2009,12.0,18:47:15,1127,Victor,Ballesteros,M,39.0,CA
2009,13.0,19:26:02,1166,Krissy,Moehl,F,31.0,WA
2009,14.0,19:30:27,1170,Tracy,Moore,M,48.0,CA
2009,15.0,19:32:08,1172,Michael,Wardian,M,35.0,VA
2009,16.0,19:41:22,1181,Karl,Hoagland,M,44.0,CA
2009,17.0,19:53:14,1193,Beverley,Anderson-Abbs,F,45.0,CA
2009,18.0,19:59:31,1199,Lewis,Taylor,M,36.0,OR
2009,19.0,20:17:55,1217,Cuong Kyle,Hoang,M,37.0,CA
2009,20.0,20:18:04,1218,Craig,Thornley,M,45.0,OR
2009,21.0,20:55:43,1255,Nikki,Kimball,F,38.0,MT
2009,22.0,20:56:49,1256,Jean,Pommier,M,45.0,CA
2009,23.0,21:09:45,1269,Graham,Cooper,M,39.0,CA
2009,24.0,21:09:46,1269,Simon,Mtuy,M,37.0,TANZANIA
2009,25.0,21:15:58,1275,Jed,Tukman,M,38.0,CA
2009,26.0,21:17:22,1277,Caren,Spore,F,41.0,CA
2009,27.0,21:18:28,1278,Scott,Wolfe,M,35.0,OR
2009,28.0,21:21:16,1281,Dan,Barger,M,43.0,CA
2009,29.0,21:28:18,1288,Joseph,D'Alessio,M,32.0,CA
2009,30.0,21:33:36,1293,Meghan,Canfield,F,48.0,OR
2009,31.0,21:38:49,1298,Jeff,Riley,M,40.0,OR
2009,32.0,21:41:44,1301,Alan,Abbs,M,39.0,CA
2009,33.0,21:55:53,1315,Matthew,Lavine,M,35.0,IL
2009,34.0,21:58:32,1318,Kevin,Swisher,M,35.0,CA
2009,35.0,22:09:25,1329,Chris,Wight,M,28.0,VIC
2009,36.0,22:11:01,1331,Kelly,Woodke,M,42.0,OR
2009,37.0,22:16:22,1336,Klas,Eklof,M,38.0,CA
2009,38.0,22:19:42,1339,John,Nichols,M,44.0,CA
2009,39.0,22:20:44,1340,Eric,Johnson,M,25.0,CA
2009,40.0,22:29:16,1349,Mark,Godale,M,39.0,OH
2009,41.0,22:36:46,1356,Chris,Stephenson,M,44.0,WA
2009,42.0,22:38:28,1358,Derrick,Carr,M,48.0,VA
2009,43.0,22:45:42,1365,Eric,Grossman,M,40.0,VA
2009,44.0,22:51:36,1371,Stan,Holman,M,44.0,WA
2009,45.0,22:52:47,1372,Brian,Robinson,M,48.0,CA
2009,46.0,22:54:14,1374,Neil M.,Olsen,M,41.0,OR
2009,47.0,22:55:50,1375,Jon,Kroll,M,36.0,CA
2009,48.0,23:02:28,1382,A'a 'Pu 'u,Kiddoo,M,34.0,CA
2009,49.0,23:07:20,1387,Gary,Robbins,M,32.0,"BC, CANADA"
2009,50.0,23:07:52,1387,Chris,Rowe,M,39.0,CA
2009,51.0,23:10:26,1390,Benjamin,Berkowitz,M,26.0,CA
2009,52.0,23:11:31,1391,Elizabeth,Vitalis,F,44.0,CA
2009,53.0,23:12:05,1392,Gabe,Bevan,M,36.0,MO
2009,54.0,23:15:52,1395,Scott,Mills,M,58.0,CA
2009,55.0,23:18:37,1398,Ryan,Thomas,M,24.0,FL
2009,56.0,23:22:50,1402,Jeff,Phillips,M,38.0,WA
2009,57.0,23:24:55,1404,Kevin,Sawchuk,M,43.0,CA
2009,58.0,23:28:07,1408,Will,Cooper,M,46.0,CA
2009,59.0,23:30:20,1410,Adam,Ray,M,42.0,CA
2009,60.0,23:32:06,1412,Larry,Stephens,M,53.0,OR
2009,61.0,23:34:12,1414,Matthew,Keyes,M,35.0,CA
2009,62.0,23:35:06,1415,Ted,Knudsen,M,40.0,CA
2009,63.0,23:36:31,1416,Jeff,Trigg,M,39.0,"BC, CANADA"
2009,64.0,23:37:14,1417,Jochen,Horn,M,42.0,CA
2009,65.0,23:37:15,1417,Jamie,Frink,F,36.0,CA
2009,66.0,23:38:40,1418,Robert,Cain,M,55.0,OR
2009,67.0,23:39:10,1419,James,Goodman,M,37.0,IN
2009,68.0,23:40:17,1420,Jim,Scott,M,49.0,CA
2009,69.0,23:49:27,1429,Jenny,Capel,F,36.0,NV
2009,70.0,23:51:00,1431,David,Corfman,M,46.0,OH
2009,71.0,23:52:37,1432,Rick A.,Mayo,M,33.0,MO
2009,72.0,23:53:27,1433,Mark,Winkelman,M,44.0,NV
2009,73.0,24:15:33,1455,Jeffrey,Welsh,M,54.0,NC
2009,74.0,24:28:36,1468,Jimmy Dean,Freeman,M,32.0,CA
2009,75.0,24:43:00,1483,Bill,Thomas,M,52.0,WA
2009,76.0,24:44:13,1484,Sean,Meissner,M,35.0,OR
2009,77.0,24:52:33,1492,A.J.,Wolfe,M,35.0,TN
2009,78.0,24:55:15,1495,Keith,Blom,M,52.0,CA
2009,79.0,25:06:23,1506,Bradford,Putnam,M,44.0,OR
2009,80.0,25:34:16,1534,Connie,Gardner,F,45.0,OH
2009,81.0,25:37:57,1537,Kim,Gimenez,F,44.0,CA
2009,82.0,25:40:40,1540,Matt,Crownover,M,36.0,TX
2009,83.0,25:43:54,1543,Kevin,Davis,M,38.0,MT
2009,84.0,25:47:01,1547,John,Fors,M,42.0,CA
2009,85.0,25:47:45,1547,Tom,Wilson,M,42.0,CA
2009,86.0,25:54:29,1554,Jerry,Letendre,M,47.0,OR
2009,87.0,25:57:00,1557,Jady,Palko,M,36.0,CA
2009,88.0,26:04:30,1564,Johan,Fridlund,M,41.0,SWEDEN
2009,89.0,26:05:10,1565,Jerry,Turk,M,51.0,CT
2009,90.0,26:05:29,1565,Dan,Brenden,M,58.0,AZ
2009,91.0,26:07:13,1567,Dan,Rus,M,42.0,CA
2009,92.0,26:11:05,1571,Richard,St Clair,M,44.0,UK
2009,93.0,26:14:17,1574,Chris,O'Connor,M,42.0,CA
2009,94.0,26:16:19,1576,Thomas,Jackson,M,49.0,WA
2009,95.0,26:16:28,1576,Randy,Miller,M,50.0,NJ
2009,96.0,26:19:27,1579,Brent,Boyle,M,36.0,GA
2009,97.0,26:20:59,1580,Steve,Ansell,M,40.0,CA
2009,98.0,26:22:17,1582,Stan,Ferguson,M,45.0,AR
2009,99.0,26:23:05,1583,Stephen M.,Itano,M,50.0,CA
2009,100.0,26:25:55,1585,Charles H.,Blakeney,M,46.0,CA
2009,101.0,26:26:14,1586,David,Pearson,M,43.0,CA
2009,102.0,26:27:48,1587,Chris,Harrison,M,45.0,AZ
2009,103.0,26:28:27,1588,Thomas D.,Harper,M,60.0,CA
2009,104.0,26:29:32,1589,David,Schurr,M,48.0,CA
2009,105.0,26:31:19,1591,David,Messman,M,49.0,CA
2009,106.0,26:37:47,1597,Molly,Starr,F,30.0,CA
2009,107.0,26:41:22,1601,Charles,Stevens,M,53.0,CA
2009,108.0,26:43:42,1603,Bill,Finkbeiner,M,53.0,CA
2009,109.0,26:48:38,1608,Gregory J.,Holmes,M,46.0,CA
2009,110.0,26:49:46,1609,Brien,Crothers,M,50.0,CA
2009,111.0,26:51:43,1611,Bill,Gengler,M,55.0,MN
2009,112.0,26:52:12,1612,Leonardo,Soresi,M,36.0,ITALY
2009,113.0,26:53:51,1613,Lori,Lebel,F,36.0,MA
2009,114.0,27:00:40,1620,Charley,Jones,M,37.0,CA
2009,115.0,27:03:55,1623,Shawn,Wallich,M,45.0,"BC, CANADA"
2009,116.0,27:08:43,1628,Nancy,March,F,62.0,CA
2009,117.0,27:09:47,1629,Michael,Huff,M,42.0,VA
2009,118.0,27:12:59,1632,Stacey,Bunton,F,46.0,OR
2009,119.0,27:14:06,1634,Ryan,Rivera,M,33.0,CA
2009,120.0,27:17:03,1637,Sharon,Broadwell,F,47.0,NORWAY
2009,121.0,27:25:41,1645,Glenn,Meeth,M,40.0,CA
2009,122.0,27:26:55,1646,Derek,Semanski,M,37.0,CA
2009,123.0,27:31:11,1651,Jerome,Lourme,M,48.0,FRANCE
2009,124.0,27:31:58,1651,John D.,Muir,M,31.0,AR
2009,125.0,27:33:13,1653,Gilgert,Loomis,M,59.0,HI
2009,126.0,27:33:21,1653,Jim,Eckert,M,38.0,ME
2009,127.0,27:33:41,1653,Chad,Long,M,36.0,CA
2009,128.0,27:34:43,1654,Steve,Tanio,M,48.0,OK
2009,129.0,27:37:50,1657,Scott H.,Dunlap,M,40.0,CA
2009,130.0,27:43:34,1663,Andy,Black,M,51.0,CA
2009,131.0,27:50:54,1670,Michelle,Halsne,F,40.0,WA
2009,132.0,27:52:45,1672,Donald,Buraglio,M,38.0,CA
2009,133.0,27:52:55,1672,Allen,Kuhn,M,42.0,FL
2009,134.0,27:53:14,1673,Linda,Samet,F,43.0,OR
2009,135.0,27:53:43,1673,Ling-Ru,Chu,F,35.0,CA
2009,136.0,27:54:29,1674,Mike,Sweeney,M,54.0,CA
2009,137.0,27:56:29,1676,Diana,Lundy,F,55.0,CA
2009,138.0,27:57:26,1677,Gary,Wang,M,41.0,CA
2009,139.0,27:58:25,1678,Chad,Hyson,M,38.0,"BC, CANADA"
2009,140.0,28:02:09,1682,Casey,Harney,M,52.0,NV
2009,141.0,28:02:53,1682,Jeff,LaBossiere,M,40.0,VT
2009,142.0,28:05:53,1685,Greg,Thompson,M,41.0,NJ
2009,143.0,28:06:22,1686,Josh,Irvan,M,38.0,PA
2009,144.0,28:09:30,1689,Alyssa,Godesky,F,24.0,MD
2009,145.0,28:13:59,1693,Nick,Bassett,M,64.0,AZ
2009,146.0,28:17:45,1697,Ralph,Richardson,M,52.0,CA
2009,147.0,28:19:38,1699,J.B.,Benna,M,30.0,CA
2009,148.0,28:19:38,1699,Joe,Lane,M,30.0,CA
2009,149.0,28:19:54,1699,Marian,Yasuda,F,49.0,HI
2009,150.0,28:21:28,1701,Michael J.,Hoffman,M,48.0,CA
2009,151.0,28:22:00,1702,Sean,Workowski,M,41.0,VA
2009,152.0,28:23:11,1703,Ernest,Tay,M,45.0,HI
2009,153.0,28:23:22,1703,Rena,Schumann,F,48.0,CA
2009,154.0,28:24:31,1704,Chihping,Fu,M,43.0,CA
2009,155.0,28:27:42,1707,Marty,Hoffman,M,53.0,CA
2009,156.0,28:28:31,1708,Vance,Roget,M,55.0,CA
2009,157.0,28:28:52,1708,Lori,Heinselman-Craig,F,41.0,CA
2009,158.0,28:29:50,1709,David,Wittman,M,40.0,CA
2009,159.0,28:30:57,1710,Barbara,Ashe,F,60.0,CA
2009,160.0,28:31:30,1711,Charles,Savage,M,61.0,CA
2009,161.0,28:32:43,1712,Zachary,Keefer,M,27.0,NC
2009,162.0,28:33:09,1713,Elad,Benjamin,M,34.0,ISREAL
2009,163.0,28:34:04,1714,Bobby,Christiansen,M,51.0,NC
2009,164.0,28:34:36,1714,Tom,Wroblewski,M,50.0,CA
2009,165.0,28:35:00,1715,Flavio,Dalbosco,M,45.0,ITALY
2009,166.0,28:39:47,1719,James M.,Davidson,M,46.0,IN
2009,167.0,28:39:54,1719,Scott A.,Dubrul,M,40.0,CA
2009,168.0,28:40:52,1720,Angie,Pozzi,F,50.0,CA
2009,169.0,28:41:04,1721,Curtis,Davis,M,44.0,CA
2009,170.0,28:46:56,1726,Paul M.,Grimm,M,40.0,CO
2009,171.0,28:48:05,1728,Sandra,Sendelbach-Hasse,F,42.0,WA
2009,172.0,28:49:03,1729,Karyn,Hoffman,F,46.0,CA
2009,173.0,28:49:50,1729,Vineer,Bhansali,M,43.0,CA
2009,174.0,28:52:01,1732,Liz,Kellogg,F,60.0,OR
2009,175.0,28:52:14,1732,Eric,Troska,M,32.0,NV
2009,176.0,28:54:57,1734,David,Rhodes,M,39.0,CA
2009,177.0,28:59:17,1739,Gary,Lukacs,M,52.0,PA
2009,178.0,29:00:32,1740,Suzie,Spangler,F,38.0,MD
2009,179.0,29:00:51,1740,Melissa,Johnson,F,33.0,CA
2009,180.0,29:02:19,1742,Robert,Towne,M,56.0,WA
2009,181.0,29:02:27,1742,Jim,Truitt,M,30.0,CA
2009,182.0,29:03:11,1743,Janet,Thomson,F,30.0,CA
2009,183.0,29:03:24,1743,Lance L.,Gilbert,M,53.0,CA
2009,184.0,29:03:37,1743,Heather,Perry,F,41.0,CA
2009,185.0,29:05:27,1745,David,Micklo,M,39.0,PA
2009,186.0,29:06:01,1746,Claire,Gilles,F,32.0,NV
2009,187.0,29:06:22,1746,Kathy,D'Onofrio-Wood,F,44.0,CA
2009,188.0,29:07:50,1747,Carrie,Sisk,F,34.0,CA
2009,189.0,29:08:52,1748,Michael,Huss,M,50.0,CA
2009,190.0,29:09:00,1749,James,Holland,M,32.0,TN
2009,191.0,29:09:37,1749,Beth,Simpson-Hall,F,50.0,WI
2009,192.0,29:10:14,1750,Stephen A.,Bell,M,54.0,CA
2009,193.0,29:11:23,1751,Chad,Kelly,M,39.0,MN
2009,194.0,29:13:53,1753,Dan,Lehmann,M,58.0,WV
2009,195.0,29:18:28,1758,Bettie,Smith,F,57.0,CA
2009,196.0,29:19:37,1759,Eric R.,Ellisen,M,48.0,CA
2009,197.0,29:22:13,1762,Mike,Pastore,M,54.0,SC
2009,198.0,29:23:50,1763,Thomas C.,Williams,M,50.0,CA
2009,199.0,29:25:15,1765,Georganna,Quarles,F,55.0,FL
2009,200.0,29:25:36,1765,Jeffery,Johnston,M,44.0,CA
2009,201.0,29:26:01,1766,Hartmut,Frenzel,M,41.0,CA
2009,202.0,29:27:22,1767,John T.,Dawson,M,54.0,TN
2009,203.0,29:28:12,1768,David,Bruno,M,31.0,UK
2009,204.0,29:29:00,1769,Chrissy,Ferguson,F,48.0,AR
2009,205.0,29:29:37,1769,David,Williams,M,55.0,CO
2009,206.0,29:29:56,1769,John,Robinson,M,43.0,OR
2009,207.0,29:32:16,1772,Tim,Daly,M,49.0,CA
2009,208.0,29:32:50,1772,Mike,Lynch,M,45.0,NJ
2009,209.0,29:33:14,1773,Dennis,Connor,M,48.0,CA
2009,210.0,29:33:33,1773,Mark,Nassi,M,42.0,CA
2009,211.0,29:33:49,1773,Garrett,Headley,M,42.0,CA
2009,212.0,29:34:06,1774,Tamyka,Bell,F,28.0,AUSTRALIA
2009,213.0,29:35:06,1775,Tonja,Chagaris,F,36.0,AZ
2009,214.0,29:35:45,1775,Mike,Palmer,M,55.0,CA
2009,215.0,29:36:39,1776,Jason,Dashow,M,33.0,WA
2009,216.0,29:36:43,1776,Kirk,Boisseree,M,51.0,CA
2009,217.0,29:37:01,1777,Scott,Henrikson,M,45.0,KS
2009,218.0,29:37:47,1777,Linda,Hurd,F,47.0,CA
2009,219.0,29:38:13,1778,Marissa,Walker,F,41.0,CA
2009,220.0,29:38:42,1778,Bill,Hunter,M,44.0,CA
2009,221.0,29:39:38,1779,Steve,Klang,M,41.0,CA
2009,222.0,29:39:58,1779,Dan,Holbrook,M,61.0,TN
2009,223.0,29:40:33,1780,Glen,Mangiantini,M,51.0,WA
2009,224.0,29:40:34,1780,Robert,Cowan,M,48.0,CA
2009,225.0,29:40:34,1780,Peter,Kosmalski,M,34.0,PA
2009,226.0,29:41:04,1781,Jeffery,Su,M,46.0,CA
2009,227.0,29:44:20,1784,Ken,Crouse,M,53.0,CA
2009,228.0,29:44:56,1784,Charlie,Vincent,M,48.0,UT
2009,229.0,29:45:39,1785,Dan,Williams,M,60.0,CA
2009,230.0,29:46:20,1786,Tommy,Gallagher,M,52.0,NV
2009,231.0,29:47:16,1787,Scott,Gower,M,45.0,CA
2009,232.0,29:50:11,1790,Carolyn M.,Luckett,F,42.0,UT
2009,233.0,29:50:14,1790,Wayne P.,Mandelbaum,M,54.0,CA
2009,234.0,29:50:33,1790,Kristina,Irvin,F,51.0,CA
2009,235.0,29:50:51,1790,Pavan Kumar,Ramarapu,M,36.0,CA
2009,236.0,29:52:31,1792,Mylinh,Nguyen,F,50.0,CA
2009,237.0,29:53:00,1793,Christine,Miller,F,50.0,CA
2009,238.0,29:55:20,1795,Gerald,Frost,M,53.0,MO
2009,,30:25:00,1825,Allan,Holtz,M,59.0,MN
2009,,30:37:00,1837,Andrew,Mathews,M,47.0,FL
2010,1.0,15:07:04,907,Geoff,Roes,M,34.0,AK
2010,2.0,15:13:52,913,Anton,Krupicka,M,26.0,CO
2010,3.0,16:04:50,964,Kilian,Jornet,M,22.0,SPAIN
2010,4.0,16:05:56,965,Nick,Clark,M,36.0,CO
2010,5.0,16:55:17,1015,Zachariah,Miller,M,34.0,MT
2010,6.0,17:06:20,1026,Gary,Robbins,M,33.0,BC
2010,7.0,17:10:06,1030,Glen,Redpath,M,44.0,NY
2010,8.0,17:26:19,1046,Ian,Sharman,M,29.0,UK
2010,9.0,17:31:25,1051,Andy,Jones-Wilkins,M,42.0,ID
2010,10.0,17:36:34,1056,Dan,Barger,M,44.0,CA
2010,11.0,17:40:15,1060,Erik,Skaden,M,38.0,CA
2010,12.0,18:11:21,1091,Robert,Evans,M,43.0,CA
2010,13.0,18:14:00,1094,Neal,Gorman,M,33.0,DC
2010,14.0,18:16:26,1096,Karl,Hoagland,M,45.0,CA
2010,15.0,18:19:58,1099,Rod,Bien,M,37.0,OR
2010,16.0,18:48:31,1128,Zachary,Landman,M,23.0,CA
2010,17.0,18:54:49,1134,Mark,Lantz,M,44.0,CA
2010,18.0,18:58:42,1138,Pete,Stevenson,M,37.0,CO
2010,19.0,18:59:32,1139,Paul,Hopwood,M,46.0,HI
2010,20.0,19:01:55,1141,Tracy,Garneau,F,41.0,BC
2010,21.0,19:11:45,1151,Victor,Ballesteros,M,40.0,CA
2010,22.0,19:15:58,1155,Meghan,Canfield,F,49.0,OR
2010,23.0,19:20:02,1160,Justin,Angle,M,35.0,WA
2010,24.0,19:23:09,1163,Nikki,Kimball,F,39.0,MT
2010,25.0,19:23:37,1163,Phil,Kochik,M,32.0,WA
2010,26.0,19:28:18,1168,Tony,Kocanda,M,37.0,MN
2010,27.0,19:32:07,1172,Rory,Bosio,F,25.0,CA
2010,28.0,19:34:29,1174,Caren,Spore,F,42.0,CA
2010,29.0,19:35:13,1175,David,Larsen,M,39.0,OR
2010,30.0,19:36:55,1176,Brian,Vandenburg,M,27.0,WA
2010,31.0,19:40:10,1180,Mark,Godale,M,40.0,OH
2010,32.0,19:53:12,1193,Oz,Pearlman,M,27.0,NY
2010,33.0,19:57:55,1197,Chikara,Omine,M,27.0,CA
2010,34.0,19:58:40,1198,Becky,Wheeler,F,35.0,WY
2010,35.0,19:59:21,1199,Tim,Hoppin,M,29.0,CO
2010,36.0,20:03:08,1203,Chris,Rennaker,M,34.0,OR
2010,37.0,20:06:49,1206,Simon,Mtuy,M,38.0,TANZANIA
2010,38.0,20:17:54,1217,Troy,Howard,M,37.0,CA
2010,39.0,20:19:38,1219,Joelle,Vaught,F,35.0,ID
2010,40.0,20:40:11,1240,Lee,Mckinley,M,48.0,CA
2010,41.0,20:42:24,1242,Todd,Walker,M,43.0,MA
2010,42.0,20:43:04,1243,Annette,Bednosky,F,43.0,NC
2010,43.0,20:43:55,1243,Kyle,Gibbs,M,32.0,MO
2010,44.0,20:44:56,1244,Andrew,Heard,M,44.0,AZ
2010,45.0,20:48:01,1248,Ian,Torrence,M,37.0,OR
2010,46.0,21:07:45,1267,John,Tidd,M,46.0,URUGUAY
2010,47.0,21:10:39,1270,Alan,Abbs,M,40.0,CA
2010,48.0,21:17:48,1277,Iso,Yucra-Rivera,M,42.0,BOLIVIA
2010,49.0,21:22:06,1282,Eric,Chitwood,M,34.0,CA
2010,50.0,21:28:06,1288,Angela,Shartel,F,36.0,CA
2010,51.0,21:31:46,1291,Jason,Koop,M,31.0,CO
2010,52.0,21:32:23,1292,Jean,Pommier,M,46.0,CA
2010,53.0,21:34:15,1294,Joshua,Brimhall,M,34.0,NV
2010,54.0,21:35:26,1295,John,Nichols,M,45.0,CA
2010,55.0,21:36:04,1296,Pam,Smith,F,35.0,OR
2010,56.0,21:40:03,1300,Nicola,Gildersleeve,F,26.0,BC
2010,57.0,21:40:40,1300,Nickademus,Hollon,M,20.0,CA
2010,58.0,21:41:08,1301,Jamil,Coury,M,25.0,AZ
2010,59.0,21:41:25,1301,John,Price,M,52.0,OR
2010,60.0,21:41:38,1301,Derrick,Carr,M,49.0,VA
2010,61.0,21:42:59,1302,Ryan,Rivera,M,34.0,CA
2010,62.0,21:48:18,1308,Adam,Ray,M,43.0,CA
2010,63.0,21:51:10,1311,Suzanna,Bon,F,45.0,CA
2010,64.0,21:51:21,1311,Luanne,Park,F,49.0,CA
2010,65.0,21:58:37,1318,Diana,Fitzpatrick,F,52.0,CA
2010,66.0,22:04:06,1324,Tom,Nielsen,M,50.0,CA
2010,67.0,22:07:36,1327,David,Eadie,M,39.0,AUSTRALIA
2010,68.0,22:10:57,1330,Garrett,Peltonen,M,28.0,CO
2010,69.0,22:16:00,1336,Mark,Murray,M,47.0,CA
2010,70.0,22:17:54,1337,Craig,Thornley,M,46.0,OR
2010,71.0,22:18:56,1338,Bruce,Labelle,M,54.0,CA
2010,72.0,22:22:18,1342,Brian,Jones,M,34.0,AUSTRALIA
2010,73.0,22:25:34,1345,John,Souza,M,41.0,CA
2010,74.0,22:34:17,1354,Juan,Sanchez,M,41.0,CA
2010,75.0,22:37:44,1357,Suzie,Lister,F,45.0,CA
2010,76.0,22:41:07,1361,Cameron,Hanes,M,42.0,OR
2010,77.0,22:43:48,1363,Kenneth,Gregorich,M,51.0,CA
2010,78.0,22:47:44,1367,Joe,Constantino,M,41.0,TX
2010,79.0,22:50:28,1370,Matt,Keyes,M,36.0,CA
2010,80.0,22:52:03,1372,Jady,Palko,M,37.0,CA
2010,81.0,22:52:12,1372,Chris,Mead,M,39.0,CA
2010,82.0,22:52:54,1372,Scott,Mills,M,59.0,CA
2010,83.0,22:57:20,1377,Ken,Hughes,M,51.0,CA
2010,84.0,22:57:55,1377,James,Hutson,M,40.0,CA
2010,85.0,22:59:12,1379,Patrick,Mcglade,M,21.0,VA
2010,86.0,23:04:10,1384,Jerry,Armstrong,M,33.0,CO
2010,87.0,23:06:02,1386,Brent,Kline,M,34.0,CA
2010,88.0,23:08:44,1388,William,Cook,M,41.0,CA
2010,89.0,23:12:22,1392,Fernando,Fernandes,M,48.0,PORTUGAL
2010,90.0,23:15:03,1395,Jamie,Frink,F,37.0,CA
2010,91.0,23:15:40,1395,Jim,Scott,M,50.0,CA
2010,92.0,23:16:54,1396,Connie,Gardner,F,46.0,OH
2010,93.0,23:18:52,1398,Jose,Suarez,M,47.0,CT
2010,94.0,23:20:37,1400,Dale,Holdaway,M,43.0,MI
2010,95.0,23:21:06,1401,Jochen,Horn,M,43.0,CA
2010,96.0,23:22:39,1402,Will,Cooper,M,47.0,CA
2010,97.0,23:25:22,1405,Carly,Varner,F,28.0,OR
2010,98.0,23:25:32,1405,Chris,Wilde,M,38.0,MD
2010,99.0,23:25:41,1405,Stephen,Itano,M,51.0,CA
2010,100.0,23:28:26,1408,Scott,Brand,M,44.0,CA
2010,101.0,23:30:45,1410,Chris,Roman,M,40.0,FL
2010,102.0,23:30:58,1410,Erik,Dube,M,36.0,CA
2010,103.0,23:33:26,1413,Sarah,Dasher,F,28.0,CA
2010,104.0,23:33:36,1413,Drew,Buechley,M,43.0,CA
2010,105.0,23:33:46,1413,Adam,Schwartz-Lowe,M,37.0,MN
2010,106.0,23:34:26,1414,David,Ploskonka,M,28.0,MD
2010,107.0,23:40:48,1420,Joe,Lee,M,49.0,OR
2010,108.0,23:42:03,1422,Matt,Lambert,M,42.0,CA
2010,109.0,23:43:04,1423,Derek,Semanski,M,38.0,CA
2010,110.0,23:44:32,1424,Keith,Straw,M,55.0,PA
2010,111.0,23:45:27,1425,Ronald,Rogowski,M,38.0,CA
2010,112.0,23:46:06,1426,David,Brown,M,31.0,TX
2010,113.0,23:47:40,1427,David,Dysert,M,44.0,MI
2010,114.0,23:47:52,1427,Jonathan,Gunderson,M,32.0,CA
2010,115.0,23:48:37,1428,Anthony,Hanks,M,34.0,MI
2010,116.0,23:49:55,1429,Hannes,Vogel,M,57.0,CA
2010,117.0,23:51:43,1431,Jeff,Kozak,M,36.0,CA
2010,118.0,23:53:11,1433,Grant,Sisler,M,33.0,CA
2010,119.0,23:53:29,1433,Mike,Pelechaty,M,55.0,OH
2010,120.0,23:54:56,1434,Dan,Boyle,M,46.0,CA
2010,121.0,23:55:42,1435,Eddie,Schmidt,M,46.0,CA
2010,122.0,23:56:02,1436,Meredith,Terranova,F,35.0,TX
2010,123.0,23:57:11,1437,Bruce,Giguere,M,42.0,CT
2010,124.0,24:10:52,1450,Ray,Sanchez,M,43.0,CA
2010,125.0,24:18:15,1458,Tony,Overbay,M,40.0,CA
2010,126.0,24:22:24,1462,Lewis,Persons,M,61.0,WA
2010,127.0,24:25:10,1465,Christopher,Norcia,M,42.0,CO
2010,128.0,24:32:13,1472,David,Snipes,M,42.0,VA
2010,129.0,24:45:40,1485,Dan,Brenden,M,59.0,AZ
2010,130.0,24:46:02,1486,Charles,Stevens,M,54.0,CA
2010,131.0,24:53:09,1493,Don,Redl,M,38.0,CA
2010,132.0,24:54:37,1494,Kelly,Korevec,M,27.0,WI
2010,133.0,24:56:52,1496,Jose,Hernandez,M,45.0,CA
2010,134.0,25:05:08,1505,Michael,Buchanan,M,36.0,CA
2010,135.0,25:15:39,1515,Layna,Mosley,F,38.0,NC
2010,136.0,25:20:44,1520,Gerald,Batchen,M,41.0,WY
2010,137.0,25:23:50,1523,Franz,Dill,M,34.0,CA
2010,138.0,25:26:28,1526,Brad,Reed,M,26.0,MA
2010,139.0,25:29:23,1529,Joel,O'bryan,M,48.0,MA
2010,140.0,25:33:55,1533,Michael,Davenport,M,51.0,IL
2010,141.0,25:34:27,1534,Lainie,Callahan-Mattoon,F,34.0,CA
2010,142.0,25:35:00,1535,Vineer,Bhansali,M,44.0,CA
2010,143.0,25:37:37,1537,Tyler,Bucklin,M,34.0,MT
2010,144.0,25:38:21,1538,Larry,Myers,M,54.0,CA
2010,145.0,25:38:48,1538,Marc,Dube,M,36.0,CA
2010,146.0,25:43:01,1543,Ben,Field,M,45.0,CA
2010,147.0,25:46:24,1546,Alan,Barichievich,M,43.0,CA
2010,148.0,25:47:00,1547,Kevin,Davis,M,39.0,MT
2010,149.0,25:47:58,1547,John,Zeigle,M,50.0,UT
2010,150.0,25:49:54,1549,Bob,Crowley,M,53.0,MA
2010,151.0,25:50:24,1550,Chris,Perillo,M,40.0,CA
2010,152.0,25:54:05,1554,Lon,Freeman,M,35.0,CA
2010,153.0,25:54:44,1554,Gregory,Murdick,M,34.0,MO
2010,154.0,25:55:19,1555,Mike,Miller,M,54.0,CA
2010,155.0,26:01:46,1561,Julius,Drelick,M,43.0,AZ
2010,156.0,26:02:44,1562,Jill,Perry,F,39.0,NY
2010,157.0,26:07:55,1567,Masahiko,Tamakami,M,39.0,CA
2010,158.0,26:08:15,1568,Pete,Korn,M,45.0,CA
2010,159.0,26:12:05,1572,Jeff,List,M,51.0,MA
2010,160.0,26:14:13,1574,Daniel,Greig,M,51.0,NEW ZEALAND
2010,161.0,26:14:46,1574,Paul,Grimm,M,41.0,CO
2010,162.0,26:17:54,1577,Lina,McCain,F,44.0,CA
2010,163.0,26:19:42,1579,Peter,Watson,M,32.0,BC
2010,164.0,26:23:30,1583,Jeffrey,Welsh,M,55.0,NC
2010,165.0,26:25:15,1585,Derek,Blaylock,M,41.0,UT
2010,166.0,26:25:17,1585,Dan,Burke,M,51.0,CA
2010,167.0,26:29:56,1589,Todd,Glender,M,38.0,OR
2010,168.0,26:31:29,1591,Charlie,Crissman,M,42.0,WA
2010,169.0,26:35:56,1595,Kyle,Peter,M,25.0,CA
2010,170.0,26:36:45,1596,Aaron,Mulder,M,35.0,PA
2010,171.0,26:36:45,1596,Michael,Courtney,M,54.0,NM
2010,172.0,26:38:43,1598,Mike,Lynch,M,46.0,NJ
2010,173.0,26:40:14,1600,Marty,Hoffman,M,54.0,CA
2010,174.0,26:41:14,1601,Alex,McDaniel,M,32.0,CA
2010,175.0,26:42:23,1602,Tim,Quinn,M,63.0,CA
2010,176.0,26:42:41,1602,Don,Lundell,M,48.0,CA
2010,177.0,26:44:25,1604,Evan,Kimber,M,33.0,CA
2010,178.0,26:44:34,1604,Eric,Lee,M,28.0,PA
2010,179.0,26:45:58,1605,Chet,Fairbank,M,36.0,NV
2010,180.0,26:46:58,1606,Robert,Hodge,M,50.0,OR
2010,181.0,26:47:09,1607,Keith,Blom,M,53.0,CA
2010,182.0,26:53:03,1613,Michael,Broderick,M,53.0,MD
2010,183.0,26:56:24,1616,Steph,Rahilly,F,42.0,ON
2010,184.0,26:57:23,1617,Seth,Wolpin,M,37.0,WA
2010,185.0,27:09:28,1629,Neil,Blake,M,45.0,NM
2010,186.0,27:13:11,1633,David,Messman,M,50.0,CA
2010,187.0,27:17:40,1637,Thomas,Krause,M,38.0,IL
2010,188.0,27:21:58,1641,R.,Sean,M,44.0,WI
2010,189.0,27:23:16,1643,Doug,Cassiday,M,44.0,GA
2010,190.0,27:23:51,1643,Eric,Barnes,M,53.0,WA
2010,191.0,27:26:17,1646,Stephen,Taylor,M,41.0,MA
2010,192.0,27:27:25,1647,Wally,Hesseltine,M,66.0,CA
2010,193.0,27:27:28,1647,Steven,Bernhardt,M,45.0,WI
2010,194.0,27:33:23,1653,Michael,Huss,M,51.0,CA
2010,195.0,27:34:36,1654,Jeff,Zahn,M,47.0,CA
2010,196.0,27:35:06,1655,Arturs,Veics,M,25.0,LATVIA
2010,197.0,27:36:22,1656,Suzanne,Weightman,F,46.0,PA
2010,198.0,27:38:53,1658,Donn,Zea,M,52.0,CA
2010,199.0,27:39:17,1659,Cindy,Melder,F,48.0,TX
2010,200.0,27:39:20,1659,Gary,Nichols,M,41.0,MI
2010,201.0,27:39:26,1659,Van,Phan,F,39.0,WA
2010,202.0,27:39:30,1659,Kenneth,Arble,M,53.0,MI
2010,203.0,27:39:36,1659,James,Hall,M,46.0,PA
2010,204.0,27:40:52,1660,Jon,Roig,M,34.0,AZ
2010,205.0,27:41:15,1661,Jay,Johnson,M,31.0,NY
2010,206.0,27:42:03,1662,Marianne,Paulson,F,46.0,CA
2010,207.0,27:42:31,1662,Adrian,Feddema,M,57.0,AB
2010,208.0,27:42:32,1662,Tim,Watson,M,57.0,AB
2010,209.0,27:43:10,1663,Amy,Palmiero-Winters,F,37.0,NY
2010,210.0,27:44:19,1664,Tamara,Johnson,F,45.0,CA
2010,211.0,27:44:41,1664,Ian,Maddieson,M,67.0,NM
2010,212.0,27:44:42,1664,Jason,Perez,M,25.0,CA
2010,213.0,27:44:57,1664,Paul,Akiyama,M,66.0,CA
2010,214.0,27:49:01,1669,Dan,Williams,M,61.0,CA
2010,215.0,27:50:53,1670,Mike,Savage,M,51.0,CA
2010,216.0,27:51:42,1671,Ernie,Floyd,M,55.0,UT
2010,217.0,27:53:32,1673,Ryan,Martin,M,40.0,CO
2010,218.0,27:54:37,1674,Graeme,Colhoun,M,27.0,IRELAND
2010,219.0,27:57:31,1677,Mark,Sobus,M,42.0,TX
2010,220.0,27:57:44,1677,Roberta,McGraw,F,48.0,CA
2010,221.0,27:59:24,1679,Kristen,Farley,F,48.0,CA
2010,222.0,27:59:43,1679,Steve,Wheeler,M,51.0,FL
2010,223.0,27:59:44,1679,Don,Duffy,M,56.0,CA
2010,224.0,28:01:46,1681,Markus,Wiaderek,M,42.0,QC
2010,225.0,28:04:22,1684,Charles,Godtfredsen,M,42.0,CA
2010,226.0,28:07:33,1687,Tom,Geha,M,42.0,CA
2010,227.0,28:09:06,1689,Cecil,Baumgartner,M,54.0,CA
2010,228.0,28:09:10,1689,Steve,Emmert,M,42.0,IL
2010,229.0,28:11:59,1691,Mun,Sang,M,36.0,SINGAPORE
2010,230.0,28:12:49,1692,Daniel,Garcia-Denson,M,40.0,CA
2010,231.0,28:15:14,1695,John,Holt,M,43.0,NY
2010,232.0,28:16:27,1696,Martin,Whitcomb,M,57.0,CA
2010,233.0,28:16:30,1696,Scott,Wilson,M,50.0,CA
2010,234.0,28:19:09,1699,Chad,Piala,M,33.0,CO
2010,235.0,28:20:27,1700,Francis,Agboton,M,37.0,WA
2010,236.0,28:21:19,1701,Richard,Snipes,M,35.0,IL
2010,237.0,28:23:40,1703,Ron,"Harding,",M,62.0,AZ
2010,238.0,28:27:47,1707,Linda,Dewees,F,53.0,CA
2010,239.0,28:28:03,1708,Willem,Pennings,M,43.0,CA
2010,240.0,28:28:23,1708,Sharon,Bartelheim,F,51.0,NV
2010,241.0,28:29:11,1709,John,Lacroix,M,28.0,NH
2010,242.0,28:31:08,1711,Hansel,Lynn,M,39.0,CA
2010,243.0,28:31:16,1711,Shan,Riggs,M,31.0,IL
2010,244.0,28:33:05,1713,Tasha,Nott,F,34.0,AB
2010,245.0,28:33:10,1713,Mary,Betts,F,51.0,BC
2010,246.0,28:34:11,1714,Charley,Jones,M,38.0,CA
2010,247.0,28:35:06,1715,Rena,Lantz,F,49.0,CA
2010,248.0,28:36:53,1716,Alisa,Springman,F,35.0,PA
2010,249.0,28:40:59,1720,Allyson,Thomas,F,30.0,CA
2010,250.0,28:44:22,1724,Leif,Rustvold,M,35.0,OR
2010,251.0,28:44:30,1724,Charles,Savage,M,62.0,CA
2010,252.0,28:45:00,1725,Zachary,Keefer,M,28.0,NC
2010,253.0,28:45:00,1725,Matthew,Heisey,M,27.0,TN
2010,254.0,28:45:09,1725,Timothy,Frederick,M,42.0,DC
2010,255.0,28:47:10,1727,Karyn,Hoffman,F,47.0,CA
2010,256.0,28:48:56,1728,Glen,Mangiantini,M,52.0,WA
2010,257.0,28:51:36,1731,Fabian,Pleasant,M,21.0,MD
2010,258.0,28:51:50,1731,Beate,Anderson,F,44.0,CA
2010,259.0,28:53:36,1733,Narendra,Rocherolle,M,42.0,CA
2010,260.0,28:54:32,1734,Ernest,Stolen,M,61.0,AK
2010,261.0,28:54:54,1734,Holly,Goodwin,F,51.0,WA
2010,262.0,28:55:39,1735,Gabi,Schenkel,F,33.0,SWITZERLAND
2010,263.0,28:55:46,1735,Fenton,Cross,M,65.0,CA
2010,264.0,28:57:03,1737,Greg,Burger,M,43.0,KS
2010,265.0,28:57:04,1737,Kim,Brettler,F,45.0,CA
2010,266.0,28:57:05,1737,Jeff,Brettler,M,48.0,CA
2010,267.0,28:59:56,1739,Kate,Merrill,F,47.0,OR
2010,268.0,29:00:09,1740,Craig,Smith,M,32.0,CA
2010,269.0,29:01:07,1741,Taguchi,Yukimitsu,M,49.0,JAPAN
2010,270.0,29:01:51,1741,Harris,Goodman,M,44.0,CA
2010,271.0,29:06:13,1746,Lawrence,Zea,M,31.0,IL
2010,272.0,29:06:38,1746,Henry,Bickerstaff,M,55.0,OK
2010,273.0,29:07:41,1747,Trish,Godtfredsen,F,37.0,CA
2010,274.0,29:07:52,1747,Edward,Cacciapaglia,M,56.0,VA
2010,275.0,29:08:30,1748,Scott,Brock,M,41.0,FL
2010,276.0,29:10:02,1750,Bryce,Rhodes,M,33.0,NV
2010,277.0,29:11:31,1751,Michael,Hernandez,M,57.0,CA
2010,278.0,29:12:11,1752,Mark,Metcalfe,M,41.0,CA
2010,279.0,29:12:45,1752,Bill,Thom,M,49.0,IL
2010,280.0,29:16:02,1756,Patrick,Mccartney,M,38.0,IN
2010,281.0,29:16:36,1756,Michael,Palmer,M,56.0,CA
2010,282.0,29:19:41,1759,Charles,Bouwens,M,45.0,FL
2010,283.0,29:19:41,1759,Axel,Reissnecker,M,56.0,TX
2010,284.0,29:20:47,1760,Jamshid,Khajavi,M,57.0,WA
2010,285.0,29:21:41,1761,Steven,Godfrey,M,35.0,CA
2010,286.0,29:22:00,1762,Dominic,Guinta,M,40.0,IL
2010,287.0,29:24:10,1764,Joseph,Sellner,M,37.0,CA
2010,288.0,29:24:25,1764,Jennifer,Aradi,F,35.0,IL
2010,289.0,29:24:35,1764,Annette,Mensonides,F,39.0,CA
2010,290.0,29:24:58,1764,Rick,Bearden,M,53.0,CA
2010,291.0,29:27:13,1767,Roy,Harju,M,41.0,CA
2010,292.0,29:27:26,1767,Brian,Wieneke,M,55.0,AZ
2010,293.0,29:27:56,1767,Susan,Lance,F,50.0,GA
2010,294.0,29:28:45,1768,Damian,Nathaniel,M,43.0,IA
2010,295.0,29:29:22,1769,Karen,Martin,F,38.0,AR
2010,296.0,29:29:57,1769,Debra,Moss,F,53.0,CA
2010,297.0,29:30:18,1770,Paul,Goodwin,M,30.0,TX
2010,298.0,29:31:01,1771,Roger,Bonga,M,34.0,MI
2010,299.0,29:31:47,1771,Nelson,Snyder,M,38.0,OR
2010,300.0,29:32:04,1772,Leslie,Carboni,F,36.0,CA
2010,301.0,29:32:27,1772,Brian,Medley,M,36.0,CA
2010,302.0,29:32:37,1772,Jennifer,Music,F,44.0,CA
2010,303.0,29:34:07,1774,Tony,Lafferty,M,49.0,CA
2010,304.0,29:35:30,1775,Shawn,Krause,M,30.0,MD
2010,305.0,29:36:25,1776,Kevin,O'Grady,M,51.0,OH
2010,306.0,29:36:54,1776,Jason,Ryder,M,37.0,NS
2010,307.0,29:36:56,1776,Shiran,Kochavi,M,41.0,NJ
2010,308.0,29:37:14,1777,Dave,Holmes,M,43.0,CA
2010,309.0,29:37:25,1777,Stu,Allen,M,50.0,MI
2010,310.0,29:38:36,1778,Stephen,Fernau,M,40.0,IL
2010,311.0,29:39:04,1779,Ron,Rel,M,44.0,CA
2010,312.0,29:39:42,1779,Drew,Meyer,M,63.0,TX
2010,313.0,29:39:43,1779,Fred,Thompson,M,61.0,TX
2010,314.0,29:43:29,1783,David,Coats,M,49.0,TX
2010,315.0,29:44:30,1784,Rod,Dickson,M,64.0,CA
2010,316.0,29:44:34,1784,Jennifer,Griste,F,46.0,CA
2010,317.0,29:45:26,1785,Sandra,Ross,F,47.0,CA
2010,318.0,29:45:42,1785,Peggy,Davidson,F,54.0,CA
2010,319.0,29:45:52,1785,Erik,Swordmaker,M,44.0,WA
2010,320.0,29:46:15,1786,Wayne,Holtry,M,31.0,NC
2010,321.0,29:48:02,1788,Jan,Soderkvist,M,50.0,SWEDEN
2010,322.0,29:50:38,1790,Jen,Foster,F,38.0,AR
2010,323.0,29:50:54,1790,Steve,Shapiro,M,44.0,CA
2010,324.0,29:51:51,1791,Rick,Gates,M,53.0,UT
2010,325.0,29:52:32,1792,Aaron,Kohr,M,46.0,CA
2010,326.0,29:54:35,1794,Alexa,Dickerson,F,22.0,CA
2010,327.0,29:54:59,1794,Herb,Tanzer,M,58.0,CO
2010,328.0,29:55:30,1795,Jerry,Bloom,M,57.0,CA
2011,1.0,15:34:24,934,Kilian,Jornet,M,23.0,
2011,2.0,15:38:29,938,Mike,Wolfe,M,33.0,
2011,3.0,15:50:23,950,Nick,Clark,M,37.0,
2011,4.0,15:55:08,955,Jez,Bragg,M,30.0,
2011,5.0,16:07:04,967,Tsuyoshi,Kaburaki,M,42.0,
2011,6.0,16:18:42,978,Timothy,Olson,M,27.0,
2011,7.0,16:34:41,994,Graham,Cooper,M,41.0,
2011,8.0,16:36:21,996,Dave,Mackey,M,41.0,
2011,9.0,16:39:30,999,Andy,Jones-Wilkins,M,43.0,
2011,10.0,16:40:19,1000,Ian,Sharman,M,30.0,
2011,11.0,16:45:45,1005,Dan,Olmstead,M,39.0,
2011,12.0,16:48:22,1008,Sim,Jaeduk,M,42.0,
2011,13.0,16:56:18,1016,Shunsuke,Okunomiya,M,32.0,
2011,14.0,16:57:58,1017,Glen,Redpath,M,45.0,
2011,15.0,17:19:14,1039,Mark,Lantz,M,45.0,
2011,16.0,17:38:00,1058,Brett,Rivers,M,29.0,
2011,17.0,17:45:35,1065,Jon,Lawler,M,47.0,
2011,18.0,17:55:29,1075,Ellie,Greenwood,F,32.0,
2011,19.0,18:01:12,1081,David,La Duc,M,41.0,
2011,20.0,18:12:28,1092,Chris,Reed,M,38.0,
2011,21.0,18:15:48,1095,Karl,Hoagland,M,46.0,
2011,22.0,18:17:34,1097,Kami,Semick,F,44.0,
2011,23.0,18:17:39,1097,Nikki,Kimball,F,40.0,
2011,24.0,18:22:15,1102,Tracy,Garneau,F,42.0,
2011,25.0,18:37:17,1117,Rory,Bosio,F,26.0,
2011,26.0,18:45:25,1125,Aliza,Lapierre,F,31.0,
2011,27.0,18:45:47,1125,Chris,Calzetta,M,29.0,
2011,28.0,18:45:52,1125,Erik,Skaden,M,39.0,
2011,29.0,18:50:19,1130,Meghan,Canfield,F,50.0,
2011,30.0,19:10:50,1150,Lon,Freeman,M,36.0,
2011,31.0,19:24:14,1164,Bryon,Powell,M,33.0,
2011,32.0,19:28:00,1168,Skip,Crockett,M,30.0,
2011,33.0,19:30:49,1170,John,Rutherford,M,31.0,
2011,34.0,19:36:19,1176,Amy,Sproston,F,37.0,
2011,35.0,19:42:22,1182,Ben,Creehan,M,35.0,
2011,36.0,19:44:52,1184,Joseph,Kulak,M,43.0,
2011,37.0,19:46:54,1186,Becky,Wheeler,F,36.0,
2011,38.0,19:48:27,1188,Chad,Silker,M,31.0,
2011,39.0,19:50:15,1190,Bill,Huggins,M,41.0,
2011,40.0,20:01:51,1201,Joe,Uhan,M,33.0,
2011,41.0,20:02:55,1202,Lewis,Taylor,M,38.0,
2011,42.0,20:08:47,1208,Timothy,Fitzpatrick,M,50.0,
2011,43.0,20:11:41,1211,Andrew,Vize,M,30.0,
2011,44.0,20:29:26,1229,Shaun,Pope,M,22.0,
2011,45.0,20:35:38,1235,Eric,Toschi,M,42.0,
2011,46.0,20:37:18,1237,David,Papineau,M,42.0,
2011,47.0,20:40:48,1240,Pam,Smith,F,36.0,
2011,48.0,20:42:12,1242,Mike,Palichuk,M,43.0,
2011,49.0,20:44:16,1244,Kevin,Rumon,M,50.0,
2011,50.0,20:44:50,1244,Helen,Cospolich,F,34.0,
2011,51.0,20:47:25,1247,Michael,Adams,M,41.0,
2011,52.0,20:47:30,1247,Craig,Thornley,M,47.0,
2011,53.0,20:48:08,1248,Eric,Johnson,M,27.0,
2011,54.0,20:50:56,1250,David,Larsen,M,40.0,
2011,55.0,20:58:10,1258,Shad,Mickelberry,M,35.0,
2011,56.0,21:10:08,1270,Sam,Thompson,M,30.0,
2011,57.0,21:11:09,1271,Todd,Braje,M,35.0,
2011,58.0,21:19:40,1279,Scott,Jaime,M,41.0,
2011,59.0,21:20:27,1280,John,Nichols,M,46.0,
2011,60.0,21:22:44,1282,Jerry,Peters,M,38.0,
2011,61.0,21:27:46,1287,Mike,Foote,M,27.0,
2011,62.0,21:27:56,1287,Ken,Long,M,33.0,
2011,63.0,21:32:21,1292,Jeff,Bertot,M,38.0,
2011,64.0,21:40:06,1300,Michael,Arnstein,M,34.0,
2011,65.0,21:41:13,1301,Matt,Keyes,M,37.0,
2011,66.0,21:42:09,1302,Adam,Bechtel,M,36.0,
2011,67.0,21:47:19,1307,Adam,St.Pierre,M,29.0,
2011,68.0,21:55:03,1315,Bruce,Labelle,M,55.0,
2011,69.0,21:55:17,1315,David,Town,M,33.0,
2011,70.0,21:55:24,1315,Wayne,Rancourt,M,48.0,
2011,71.0,21:55:32,1315,David,Easa,M,36.0,
2011,72.0,21:56:53,1316,Jeason,Murphy,M,31.0,
2011,73.0,22:01:56,1321,Joe,Huising,M,38.0,
2011,74.0,22:11:19,1331,Scott,Mills,M,60.0,
2011,75.0,22:16:28,1336,Beth,Cardelli,F,31.0,
2011,76.0,22:16:57,1336,Ron,Farkash,M,43.0,
2011,77.0,22:22:22,1342,Kenneth,Gregorich,M,52.0,
2011,78.0,22:23:26,1343,Galen,Farris,M,29.0,
2011,79.0,22:30:38,1350,Gretchen,Brugman,F,37.0,
2011,80.0,22:36:25,1356,Andrew,Place,M,50.0,
2011,81.0,22:38:00,1358,Denis,Cook,M,28.0,
2011,82.0,22:39:45,1359,Ted,Knudsen,M,42.0,
2011,83.0,22:48:03,1368,David,Kadunc,M,29.0,
2011,84.0,22:49:27,1369,Jim,Scott,M,51.0,
2011,85.0,22:50:52,1370,Emilio Jose,Martinez,M,36.0,
2011,86.0,22:51:12,1371,Jamie,Frink,F,38.0,
2011,87.0,22:54:41,1374,Matthew,Davenport,M,33.0,
2011,88.0,23:07:11,1387,Jill,Perry,F,40.0,
2011,89.0,23:08:21,1388,Alex,McDaniel,M,33.0,
2011,90.0,23:08:25,1388,Chad,Hyson,M,40.0,
2011,91.0,23:08:41,1388,Franz,Dill,M,35.0,
2011,92.0,23:09:37,1389,Joshua,Kennedy,M,39.0,
2011,93.0,23:09:51,1389,Charles,Wickersham,M,39.0,
2011,94.0,23:10:22,1390,Patrick,Dellapace,M,27.0,
2011,95.0,23:12:07,1392,Bernt,Bratsberg,M,51.0,
2011,96.0,23:12:49,1392,Jaclyn,Greenhill,F,34.0,
2011,97.0,23:16:59,1396,Keith,Rieger,M,43.0,
2011,98.0,23:19:27,1399,Kirk,Edgerton,M,37.0,
2011,99.0,23:23:24,1403,Will,Aarsheim,M,42.0,
2011,100.0,23:24:32,1404,Bryan,Johnson,M,35.0,
2011,101.0,23:24:46,1404,David,Schurr,M,50.0,
2011,102.0,23:27:33,1407,Mike,Rosling,M,33.0,
2011,103.0,23:27:56,1407,Nathan,Sanel,M,42.0,
2011,104.0,23:28:54,1408,Dan,Decker,M,49.0,
2011,105.0,23:30:14,1410,Phil,Sheridan,M,54.0,
2011,106.0,23:32:19,1412,Katie,Murphy,F,28.0,
2011,107.0,23:32:45,1412,David,Crerar,M,42.0,
2011,108.0,23:36:46,1416,Dan,Brenden,M,60.0,
2011,109.0,23:37:40,1417,Craig,Bronstein,M,55.0,
2011,110.0,23:37:58,1417,Yosuke,Murase,M,38.0,
2011,111.0,23:39:43,1419,Roger,Jensen,M,61.0,
2011,112.0,23:39:48,1419,Marc,Miller,M,29.0,
2011,113.0,23:39:57,1419,Jason,Robillard,M,35.0,
2011,114.0,23:40:48,1420,Hei,Chan,M,30.0,
2011,115.0,23:41:14,1421,Allen,Belshaw,M,44.0,
2011,116.0,23:43:04,1423,Scott,Newton,M,41.0,
2011,117.0,23:45:49,1425,Daryl,Hultquist,M,41.0,
2011,118.0,23:48:39,1428,Mathieu,Brown,M,35.0,
2011,119.0,23:52:30,1432,Sandi,Nypaver,F,22.0,
2011,120.0,23:52:40,1432,William,Barthen,M,35.0,
2011,121.0,23:52:53,1432,Grae,Van Hooser,M,50.0,
2011,122.0,23:53:17,1433,Andrew,Garman,M,46.0,
2011,123.0,23:54:44,1434,Monica,Ochs,F,42.0,
2011,124.0,23:55:06,1435,Ted,Nunes,M,34.0,
2011,125.0,23:59:44,1439,Elizabeth,Carrion,F,35.0,
2011,126.0,24:21:18,1461,Wayne,Gaudet,M,54.0,
2011,127.0,24:30:45,1470,Bill,Thomas,M,54.0,
2011,128.0,24:37:50,1477,Angie,Pozzi,F,52.0,
2011,129.0,24:50:39,1490,Rick,Gaston,M,39.0,
2011,130.0,24:51:04,1491,Marco,Melchiorri,M,48.0,
2011,131.0,24:56:30,1496,Dan,Rosenberg,M,33.0,
2011,132.0,24:58:11,1498,Rich,Ainley,M,36.0,
2011,133.0,25:00:31,1500,Giovanni Battista,Torelli,M,56.0,
2011,134.0,25:10:52,1510,Emmanuel,Ronchin,M,34.0,
2011,135.0,25:19:34,1519,Jeff,Wright,M,49.0,
2011,136.0,25:20:45,1520,Anita,Ortiz,F,47.0,
2011,137.0,25:25:15,1525,Robin,Cameron,F,51.0,
2011,138.0,25:25:48,1525,Mark,Warren,M,44.0,
2011,139.0,25:26:15,1526,Mike,Bailey,M,30.0,
2011,140.0,25:28:48,1528,Vineer,Bhansali,M,45.0,
2011,141.0,25:33:45,1533,Danny,Westergaard,M,52.0,
2011,142.0,25:33:56,1533,Mark,Fuhriman,M,47.0,
2011,143.0,25:36:14,1536,Kuni,Yamagata,M,58.0,
2011,144.0,25:39:53,1539,Brian,Washburn,M,25.0,
2011,145.0,25:41:29,1541,Riva,Johnson,F,48.0,
2011,146.0,25:44:32,1544,Maggie,Beach,F,39.0,
2011,147.0,25:47:54,1547,Charley,Jones,M,39.0,
2011,148.0,25:50:43,1550,Henry,Peck,M,54.0,
2011,149.0,25:51:58,1551,Tom,Holland,M,40.0,
2011,150.0,25:54:13,1554,Erika,Lindland,F,29.0,
2011,151.0,25:54:51,1554,Don,Lundell,M,49.0,
2011,152.0,25:56:59,1556,Joel,Vautrin,M,44.0,
2011,153.0,26:01:07,1561,Rick,Santos,M,46.0,
2011,154.0,26:06:13,1566,Christopher,Haley,M,55.0,
2011,155.0,26:06:32,1566,Doug,Cassiday,M,45.0,
2011,156.0,26:08:55,1568,Luanne,Park,F,50.0,
2011,157.0,26:09:58,1569,Craig,Sowash,M,50.0,
2011,158.0,26:10:59,1570,Caroline,Pivetta,F,36.0,
2011,159.0,26:11:07,1571,Brenda,Williams,F,47.0,
2011,160.0,26:13:03,1573,Gary,Horn,M,54.0,
2011,161.0,26:18:09,1578,Jeff,Gleason,M,53.0,
2011,162.0,26:18:24,1578,Diann,Boyle,F,50.0,
2011,163.0,26:19:55,1579,John,Trent,M,48.0,
2011,164.0,26:24:04,1584,Kean,Hankins,M,45.0,
2011,165.0,26:26:17,1586,Glenn,Carnahan,M,48.0,
2011,166.0,26:26:42,1586,Tim,Ruffino,M,48.0,
2011,167.0,26:31:16,1591,Mark,Swanson,M,56.0,
2011,168.0,26:35:19,1595,David,Snipes,M,43.0,
2011,169.0,26:36:23,1596,Aaron,Kopp,M,36.0,
2011,170.0,26:39:09,1599,Bill,Thompson,M,45.0,
2011,171.0,26:39:55,1599,Mariano,Pontillas,M,37.0,
2011,172.0,26:47:01,1607,Willard,Weston,M,50.0,
2011,173.0,26:50:43,1610,Nathan,Blair,M,26.0,
2011,174.0,26:51:27,1611,Jerry,Bloom,M,58.0,
2011,175.0,26:52:52,1612,Brad,Bishop,M,25.0,
2011,176.0,26:53:00,1613,Marc,Dube,M,37.0,
2011,177.0,26:53:01,1613,Rocky,Allen,M,33.0,
2011,178.0,26:54:09,1614,Stephen,Taylor,M,42.0,
2011,179.0,26:54:44,1614,Niall,O Crualaoich,M,39.0,
2011,180.0,26:54:54,1614,Elaine,Stypula,F,46.0,
2011,181.0,26:58:20,1618,Ryan,Beard,M,35.0,
2011,182.0,26:58:38,1618,Steve,Holden,M,49.0,
2011,183.0,27:06:27,1626,Gregory,Holmes,M,48.0,
2011,184.0,27:06:34,1626,Bill,Finkbeiner,M,55.0,
2011,185.0,27:06:49,1626,Karyn,Hoffman,F,48.0,
2011,186.0,27:07:45,1627,Vance,Roget,M,57.0,
2011,187.0,27:08:21,1628,Edward,Cacciapaglia,M,57.0,
2011,188.0,27:09:52,1629,Arley,Anderson,M,46.0,
2011,189.0,27:13:00,1633,Howard,Schaub,M,53.0,
2011,190.0,27:15:25,1635,Paul,Roosen,M,49.0,
2011,191.0,27:17:10,1637,Michael,Peoples,M,48.0,
2011,192.0,27:21:13,1641,John,Hagenberg,M,26.0,
2011,193.0,27:21:55,1641,Catherine,Todd,F,32.0,
2011,194.0,27:23:12,1643,Joseph,Swenson,M,55.0,
2011,195.0,27:25:03,1645,Tony,Carino,M,25.0,
2011,196.0,27:26:03,1646,Geoffrey,Foote,M,43.0,
2011,197.0,27:26:42,1646,Abe,Galvan,M,36.0,
2011,198.0,27:27:32,1647,Steven,Bernhardt,M,46.0,
2011,199.0,27:28:03,1648,Calvin,Wong,M,29.0,
2011,200.0,27:32:02,1652,Christopher,Koch,M,29.0,
2011,201.0,27:33:10,1653,George,Peterka,M,51.0,
2011,202.0,27:34:10,1654,Dominic,Guinta,M,41.0,
2011,203.0,27:36:04,1656,Angela,Pierotti,F,33.0,
2011,204.0,27:37:19,1657,Yves,Hansel,M,47.0,
2011,205.0,27:38:36,1658,Craig,Norquist,M,44.0,
2011,206.0,27:39:28,1659,James,Crowe,M,49.0,
2011,207.0,27:41:28,1661,Alan,Barichievich,M,44.0,
2011,208.0,27:43:00,1663,John,Powell,M,48.0,
2011,209.0,27:44:03,1664,Lisa,Nicholl,F,43.0,
2011,210.0,27:44:59,1664,Alex,Danner,M,54.0,
2011,211.0,27:45:23,1665,Dan,Chapman,M,42.0,
2011,212.0,27:46:47,1666,Tom,Bauer,M,60.0,
2011,213.0,27:47:05,1667,Eric,Lacher,M,42.0,
2011,214.0,27:47:50,1667,Dean,Hansen,M,55.0,
2011,215.0,27:49:39,1669,Rob,Ulm,M,35.0,
2011,216.0,27:51:37,1671,Yitzhak,Gilon,M,61.0,
2011,217.0,27:52:22,1672,Elke,D̦rnfeld,F,50.0,
2011,218.0,27:52:23,1672,Martin,BÌ_chter,M,51.0,
2011,219.0,27:53:23,1673,Chet,Fairbank,M,37.0,
2011,220.0,27:55:18,1675,Eric,Deutsch,M,39.0,
2011,221.0,27:55:36,1675,Dennis,Ladnier,M,47.0,
2011,222.0,27:59:27,1679,James,Skaggs,M,52.0,
2011,223.0,27:59:44,1679,Norman,Sheppard,M,53.0,
2011,224.0,28:02:50,1682,Martin,Whitcomb,M,58.0,
2011,225.0,28:03:19,1683,Kristin,Welch,F,39.0,
2011,226.0,28:05:45,1685,Garry,Sewell,M,50.0,
2011,227.0,28:06:02,1686,Glenn,Vencill,M,57.0,
2011,228.0,28:06:03,1686,Steven,Greuel,M,54.0,
2011,229.0,28:14:30,1694,Patrick,McCloskey,M,44.0,
2011,230.0,28:15:35,1695,Melissa,Sheppard,F,41.0,
2011,231.0,28:15:46,1695,Nick,Fiedler,M,32.0,
2011,232.0,28:15:49,1695,Adam,Bright,M,45.0,
2011,233.0,28:15:57,1695,Jennifer,Evans,F,42.0,
2011,234.0,28:16:23,1696,Marla,Moresi-Valdes,F,38.0,
2011,235.0,28:18:51,1698,John,McCarthy,M,51.0,
2011,236.0,28:20:45,1700,John,Catts,M,57.0,
2011,237.0,28:24:46,1704,Kathleen,Egan,F,38.0,
2011,238.0,28:25:28,1705,James,Elson,M,28.0,
2011,239.0,28:29:20,1709,James,Barstad,M,46.0,
2011,240.0,28:32:14,1712,Will,Thomas,M,32.0,
2011,241.0,28:33:35,1713,Penbin,Chen,M,33.0,
2011,242.0,28:34:14,1714,Jeff,Riley,M,42.0,
2011,243.0,28:35:04,1715,Ashley,Lindsey,F,29.0,
2011,244.0,28:36:19,1716,John,McKiernan,M,53.0,
2011,245.0,28:36:35,1716,Stephen,Zeidner,M,28.0,
2011,246.0,28:37:02,1717,Erin,Perkin,F,36.0,
2011,247.0,28:38:36,1718,Kevin,Green,M,36.0,
2011,248.0,28:40:15,1720,Danny,Miller,M,31.0,
2011,249.0,28:40:30,1720,Michael,Huss,M,53.0,
2011,250.0,28:44:12,1724,Charles,Savage,M,63.0,
2011,251.0,28:44:13,1724,Zachary,Keefer,M,29.0,
2011,252.0,28:46:41,1726,Coleen,Voeks,F,38.0,
2011,253.0,28:46:45,1726,Charlie,Bachmann,M,57.0,
2011,254.0,28:48:26,1728,Stan,Kososki,M,31.0,
2011,255.0,28:51:03,1731,Olivier,Geissler,M,39.0,
2011,256.0,28:56:05,1736,Scott,Warr,M,44.0,
2011,257.0,28:56:09,1736,David,Collins,M,59.0,
2011,258.0,29:00:28,1740,John,Feeney,M,51.0,
2011,259.0,29:03:22,1743,Michael,Ryan,M,34.0,
2011,260.0,29:03:47,1743,Sam,Landry,M,50.0,
2011,261.0,29:04:16,1744,Carin,Goldblatt,F,50.0,
2011,262.0,29:06:35,1746,Pat,Shannon,M,60.0,
2011,263.0,29:06:57,1746,Tom,Harper,M,62.0,
2011,264.0,29:08:08,1748,Judy,Rupp,F,49.0,
2011,265.0,29:08:11,1748,Bill,Heldenbrand,M,65.0,
2011,266.0,29:09:13,1749,Adam,Watkins,M,31.0,
2011,267.0,29:10:10,1750,Carrie,Hyatt,F,38.0,
2011,268.0,29:11:51,1751,Tim,Madden,M,42.0,
2011,269.0,29:12:29,1752,Jeff,Collins,M,57.0,
2011,270.0,29:12:30,1752,Allyson,Thomas Conwell,F,31.0,
2011,271.0,29:12:33,1752,Karen,Bonnett,F,55.0,
2011,272.0,29:14:10,1754,Gavin,Austin,M,34.0,
2011,273.0,29:15:22,1755,Robert,Schipsi,M,50.0,
2011,274.0,29:15:44,1755,Thomas,Wong,M,41.0,
2011,275.0,29:18:11,1758,Peter,Hargreaves,M,54.0,
2011,276.0,29:19:44,1759,Paul,Reardon,M,45.0,
2011,277.0,29:21:25,1761,John,Christensen,M,45.0,
2011,278.0,29:22:15,1762,Carl,Costas,M,43.0,
2011,279.0,29:22:25,1762,John,Powers,M,48.0,
2011,280.0,29:23:01,1763,Mike,Gleman,M,63.0,
2011,281.0,29:24:22,1764,Cathy,Hopkins,F,50.0,
2011,282.0,29:28:13,1768,Judy,Turney,F,44.0,
2011,283.0,29:28:58,1768,Bruce,Falzarano,M,52.0,
2011,284.0,29:29:31,1769,Robert,Cowan,M,50.0,
2011,285.0,29:31:48,1771,Shannon,Farar-Griefer,F,50.0,
2011,286.0,29:31:52,1771,Marlow,Barger,M,59.0,
2011,287.0,29:32:03,1772,Robert,Wehner,M,48.0,
2011,288.0,29:32:38,1772,Jim,Austreng,M,56.0,
2011,289.0,29:34:32,1774,Geoff,Clinton,M,43.0,
2011,290.0,29:34:33,1774,Ted,Niemann,M,48.0,
2011,291.0,29:35:31,1775,John,Cassidy,M,46.0,
2011,292.0,29:36:42,1776,Denis,Trafecanty,M,68.0,
2011,293.0,29:37:17,1777,Melanie,Ross,F,36.0,
2011,294.0,29:39:43,1779,Wilson,Liu,M,53.0,
2011,295.0,29:40:38,1780,Irving,Bennett,M,50.0,
2011,296.0,29:42:16,1782,Tammy,Massie,F,39.0,
2011,297.0,29:43:29,1783,Ana,Braga-Levaggi,F,51.0,
2011,298.0,29:44:22,1784,Steve,Shapiro,M,45.0,
2011,299.0,29:45:17,1785,John,Hargett,M,54.0,
2011,300.0,29:45:19,1785,Chris,Muller,M,41.0,
2011,301.0,29:45:54,1785,Antoinette,Vaughan,F,40.0,
2011,302.0,29:46:28,1786,Anne,Crispino-Taylor,F,53.0,
2011,303.0,29:47:25,1787,Dan,Williams,M,62.0,
2011,304.0,29:47:50,1787,Rich,White,M,30.0,
2011,305.0,29:48:44,1788,Domingo,Deguzman,M,51.0,
2011,306.0,29:50:54,1790,June,Caseria,F,27.0,
2011,307.0,29:51:06,1791,Diane,Forrest,F,49.0,
2011,308.0,29:54:20,1794,Richard,McKnight,M,42.0,
2011,309.0,29:54:24,1794,Kevin,O'Grady,M,52.0,
2011,310.0,29:57:10,1797,Marla,Hendricks,F,56.0,
2012,1.0,14:46:44,886,Timothy,Olson,M,28.0,OR
2012,2.0,15:03:56,903,Ryan,Sandes,M,30.0,ZAF
2012,3.0,15:44:09,944,Nick,Clark,M,38.0,CO
2012,4.0,15:53:36,953,Dave,Mackey,M,42.0,CO
2012,5.0,15:54:38,954,Ian,Sharman,M,31.0,OR
2012,6.0,15:57:59,957,Zeke,Tiernan,M,36.0,CO
2012,7.0,16:03:24,963,Dylan,Bowman,M,26.0,CO
2012,8.0,16:05:30,965,Jorge,Maravilla,M,34.0,CA
2012,9.0,16:13:14,973,Joe,Uhan,M,34.0,OR
2012,10.0,16:18:40,978,Neal,Gorman,M,35.0,VA
2012,11.0,16:42:55,1002,David,Riddle,M,30.0,OH
2012,12.0,16:43:01,1003,Yassine,Diboun,M,33.0,OR
2012,13.0,16:46:08,1006,Thomas,Crawford,M,31.0,CA
2012,14.0,16:47:19,1007,Ellie,Greenwood,F,33.0,AB
2012,15.0,16:53:28,1013,Zach,Bitter,M,26.0,WI
2012,16.0,17:29:56,1049,Jez,Bragg,M,31.0,GBR
2012,17.0,17:29:57,1049,John,Tidd,M,48.0,URY
2012,18.0,17:42:39,1062,David,Kadunc,M,30.0,SVN
2012,19.0,17:50:09,1070,Mike,Wolfe,M,34.0,MT
2012,20.0,17:50:33,1070,Mark,Lantz,M,46.0,CA
2012,21.0,18:08:06,1088,Rory,Bosio,F,27.0,CA
2012,22.0,18:11:02,1091,Josh,Katzman,M,32.0,MA
2012,23.0,18:18:29,1098,Aliza,Lapierre,F,32.0,VT
2012,24.0,18:23:12,1103,Jon,Olsen,M,37.0,CA
2012,25.0,18:25:33,1105,Dan,Barger,M,46.0,CA
2012,26.0,18:29:15,1109,Kristin,Moehl,F,34.0,CO
2012,27.0,18:31:39,1111,Nikki,Kimball,F,41.0,MT
2012,28.0,18:32:20,1112,Lizzy,Hawker,F,36.0,CHE
2012,29.0,18:32:49,1112,Rodrigo,Errazuriz,M,37.0,CHL
2012,30.0,18:36:38,1116,Eric,Wickland,M,30.0,CA
2012,31.0,18:42:52,1122,Christopher,Kollar,M,27.0,MT
2012,32.0,18:44:58,1124,Karl,Hoagland,M,47.0,CA
2012,33.0,18:47:46,1127,Marc,Laveson,M,27.0,CA
2012,34.0,18:50:23,1130,Nicholas,Triolo,M,28.0,OR
2012,35.0,18:50:51,1130,Brian,Peterson,M,27.0,MN
2012,36.0,19:09:49,1149,Tina,Lewis,F,39.0,CO
2012,37.0,19:11:02,1151,Amy,Sproston,F,38.0,OR
2012,38.0,19:17:15,1157,Glenn,Mackie,M,50.0,TX
2012,39.0,19:18:20,1158,Mick,Jurynec,M,34.0,UT
2012,40.0,19:26:19,1166,Michael,Wardian,M,38.0,VA
2012,41.0,19:26:30,1166,Ashley,Nordell,F,32.0,OR
2012,42.0,19:43:54,1183,Jay,Smithberger,M,42.0,OH
2012,43.0,19:45:24,1185,Meghan,Canfield,F,51.0,OR
2012,44.0,19:47:10,1187,Arthur,Martineau,M,44.0,WA
2012,45.0,19:54:47,1194,Ryan,Kircher,M,32.0,CO
2012,46.0,19:55:47,1195,Mike,Le Roux,M,36.0,AUS
2012,47.0,20:12:15,1212,Paul,Terranova,M,38.0,TX
2012,48.0,20:18:07,1218,Matt,Keyes,M,38.0,CA
2012,49.0,20:18:14,1218,Jed,Tukman,M,41.0,CA
2012,50.0,20:24:37,1224,Davide,Grazielli,M,37.0,ITA
2012,51.0,20:28:10,1228,Denise,Bourassa,F,42.0,OR
2012,52.0,20:30:08,1230,Dan,Paquette,M,36.0,WA
2012,53.0,20:32:21,1232,Erik,Skaden,M,40.0,CA
2012,54.0,20:34:17,1234,Jacek,Doniec,M,35.0,BC
2012,55.0,20:35:01,1235,Jeff,Pflueger,M,42.0,CA
2012,56.0,20:36:19,1236,Jenny,Capel,F,39.0,NV
2012,57.0,20:37:43,1237,Brian,Miller,M,36.0,CA
2012,58.0,20:47:31,1247,Thomas,Reiss,M,44.0,CA
2012,59.0,20:58:39,1258,Ricky,Denesik,M,52.0,CO
2012,60.0,20:59:01,1259,Joelle,Vaught,F,37.0,ID
2012,61.0,21:00:05,1260,Elizabeth,Howard,F,40.0,TX
2012,62.0,21:16:36,1276,Daniel,Scarberry,M,28.0,CA
2012,63.0,21:17:15,1277,Joe,Palubeski,M,45.0,CA
2012,64.0,21:19:32,1279,Brent,Boyle,M,39.0,GA
2012,65.0,21:25:16,1285,Dietmar,Fiedler,M,35.0,AUT
2012,66.0,21:30:32,1290,Dalius,Kumpa,M,35.0,LTU
2012,67.0,21:31:01,1291,Andrew,Findley,M,49.0,GBR
2012,68.0,21:31:20,1291,Jennifer,Pfeifer,F,40.0,CA
2012,69.0,21:33:10,1293,David,Papineau,M,43.0,BC
2012,70.0,21:38:22,1298,Anthony,Brantley,M,41.0,CA
2012,71.0,21:42:40,1302,Grant,Sisler,M,35.0,CA
2012,72.0,21:47:26,1307,Jeffrey,Rangan,M,32.0,CA
2012,73.0,21:52:54,1312,Podog,Vogler,M,46.0,AR
2012,74.0,21:56:57,1316,Elissa,Ballas,F,32.0,AE
2012,75.0,22:10:57,1330,Scott,Mills,M,61.0,CA
2012,76.0,22:13:24,1333,Sean,Lang,M,30.0,CA
2012,77.0,22:14:33,1334,Jerry,Nowak,M,50.0,OR
2012,78.0,22:15:50,1335,Kyle,Kugler,M,26.0,FL
2012,79.0,22:18:40,1338,Ray,Sanchez,M,45.0,CA
2012,80.0,22:19:23,1339,Stuart,Kolb,M,50.0,WI
2012,81.0,22:28:18,1348,Geoff,Vaughan,M,47.0,CA
2012,82.0,22:29:29,1349,Mark,Austin,M,28.0,ID
2012,83.0,22:30:40,1350,Robijn,Hage,M,41.0,MA
2012,84.0,22:31:19,1351,Darla,Askew,F,39.0,OR
2012,85.0,22:31:56,1351,Ben,Balester,M,38.0,CA
2012,86.0,22:32:35,1352,Kirk,Kittell,M,31.0,WI
2012,87.0,22:32:52,1352,Claire,Price,F,43.0,HKG
2012,88.0,22:33:36,1353,Michael,Hlavacek,M,40.0,CO
2012,89.0,22:34:08,1354,Ben,Horne,M,32.0,CA
2012,90.0,22:34:45,1354,Amber,Monforte,F,34.0,NV
2012,91.0,22:35:21,1355,Christopher,Martin,M,45.0,MA
2012,92.0,22:38:07,1358,David,Boudreau,M,40.0,NH
2012,93.0,22:38:14,1358,Brian,Talon,M,39.0,CT
2012,94.0,22:38:57,1358,Michael,Dixon,M,29.0,NJ
2012,95.0,22:40:02,1360,Andrew,Coulthurst,M,33.0,GBR
2012,96.0,22:40:50,1360,Grae,Van Hooser,M,51.0,NV
2012,97.0,22:42:14,1362,Wes,Thurman,M,40.0,CO
2012,98.0,22:45:50,1365,Tyler,Stewart,F,34.0,CA
2012,99.0,22:46:23,1366,Walter,Edwards,M,37.0,CO
2012,100.0,22:50:59,1370,Gary,Wang,M,44.0,CA
2012,101.0,22:51:27,1371,Jonathan,Heinz,M,23.0,AB
2012,102.0,22:51:35,1371,David,House,M,30.0,FL
2012,103.0,22:56:03,1376,Nick,Yardley,M,47.0,VT
2012,104.0,22:56:13,1376,Erika,Lindland,F,30.0,CA
2012,105.0,23:00:36,1380,Robert,Lewellen,M,40.0,GA
2012,106.0,23:01:51,1381,Simon,Mtuy,M,40.0,TZA
2012,107.0,23:03:49,1383,Gavin,Woody,M,35.0,WA
2012,108.0,23:06:56,1386,Jenny,Pierce,F,29.0,MT
2012,109.0,23:09:19,1389,Lewis,Taylor,M,39.0,OR
2012,110.0,23:12:35,1392,Myles,Fennon,M,33.0,NY
2012,111.0,23:12:54,1392,Mark,Drake,M,56.0,CA
2012,112.0,23:14:23,1394,David,Peterman,M,49.0,OH
2012,113.0,23:14:33,1394,Georg,Kunzfeld,M,38.0,DEU
2012,114.0,23:14:51,1394,Justin,Walker,M,31.0,MI
2012,115.0,23:17:59,1397,Craig,Wheeler,M,50.0,KY
2012,116.0,23:18:29,1398,Ryan,Palmison,M,27.0,MA
2012,117.0,23:19:16,1399,Roxanne,Woodhouse,F,49.0,CA
2012,118.0,23:21:35,1401,Jamie,Frink,F,39.0,CA
2012,119.0,23:22:26,1402,Brandon,Fuller,M,37.0,CO
2012,120.0,23:23:14,1403,David,Rhodes,M,42.0,CA
2012,121.0,23:26:28,1406,Chad,Ayres,M,37.0,AL
2012,122.0,23:27:44,1407,John,Nichols,M,47.0,CA
2012,123.0,23:28:38,1408,Kevin,Otoole,M,32.0,CA
2012,124.0,23:34:27,1414,Jason,Dashow,M,36.0,MI
2012,125.0,23:37:14,1417,Jason,Smith,M,40.0,CA
2012,126.0,23:37:35,1417,Matthew,Zigich,M,32.0,MI
2012,127.0,23:39:51,1419,Christopher,Rozmarin,M,45.0,CO
2012,128.0,23:41:11,1421,Jack,Kurisky,M,45.0,VA
2012,129.0,23:41:20,1421,David,Messman,M,52.0,CA
2012,130.0,23:42:59,1422,Michael,Hinterberg,M,33.0,CO
2012,131.0,23:44:46,1424,Ryan,Burch,M,32.0,CO
2012,132.0,23:45:03,1425,Qinhua,He,M,35.0,CHN
2012,133.0,23:46:07,1426,Eric,Troska,M,35.0,NV
2012,134.0,23:46:40,1426,John,Trent,M,49.0,NV
2012,135.0,23:47:29,1427,Joe,Wrobleski,M,48.0,ME
2012,136.0,23:48:18,1428,Aaron,Mulder,M,37.0,PA
2012,137.0,23:49:24,1429,John,Novak,M,43.0,WA
2012,138.0,23:49:38,1429,Mark,Thompson,M,34.0,IA
2012,139.0,23:50:21,1430,John,Zerbe,M,44.0,CA
2012,140.0,23:50:42,1430,Franz,Dill,M,36.0,CA
2012,141.0,23:50:57,1430,Dale,Humphrey,M,53.0,MN
2012,142.0,23:51:24,1431,Steve,Cheeley,M,41.0,CA
2012,143.0,23:51:52,1431,Scott,Hanson,M,45.0,CA
2012,144.0,23:52:30,1432,Maxim,Kazitov,M,37.0,WA
2012,145.0,23:52:52,1432,Greg,Watson,M,41.0,MA
2012,146.0,23:53:31,1433,Martin,Guthrie,M,45.0,TX
2012,147.0,23:54:17,1434,Katie,Desplinter,F,29.0,CA
2012,148.0,23:54:34,1434,Andrew,Ewing,M,34.0,CA
2012,149.0,24:04:49,1444,Mario,Festival,M,57.0,AB
2012,150.0,24:12:18,1452,Patrick,Bowler,M,48.0,VA
2012,151.0,24:15:36,1455,Dave,Briggs,M,43.0,NV
2012,152.0,24:20:05,1460,Angus,Repper,M,39.0,PA
2012,153.0,24:30:19,1470,Shane,Utke,M,38.0,CA
2012,154.0,24:33:59,1473,Will,Glover,M,41.0,FL
2012,155.0,24:34:20,1474,Scott,Smith,M,45.0,CA
2012,156.0,24:41:15,1481,Gary,Daubenspeck,M,44.0,OR
2012,157.0,24:44:57,1484,William,Abel,M,39.0,IL
2012,158.0,24:48:29,1488,Bruce,Labelle,M,56.0,CA
2012,159.0,24:50:21,1490,Padraig,Mullins,M,30.0,IRL
2012,160.0,24:57:09,1497,Vineer,Bhansali,M,46.0,CA
2012,161.0,25:03:57,1503,Jim,Scott,M,52.0,CA
2012,162.0,25:07:37,1507,Gregory,Lowe,M,48.0,MA
2012,163.0,25:10:04,1510,Denise,Burley,F,41.0,OR
2012,164.0,25:16:43,1516,Mike,Sheehy,M,40.0,IL
2012,165.0,25:18:23,1518,Brian,Elliott,M,28.0,PA
2012,166.0,25:20:16,1520,Karen,Smidt,F,45.0,CO
2012,167.0,25:24:31,1524,Brad,Putnam,M,47.0,OR
2012,168.0,25:25:05,1525,Tammy,Hunter,F,49.0,WI
2012,169.0,25:27:07,1527,Koichi,Iwasa,M,41.0,JPN
2012,170.0,25:27:40,1527,Bogie,Dumitrescu,M,37.0,CO
2012,171.0,25:28:40,1528,Suzie,Lister,F,47.0,CA
2012,172.0,25:29:21,1529,Lori,Wetzel,F,39.0,MA
2012,173.0,25:34:38,1534,Molly,Knox,F,38.0,CA
2012,174.0,25:40:45,1540,Jeff,Lang,M,44.0,CA
2012,175.0,25:41:59,1541,Michael,Scherzer,M,45.0,GA
2012,176.0,25:50:01,1550,Calvin,Wong,M,30.0,CA
2012,177.0,25:54:19,1554,David,Schurr,M,51.0,CA
2012,178.0,25:54:42,1554,Ling-Ru,Chu,F,38.0,CA
2012,179.0,26:02:43,1562,Bradley,Rogers,M,49.0,CA
2012,180.0,26:07:43,1567,Michael,Huss,M,54.0,CA
2012,181.0,26:21:26,1581,William,Onate,M,36.0,CA
2012,182.0,26:27:14,1587,Iain,Hughes,M,49.0,OH
2012,183.0,26:27:25,1587,Juan,De Oliva,M,28.0,MEX
2012,184.0,26:33:43,1593,Brian,Pilgrim,M,45.0,NM
2012,185.0,26:39:49,1599,T. Michael,Thornton,M,42.0,MA
2012,186.0,26:40:38,1600,Michael,Yoder,M,50.0,PA
2012,187.0,26:43:45,1603,Dariusz Jacek,Labudzki,M,52.0,POL
2012,188.0,26:45:27,1605,David,Reasoner,M,40.0,TX
2012,189.0,26:45:43,1605,Vishal,Sahni,M,32.0,DC
2012,190.0,26:46:51,1606,Desiree,Barnes,F,30.0,OR
2012,191.0,26:50:02,1610,Jeff,Boutte,M,49.0,CA
2012,192.0,26:50:37,1610,Matthew,Heisey,M,29.0,NC
2012,193.0,26:51:22,1611,Dan,Brenden,M,61.0,AZ
2012,194.0,26:57:55,1617,Craig,Sandstrom,M,45.0,SC
2012,195.0,27:02:09,1622,Alex,Rochette,M,33.0,FRA
2012,196.0,27:03:37,1623,Grant,Carboni,M,41.0,CA
2012,197.0,27:05:47,1625,Mosi,Smith,M,29.0,MD
2012,198.0,27:06:48,1626,Tyler,Cates,M,44.0,OR
2012,199.0,27:07:07,1627,Michael,Pantalone,M,43.0,PA
2012,200.0,27:07:22,1627,Helen,Wu,F,34.0,CA
2012,201.0,27:08:46,1628,Steve,Holman,M,55.0,CA
2012,202.0,27:12:10,1632,Mike,Grimm,M,51.0,CA
2012,203.0,27:12:10,1632,Mike,Dahn,M,43.0,AZ
2012,204.0,27:17:10,1637,Bob,Hearn,M,46.0,CA
2012,205.0,27:17:27,1637,Melinda,Coen,F,27.0,VA
2012,206.0,27:17:29,1637,Gavin,Austin,M,35.0,CA
2012,207.0,27:19:15,1639,Brandon,Dey,M,35.0,NV
2012,208.0,27:24:41,1644,Marco,Denson,M,47.0,CA
2012,209.0,27:27:08,1647,Mark,Dorman,M,40.0,CA
2012,210.0,27:27:51,1647,Ethan,Richards,M,32.0,MN
2012,211.0,27:32:09,1652,Leslie,Wunder,F,50.0,NV
2012,212.0,27:32:46,1652,Craig,Slagel,M,39.0,BC
2012,213.0,27:33:21,1653,Terry,Hall,M,34.0,CA
2012,214.0,27:33:26,1653,Brandon,Carius,M,27.0,AK
2012,215.0,27:34:55,1654,Scott,Vosburg,M,42.0,CA
2012,216.0,27:37:35,1657,Michaela,Burgess,F,32.0,CA
2012,217.0,27:37:37,1657,David,Elsbernd,M,57.0,OR
2012,218.0,27:38:32,1658,Jeffrey,Egolf,M,39.0,CA
2012,219.0,27:42:07,1662,Nile,Sousa,M,58.0,CA
2012,220.0,27:44:13,1664,Flora,Krivak-Tetley,F,31.0,HI
2012,221.0,27:48:52,1668,John,Degregory,M,43.0,CA
2012,222.0,27:49:27,1669,Bill,Carr,M,38.0,CA
2012,223.0,27:50:12,1670,Mike,Munoz,M,31.0,TX
2012,224.0,27:50:32,1670,Heather,Anderson,F,30.0,WA
2012,225.0,27:52:12,1672,Tamara,Johnson,F,47.0,CA
2012,226.0,27:52:38,1672,Dave,Winkler,M,49.0,CA
2012,227.0,27:55:07,1675,Tom,Lane,M,41.0,AR
2012,228.0,27:59:44,1679,Amy,Burton,F,38.0,CA
2012,229.0,28:01:01,1681,C.B.,Fralich,M,39.0,OR
2012,230.0,28:01:53,1681,Martin,McAuley,M,40.0,CA
2012,231.0,28:03:20,1683,Chris,Garcia,M,49.0,CA
2012,232.0,28:08:03,1688,Andon,Briggs,M,35.0,AL
2012,233.0,28:10:05,1690,Mike,Bohi,M,40.0,CA
2012,234.0,28:11:28,1691,George,Raynsford,M,60.0,CA
2012,235.0,28:13:41,1693,Matthew,Doellman,M,28.0,IL
2012,236.0,28:15:07,1695,Charley,Jones,M,40.0,CA
2012,237.0,28:15:39,1695,Jack,Meyer,M,48.0,CA
2012,238.0,28:16:59,1696,Kurtis,Gruters,M,26.0,NC
2012,239.0,28:18:15,1698,Kimberly,White,F,41.0,CA
2012,240.0,28:19:11,1699,Brent,Speers,M,54.0,CA
2012,241.0,28:21:59,1701,Donn,Zea,M,54.0,CA
2012,242.0,28:26:43,1706,Matt,Holmes,M,45.0,CA
2012,243.0,28:28:29,1708,Brian,Brooks,M,39.0,KS
2012,244.0,28:29:55,1709,Bik Sai Ida,Lee,F,42.0,HKG
2012,245.0,28:30:01,1710,Randy,Van Dusen,M,37.0,CA
2012,246.0,28:31:42,1711,Annette,Mensonides,F,41.0,CA
2012,247.0,28:36:03,1716,Felipe,Guardia,M,36.0,CRI
2012,248.0,28:38:28,1718,Keith,Straw,M,57.0,PA
2012,249.0,28:39:09,1719,John,Edgcomb,M,53.0,CA
2012,250.0,28:40:18,1720,Ken,Zellars,M,63.0,PA
2012,251.0,28:40:53,1720,Lance,Fong,M,51.0,CA
2012,252.0,28:41:19,1721,Josh,Meggitt,M,42.0,IA
2012,253.0,28:41:47,1721,Joshua,Witte,M,40.0,TX
2012,254.0,28:42:17,1722,Matt,Baker,M,30.0,VA
2012,255.0,28:42:31,1722,Stephen,Kirby,M,28.0,CA
2012,256.0,28:43:55,1723,Craig,Duhn,M,36.0,IA
2012,257.0,28:44:09,1724,Luis,Velasquez,M,42.0,CA
2012,258.0,28:45:15,1725,Emily,Conley,F,40.0,TN
2012,259.0,28:45:16,1725,Eddie,Spencer,M,42.0,OK
2012,260.0,28:46:16,1726,Jeanne,Kysar-Carey,F,46.0,CA
2012,261.0,28:47:38,1727,Nick,Polito,M,43.0,TX
2012,262.0,28:49:36,1729,Tony,Marshall,M,34.0,CA
2012,263.0,28:50:16,1730,David,Castellani,M,47.0,NJ
2012,264.0,28:53:18,1733,Quintin,Barney,M,52.0,UT
2012,265.0,28:56:07,1736,Troy,Crady,M,41.0,IL
2012,266.0,28:56:26,1736,Jason,Sullivan,M,37.0,SC
2012,267.0,28:56:29,1736,Elke,Truscott,F,48.0,CA
2012,268.0,28:57:08,1737,Robert,Kemper,M,31.0,TX
2012,269.0,28:57:13,1737,Joel,Tapley,M,44.0,GA
2012,270.0,28:57:47,1737,John,McCarthy,M,52.0,IL
2012,271.0,28:58:14,1738,Peter,Hargreaves,M,55.0,CA
2012,272.0,28:58:22,1738,Pam,Smith,F,37.0,OR
2012,273.0,29:02:50,1742,Kurt,Mandich,M,52.0,CA
2012,274.0,29:05:25,1745,Todd,Shipman,M,29.0,CA
2012,275.0,29:06:20,1746,Julian,Pieters,M,41.0,GBR
2012,276.0,29:07:22,1747,Edward,Cacciapaglia,M,58.0,VA
2012,277.0,29:08:58,1748,Mark,Hellenthal,M,39.0,AZ
2012,278.0,29:09:05,1749,Joe,McQuade,M,38.0,MD
2012,279.0,29:10:34,1750,Charles,South,M,43.0,WA
2012,280.0,29:11:00,1751,Chris,Conwell,M,35.0,CA
2012,281.0,29:11:52,1751,Kyle,McQuire,M,27.0,TX
2012,282.0,29:14:36,1754,David,Bieber,M,53.0,CA
2012,283.0,29:15:23,1755,Joseph,Morrison,M,36.0,CA
2012,284.0,29:15:26,1755,Ted,Niemann,M,49.0,OH
2012,285.0,29:16:07,1756,Barbara,Ashe,F,63.0,CA
2012,286.0,29:16:29,1756,Kenny,Rogers,M,58.0,MA
2012,287.0,29:18:37,1758,Steve,Klang,M,44.0,CA
2012,288.0,29:19:25,1759,Clyde The Glide,Aker,M,60.0,CA
2012,289.0,29:19:43,1759,Dirceu,Faelli,M,59.0,BRA
2012,290.0,29:20:43,1760,Carolyn,Hennessey,F,46.0,OR
2012,291.0,29:23:44,1763,Kathleen,Romalia,F,43.0,CO
2012,292.0,29:24:22,1764,Tim,Cullum,M,55.0,CA
2012,293.0,29:27:30,1767,Mark,Olson,M,65.0,CA
2012,294.0,29:28:05,1768,Geir,Frykholm,M,55.0,NOR
2012,295.0,29:30:54,1770,Robert,Villani,M,53.0,NY
2012,296.0,29:31:35,1771,Joshua,Motter,M,37.0,AZ
2012,297.0,29:31:53,1771,Alexander,Schwarzbauer,M,39.0,FL
2012,298.0,29:32:46,1772,Charles,Savage,M,64.0,CA
2012,299.0,29:33:00,1773,Gus,Exarchos,M,43.0,CA
2012,300.0,29:33:30,1773,Robert,Halpenny,M,62.0,CA
2012,301.0,29:33:56,1773,Chihping,Fu,M,46.0,CA
2012,302.0,29:34:42,1774,Andrew,Harding,M,51.0,MI
2012,303.0,29:35:58,1775,Ken,Press,M,48.0,CA
2012,304.0,29:37:51,1777,Boris,Juarez,M,40.0,GTM
2012,305.0,29:39:29,1779,Anil,Rao,M,36.0,CA
2012,306.0,29:42:32,1782,Steve,Westlund,M,61.0,UT
2012,307.0,29:43:10,1783,Deborah,Paquin,F,52.0,CA
2012,308.0,29:46:02,1786,Tony,Bierman,M,56.0,IL
2012,309.0,29:50:33,1790,Jonnifer,Lacanlale,M,42.0,PHL
2012,310.0,29:50:54,1790,Damian,Krebsbach,M,27.0,MT
2012,311.0,29:51:15,1791,Jason,Healey,M,41.0,CA
2012,312.0,29:51:31,1791,James,Smith,M,40.0,CA
2012,313.0,29:52:41,1792,Tom,Clime,M,46.0,MD
2012,314.0,29:54:24,1794,Jim,Hammond,M,40.0,OR
2012,315.0,29:54:55,1794,Kevin,O'Grady,M,53.0,OH
2012,316.0,29:58:27,1798,Joselito,San Gabriel,M,43.0,CA
2013,1.0,15:17:27,917,Timothy,Olson,M,29.0,OR
2013,2.0,15:22:05,922,Rob,Krar,M,36.0,AZ
2013,3.0,15:45:21,945,Mike,Morton,M,41.0,FL
2013,4.0,16:20:25,980,Ian,Sharman,M,32.0,CA
2013,5.0,16:32:18,992,Dylan,Bowman,M,27.0,CA
2013,6.0,16:56:23,1016,Nick,Clark,M,39.0,CO
2013,7.0,17:44:36,1064,Jesse,Haynes,M,40.0,CA
2013,8.0,17:56:29,1076,Paul,Terranova,M,39.0,TX
2013,9.0,18:37:21,1117,Pam,Smith,F,38.0,OR
2013,10.0,18:44:02,1124,Yassine,Diboun,M,34.0,OR
2013,11.0,18:51:55,1131,Karl,Meltzer,M,45.0,UT
2013,12.0,18:55:51,1135,Scott,Wolfe,M,39.0,OR
2013,13.0,19:10:52,1150,Brandon,Stapanowich,M,28.0,CO
2013,14.0,19:21:43,1161,Nikki,Kimball,F,42.0,MT
2013,15.0,19:24:44,1164,Adrian,Lazar Adler,M,33.0,SOUTH AFRICA
2013,16.0,19:25:11,1165,Amy,Sproston,F,39.0,OR
2013,17.0,19:25:47,1165,Andy,Jones-Wilkins,M,45.0,VA
2013,18.0,19:30:50,1170,Meghan,Canfield,F,52.0,OR
2013,19.0,19:36:33,1176,Brian,Miller,M,37.0,CA
2013,20.0,19:43:28,1183,Dan,Barger,M,47.0,CA
2013,21.0,19:49:15,1189,Erik,Skaden,M,41.0,CA
2013,22.0,19:52:09,1192,Rory,Bosio,F,28.0,CA
2013,23.0,20:04:46,1204,Aliza,Lapierre,F,33.0,VT
2013,24.0,20:17:16,1217,Tony,Hawkes,M,47.0,WA
2013,25.0,20:19:24,1219,Matt,Wilson,M,51.0,PA
2013,26.0,20:28:40,1228,Emily,Harrison,F,27.0,AZ
2013,27.0,20:33:37,1233,Joseph,Czabaranek,M,28.0,FL
2013,28.0,20:34:06,1234,Nick,Pedatella,M,28.0,CO
2013,29.0,20:37:23,1237,John,Burton,M,40.0,CA
2013,30.0,20:38:37,1238,Jorge,Maravilla,M,35.0,CA
2013,31.0,20:44:55,1244,Paulo,Medina,M,29.0,PERU
2013,32.0,20:46:43,1246,Henrik,Westerlin,M,38.0,INDIA
2013,33.0,20:48:01,1248,Jared,Gagnon,M,38.0,CA
2013,34.0,20:50:21,1250,Brian,Polen,M,33.0,OH
2013,35.0,20:56:50,1256,Galen,Farris,M,31.0,CA
2013,36.0,21:28:44,1288,Mark,Lantz,M,47.0,CA
2013,37.0,21:32:27,1292,Argyrios,Papathanasopoulos,M,41.0,GREECE
2013,38.0,21:36:39,1296,Rob,Houghton,M,56.0,CA
2013,39.0,21:37:40,1297,Adam,Barstad,M,37.0,AZ
2013,40.0,21:43:27,1303,Matt,Keyes,M,39.0,CA
2013,41.0,21:44:37,1304,Denise,Bourassa,F,43.0,OR
2013,42.0,21:57:33,1317,Colin,Alley,M,44.0,CA
2013,43.0,21:59:26,1319,Leila,Degrave,F,35.0,CO
2013,44.0,22:07:05,1327,Justin,Popov,M,30.0,OR
2013,45.0,22:10:49,1330,Ryan,Lund,M,38.0,ID
2013,46.0,22:12:57,1332,Robert,Scott,M,43.0,CA
2013,47.0,22:17:22,1337,Franz,Dill,M,37.0,CA
2013,48.0,22:25:50,1345,Larry,Stephens,M,57.0,OR
2013,49.0,22:28:16,1348,Brian,Tinger,M,36.0,MA
2013,50.0,22:33:48,1353,Josh,Owen,M,34.0,OR
2013,51.0,22:34:15,1354,Peter,Cross,M,33.0,CA
2013,52.0,22:35:08,1355,Justin,Klebe,M,40.0,MT
2013,53.0,22:36:29,1356,Abby,McQueeney penamonte,F,30.0,CO
2013,54.0,22:38:20,1358,David,Ross,M,45.0,ZIMBABWE
2013,55.0,22:43:30,1363,Eduardo,Vazquez,M,40.0,CA
2013,56.0,22:45:41,1365,Jeremy,Alsop,M,29.0,NC
2013,57.0,22:47:50,1367,Nathan,Vannortwick,M,27.0,CA
2013,58.0,22:48:58,1368,James,Opperman,M,46.0,AUSTRALIA
2013,59.0,22:51:50,1371,Erika,Lindland,F,31.0,CA
2013,60.0,22:53:38,1373,Stephen,England,M,33.0,NY
2013,61.0,22:55:26,1375,Olga,Nevtrinos,F,31.0,WA
2013,62.0,22:56:26,1376,John,Hart,M,46.0,MT
2013,63.0,22:58:56,1378,Simon,Mtuy,M,41.0,TANZANIA
2013,64.0,22:59:03,1379,Michael,Campian,M,31.0,CA
2013,65.0,23:03:27,1383,Bruce,Labelle,M,57.0,CA
2013,66.0,23:05:11,1385,Kristina,Pattison,F,32.0,MT
2013,67.0,23:10:58,1390,Joseph,Ortega,M,34.0,CA
2013,68.0,23:17:30,1397,Michael,Fink,M,44.0,CA
2013,69.0,23:19:35,1399,Quent,Bearden,M,38.0,TX
2013,70.0,23:20:31,1400,Megan,Hall,F,24.0,WA
2013,71.0,23:22:05,1402,Miguel,Montealvo,M,22.0,TX
2013,72.0,23:25:05,1405,Matt,Hawkins,M,40.0,TN
2013,73.0,23:26:49,1406,Bree,Lambert,F,44.0,CA
2013,74.0,23:28:40,1408,Eric,Nordgren,M,28.0,MN
2013,75.0,23:29:17,1409,Chris,Wright,M,41.0,CO
2013,76.0,23:29:19,1409,John,Cobbs,M,51.0,AL
2013,77.0,23:30:58,1410,Matthew,Bucklin,M,33.0,MT
2013,78.0,23:31:18,1411,Topher,Gaylord,M,43.0,CA
2013,79.0,23:33:35,1413,Kerrie,Bruxvoort,F,36.0,CO
2013,80.0,23:34:29,1414,Jonathan,Heinz,M,24.0,AB
2013,81.0,23:35:03,1415,Ken,Gordon,M,48.0,NM
2013,82.0,23:36:46,1416,Alex,McDaniel,M,35.0,CT
2013,83.0,23:37:48,1417,West,Bourgault,M,36.0,CA
2013,84.0,23:38:13,1418,John,Price,M,55.0,OR
2013,85.0,23:38:40,1418,Steve,McCluhan,M,52.0,CA
2013,86.0,23:39:07,1419,Caroline,McKay,F,30.0,GREAT BRITAIN
2013,87.0,23:42:45,1422,John,Zerbe,M,45.0,CA
2013,88.0,23:44:03,1424,Di,Wu,M,29.0,CHINA
2013,89.0,23:44:13,1424,Koichi,Iwasa,M,42.0,JAPAN
2013,90.0,23:48:24,1428,Adam,McRoberts,M,38.0,CO
2013,91.0,23:50:35,1430,Boris,Juarez,M,41.0,GUATEMALA
2013,92.0,23:50:40,1430,Michael,Shoup,M,39.0,CA
2013,93.0,23:51:01,1431,Keith,Straw,M,58.0,PA
2013,94.0,23:52:22,1432,Tom,Riley,M,52.0,CA
2013,95.0,23:58:29,1438,Luanne,Park,F,52.0,CA
2013,96.0,24:01:42,1441,Randy,Duncan,M,51.0,BC
2013,97.0,24:07:07,1447,Eric,Pope,M,50.0,NM
2013,98.0,24:22:06,1462,Pete,Korn,M,48.0,CA
2013,99.0,24:26:14,1466,Bradley,Fenner,M,48.0,CA
2013,100.0,24:36:14,1476,Andre,Lubeseder,M,44.0,GERMANY
2013,101.0,24:42:15,1482,Jamie,Frink,F,40.0,CA
2013,102.0,24:46:50,1486,Kelly,Ridgway,F,55.0,CA
2013,103.0,24:48:04,1488,Peter,Fain,M,41.0,CA
2013,104.0,24:50:57,1490,Bob,Ayers Jr.,M,52.0,VT
2013,105.0,24:53:32,1493,Michael,Miller,M,51.0,AZ
2013,106.0,24:55:57,1495,Siamak,Mostoufi,M,39.0,IL
2013,107.0,24:58:32,1498,Katrin,Silva,F,42.0,NM
2013,108.0,25:07:54,1507,Scott,Laberge,M,56.0,CA
2013,109.0,25:09:14,1509,James,Player,M,40.0,CA
2013,110.0,25:12:15,1512,Mike,Molakides,M,44.0,CA
2013,111.0,25:28:15,1528,Jenelle,Potvin,F,34.0,CA
2013,112.0,25:30:29,1530,Patrick,Krott,M,29.0,PA
2013,113.0,25:30:34,1530,Garret,Christensen,M,33.0,PA
2013,114.0,25:32:17,1532,Jay,Dobrowalski,M,34.0,CA
2013,115.0,25:35:31,1535,John,Nichols,M,48.0,CA
2013,116.0,25:38:21,1538,Anna,Piskorska,F,41.0,PA
2013,117.0,25:38:59,1538,Nicholas,Laughton,M,35.0,NV
2013,118.0,25:40:12,1540,Josh,Dickson,M,29.0,DC
2013,119.0,25:43:21,1543,Thomas,Huber,M,27.0,VA
2013,120.0,25:46:56,1546,Dennis,Ahern,M,55.0,ID
2013,121.0,25:50:49,1550,Mike,Brown,M,41.0,AB
2013,122.0,25:51:42,1551,Gerardo,Moreno,M,28.0,TX
2013,123.0,25:54:19,1554,Kyle,Stichtenoth,M,32.0,AL
2013,124.0,25:54:24,1554,John,Gieng,M,34.0,CA
2013,125.0,25:55:53,1555,William,Ieuter,M,50.0,IL
2013,126.0,26:00:47,1560,Traci,Falbo,F,41.0,IN
2013,127.0,26:02:03,1562,Stephany,Hiller,F,49.0,CA
2013,128.0,26:06:05,1566,Amber,Monforte,F,35.0,CA
2013,129.0,26:09:40,1569,Mark,Kauffman,M,42.0,CA
2013,130.0,26:09:53,1569,Chris,Mottola,M,24.0,MT
2013,131.0,26:12:30,1572,Johanna,Ylanen,F,31.0,CA
2013,132.0,26:14:27,1574,Tony,Overbay,M,43.0,CA
2013,133.0,26:14:57,1574,Rafael,Covarrabias,M,44.0,CA
2013,134.0,26:17:00,1577,Sean,Mullett,M,45.0,GA
2013,135.0,26:17:06,1577,Kimberly,White,F,42.0,CA
2013,136.0,26:19:52,1579,Kelvin,Marshall,M,49.0,AUSTRALIA
2013,137.0,26:20:19,1580,David,Wise,M,42.0,NJ
2013,138.0,26:23:01,1583,Will,Hayward,M,45.0,HONG KONG
2013,139.0,26:23:24,1583,Terry,Sentinella,M,49.0,WA
2013,140.0,26:24:21,1584,Bernt,Bratsberg,M,53.0,NORWAY
2013,141.0,26:24:56,1584,Mike,Wright,M,54.0,CA
2013,142.0,26:25:27,1585,Daniel,Uhlir,M,38.0,MD
2013,143.0,26:27:17,1587,Alberto,Lazzerini,M,41.0,ITALY
2013,144.0,26:37:11,1597,Andre,Blumberg,M,43.0,THAILAND
2013,145.0,26:38:31,1598,Chris,Hays,M,41.0,CA
2013,146.0,26:39:44,1599,Jim,Scott,M,53.0,CA
2013,147.0,26:42:17,1602,Jose,Nicolas,M,45.0,SINGAPORE
2013,148.0,26:49:20,1609,Kenneth,Letterle,M,30.0,SAUDI ARABIA
2013,149.0,26:52:39,1612,Adam,Gothelf,M,33.0,CA
2013,150.0,26:54:15,1614,Tim,Corliss,M,41.0,CA
2013,151.0,26:55:18,1615,John,Fors,M,46.0,CA
2013,152.0,26:55:31,1615,Julio,Palma,M,31.0,AZ
2013,153.0,26:59:15,1619,Lori,Barekman,F,52.0,CA
2013,154.0,27:01:51,1621,Christina,Williams,F,29.0,CA
2013,155.0,27:03:22,1623,Christopher,Waters,M,34.0,CA
2013,156.0,27:09:53,1629,Simon,Sandoval,M,40.0,PHILIPPINES
2013,157.0,27:12:19,1632,Ben,Brucker,M,35.0,PA
2013,158.0,27:15:38,1635,Andy,Black,M,55.0,CA
2013,159.0,27:16:08,1636,Daniel,Runemalm,M,31.0,SWEDEN
2013,160.0,27:16:45,1636,Lewis,Persons,M,64.0,NV
2013,161.0,27:17:38,1637,Dan,Brenden,M,62.0,AZ
2013,162.0,27:17:42,1637,Esther,Christianson,F,30.0,AK
2013,163.0,27:19:09,1639,Marcus,Warner,M,42.0,AUSTRALIA
2013,164.0,27:20:10,1640,Ben,Bartley,M,29.0,IN
2013,165.0,27:23:53,1643,Leon Skriver,Hansen,M,41.0,DENMARK
2013,166.0,27:25:13,1645,John,Shepard,M,36.0,VA
2013,167.0,27:25:17,1645,Jeffrey,Wong,M,29.0,CA
2013,168.0,27:25:38,1645,Scott,Patnode,M,32.0,MA
2013,169.0,27:26:47,1646,Keith,Blom,M,56.0,CA
2013,170.0,27:28:33,1648,Ken,McKee,M,42.0,CA
2013,171.0,27:30:26,1650,Stuart,Blofeld,M,34.0,GREAT BRITAIN
2013,172.0,27:34:32,1654,Ryan,Foster,M,32.0,MD
2013,173.0,27:37:07,1657,Bettie,Smith,F,61.0,CA
2013,174.0,27:38:17,1658,Tim,McGargill,M,31.0,NE
2013,175.0,27:40:23,1660,Brad,Polman,M,46.0,OH
2013,176.0,27:42:10,1662,Jeffery,Hart,M,44.0,PA
2013,177.0,27:43:28,1663,Anthony,Holly,M,29.0,CA
2013,178.0,27:43:39,1663,Don,Freeman,M,49.0,CA
2013,179.0,27:45:04,1665,Daniel,Labrecque,M,57.0,NC
2013,180.0,27:49:31,1669,Dan,Vega,M,45.0,CO
2013,181.0,27:50:37,1670,Mark,Pribramsky,M,44.0,CO
2013,182.0,27:52:36,1672,Philip,Anthony,M,42.0,CA
2013,183.0,27:52:56,1672,Jeffery,Johnston,M,48.0,CA
2013,184.0,27:53:46,1673,Iris,Priebe,F,43.0,AB
2013,185.0,27:56:10,1676,Denis,Cook,M,30.0,WA
2013,186.0,27:57:53,1677,Christopher,Barnwell,M,43.0,TX
2013,187.0,28:01:23,1681,Jay,Donosky,M,43.0,AZ
2013,188.0,28:06:10,1686,Jeffrey,Jones,M,39.0,AL
2013,189.0,28:09:34,1689,Gary,Poliquin,M,45.0,AB
2013,190.0,28:11:14,1691,Benjamin,Rolfe,M,40.0,MONACO
2013,191.0,28:11:26,1691,Bo,Andersen,M,54.0,NETHERLANDS
2013,192.0,28:12:57,1692,Will,Jorgensen,M,54.0,TN
2013,193.0,28:18:25,1698,Emily,Evans,F,36.0,AZ
2013,194.0,28:21:36,1701,Liza,Canowitz,F,37.0,OH
2013,195.0,28:21:55,1701,Nathan,Hahn,M,42.0,OR
2013,196.0,28:23:38,1703,Ryan,Jones,M,33.0,PA
2013,197.0,28:24:42,1704,Jeff,Barbier,M,48.0,CA
2013,198.0,28:24:54,1704,Jonathan,Shark,M,34.0,WA
2013,199.0,28:25:24,1705,Brandon,Solomon,M,30.0,CA
2013,200.0,28:25:31,1705,Miles,Lilly,M,46.0,OR
2013,201.0,28:29:09,1709,Neil,Smith,M,42.0,TX
2013,202.0,28:32:43,1712,Wade,Blomgren,M,52.0,CA
2013,203.0,28:33:43,1713,Tim,Steele,M,41.0,TX
2013,204.0,28:34:15,1714,Melissa,Terwilliger,F,29.0,OH
2013,205.0,28:36:46,1716,Bill,White,M,47.0,CA
2013,206.0,28:39:20,1719,Randy,Van Dusen,M,38.0,CA
2013,207.0,28:40:28,1720,Grant,McFadden,M,41.0,AUSTRALIA
2013,208.0,28:40:51,1720,Joshua,Barringer,M,30.0,BC
2013,209.0,28:41:17,1721,Daniel,Brockman,M,48.0,CA
2013,210.0,28:42:31,1722,Linda,Gaudette,F,49.0,VA
2013,211.0,28:44:00,1724,Frank,Fumich,M,45.0,VA
2013,212.0,28:45:56,1725,Terry,Foust,M,50.0,UT
2013,213.0,28:47:42,1727,Henry,Liu,M,37.0,CA
2013,214.0,28:47:45,1727,Vanessa,Stroud,F,44.0,AL
2013,215.0,28:48:20,1728,Felipe,Guardia,M,37.0,COSTA RICA
2013,216.0,28:49:05,1729,Alexis,Thomas,F,30.0,VA
2013,217.0,28:50:39,1730,Lee,Conner,F,40.0,OH
2013,218.0,28:51:14,1731,Janeth,Badaracco,F,43.0,CA
2013,219.0,28:51:35,1731,Peter,Priolo,M,44.0,NY
2013,220.0,28:52:45,1732,Timothy,Barry,M,52.0,CO
2013,221.0,28:53:02,1733,John,Catts,M,59.0,CA
2013,222.0,28:53:27,1733,Joe,Pulver,M,54.0,MI
2013,223.0,28:53:36,1733,John,Adamof,M,44.0,NC
2013,224.0,28:53:40,1733,Reiko,Cyr,F,45.0,NY
2013,225.0,28:57:53,1737,Anthony,Johnson,M,47.0,CA
2013,226.0,28:59:06,1739,Jason,Laplant,M,34.0,MN
2013,227.0,29:00:33,1740,Tim,Gavin,M,45.0,MD
2013,228.0,29:00:40,1740,Thomas,Riley,M,50.0,OR
2013,229.0,29:01:13,1741,Behnam,Kamrani,M,38.0,MI
2013,230.0,29:03:40,1743,Mark,Palamar,M,46.0,FL
2013,231.0,29:04:50,1744,James,Ehasz,M,60.0,AZ
2013,232.0,29:05:45,1745,Gilbert,Gray,M,51.0,MD
2013,233.0,29:09:19,1749,Dean,Schorno,M,50.0,CA
2013,234.0,29:10:02,1750,Jill,Newton,F,41.0,CA
2013,235.0,29:11:59,1751,Melanie,Michalak,F,29.0,CA
2013,236.0,29:12:09,1752,Nattu,Natraj,M,50.0,CA
2013,237.0,29:12:27,1752,Christopher,Dingman,M,31.0,WY
2013,238.0,29:12:42,1752,Patrick,Delaney,M,38.0,CA
2013,239.0,29:13:54,1753,Charles,Oatman,M,61.0,ON
2013,240.0,29:17:38,1757,Jon,Grindy,M,30.0,CA
2013,241.0,29:18:06,1758,Annette,Mensonides,F,42.0,CA
2013,242.0,29:20:32,1760,Brian,Tjersland,M,46.0,MA
2013,243.0,29:21:36,1761,Carl,Costas,M,45.0,CA
2013,244.0,29:21:43,1761,Sigurdur,Kiernan,M,43.0,ICELAND
2013,245.0,29:22:02,1762,Donn,Zea,M,55.0,CA
2013,246.0,29:22:52,1762,Jack,Burdick,M,22.0,WI
2013,247.0,29:23:09,1763,Michael,Chase,M,43.0,AL
2013,248.0,29:23:14,1763,Morgan,Schick,M,39.0,ON
2013,249.0,29:24:12,1764,Charley,Jones,M,41.0,CA
2013,250.0,29:24:28,1764,Mike,McMonagle,M,22.0,MD
2013,251.0,29:24:50,1764,Robert,Chalfant,M,44.0,CA
2013,252.0,29:25:35,1765,David,Huss,M,29.0,MA
2013,253.0,29:27:20,1767,Anthony,Dunnigan,M,40.0,CA
2013,254.0,29:27:30,1767,Sarah,Bradham,F,37.0,OR
2013,255.0,29:27:32,1767,Geoff,Scott,M,64.0,NC
2013,256.0,29:28:35,1768,Glen,Mangiantini,M,55.0,WA
2013,257.0,29:28:42,1768,Kate,Merrill,F,50.0,OR
2013,258.0,29:29:26,1769,Lisa,Sherak,F,51.0,GA
2013,259.0,29:32:17,1772,Chris,Basford,M,51.0,VA
2013,260.0,29:33:35,1773,Susan,Kokesh,F,46.0,OR
2013,261.0,29:34:58,1774,Greg,Lanctot,M,44.0,CA
2013,262.0,29:35:33,1775,Jerry,Bloom,M,60.0,CA
2013,263.0,29:37:14,1777,David,Tarkalson,M,42.0,ID
2013,264.0,29:38:58,1778,Alex,Tunik,M,47.0,HONG KONG
2013,265.0,29:41:07,1781,Kai,Keliikuli,M,44.0,MI
2013,266.0,29:41:14,1781,Susan,Gallup,F,49.0,AB
2013,267.0,29:42:22,1782,Gregg,Holst,M,54.0,PA
2013,268.0,29:42:37,1782,Suzannne,Stroeer,F,27.0,TX
2013,269.0,29:44:02,1784,Sung Ho,Choi,M,37.0,FL
2013,270.0,29:45:20,1785,Chihping,Fu,M,47.0,CA
2013,271.0,29:45:41,1785,Mark,Pancake,M,41.0,OH
2013,272.0,29:50:35,1790,John,Martinek,M,26.0,TX
2013,273.0,29:51:05,1791,Todd,Law,M,45.0,CA
2013,274.0,29:51:31,1791,Brian,Janecek,M,36.0,OR
2013,275.0,29:52:45,1792,Thomas,Green,M,62.0,MD
2013,276.0,29:54:37,1794,Moondoggy Dean,Dyatt,M,51.0,UT
2013,277.0,29:54:57,1794,Colleen,Ford,F,51.0,UT
2014,1.0,14:53:22,893,Rob,Krar,M,37.0,AZ
2014,2.0,15:19:39,919,Seth,Swanson,M,35.0,MT
2014,3.0,15:36:41,936,Dylan,Bowman,M,28.0,CA
2014,4.0,15:44:45,944,Max,King,M,34.0,OR
2014,5.0,15:46:59,946,Ryan,Sandes,M,32.0,SOUTH AFRICA
2014,6.0,15:47:50,947,Ian,Sharman,M,33.0,CA
2014,7.0,15:53:42,953,Alex,Varner,M,28.0,CA
2014,8.0,15:56:49,956,Brendan,Davies,M,37.0,AUSTRALIA
2014,9.0,16:20:06,980,Brett,Rivers,M,32.0,CA
2014,10.0,16:36:42,996,Jesse,Haynes,M,41.0,CA
2014,11.0,16:45:36,1005,Jez,Bragg,M,33.0,GREAT BRITAIN
2014,12.0,16:58:34,1018,Chris,Price,M,33.0,CA
2014,13.0,17:26:00,1046,Paul,Terranova,M,40.0,TX
2014,14.0,17:29:59,1049,Jared,Hazen,M,19.0,PA
2014,15.0,17:41:38,1061,Yassine,Diboun,M,35.0,OR
2014,16.0,17:47:39,1067,Gary,Gellin,M,45.0,CA
2014,17.0,17:50:27,1070,Vajin,Armstrong,M,34.0,NEW ZEALAND
2014,18.0,18:01:42,1081,Stephanie,Howe,F,30.0,OR
2014,19.0,18:09:57,1089,Dominic,Grossman,M,27.0,CA
2014,20.0,18:18:25,1098,David,Laney,M,25.0,OR
2014,21.0,18:18:36,1098,Scott,Wolfe,M,40.0,OR
2014,22.0,18:29:18,1109,Larisa,Dannis,F,26.0,NH
2014,23.0,18:34:01,1114,Juan Carlos,Sagastume,M,42.0,GUATEMALA
2014,24.0,18:36:51,1116,Jason,Leman,M,27.0,OR
2014,25.0,18:43:57,1123,Mauclair,Nathalie,F,43.0,FRANCE
2014,26.0,18:56:32,1136,Matthew,Curtis,M,38.0,CO
2014,27.0,19:02:45,1142,Jorge,Maravilla,M,36.0,CA
2014,28.0,19:10:42,1150,Pam,Smith,F,39.0,OR
2014,29.0,19:13:14,1153,Brian,Condon,M,27.0,WI
2014,30.0,19:13:20,1153,Erik,Skaden,M,42.0,CA
2014,31.0,19:21:52,1161,Andy,Jones-Wilkins,M,46.0,VA
2014,32.0,19:28:45,1168,Adam,Hewey,M,46.0,WA
2014,33.0,19:36:52,1176,Mark,Lantz,M,48.0,CA
2014,34.0,19:43:50,1183,Bryan,Williams,M,39.0,CO
2014,35.0,19:44:25,1184,Adam,Schwartz-Lowe,M,41.0,MN
2014,36.0,19:44:56,1184,Jordan,Hanlon,M,30.0,MN
2014,37.0,19:45:52,1185,Goran,Lesjak,M,40.0,CROATIA
2014,38.0,19:49:03,1189,Yoshikazu,Hara,M,41.0,JAPAN
2014,39.0,19:51:31,1191,Nikki,Kimball,F,43.0,MT
2014,40.0,20:07:10,1207,Kaci,Lickteig,F,27.0,NE
2014,41.0,20:19:30,1219,Denise,Bourassa,F,44.0,OR
2014,42.0,20:29:14,1229,David,Eadie,M,43.0,AUSTRALIA
2014,43.0,20:31:44,1231,Adam,Condit,M,31.0,IA
2014,44.0,20:32:26,1232,Michael,Pullar,M,45.0,NEW ZEALAND
2014,45.0,20:43:27,1243,Dan,Barger,M,48.0,CA
2014,46.0,20:45:22,1245,Ryan,Guldan,M,30.0,CO
2014,47.0,21:01:14,1261,Nick,Clark,M,40.0,CO
2014,48.0,21:14:23,1274,Kenneth,Ringled,M,33.0,CA
2014,49.0,21:14:48,1274,Meghan,Arbogast,F,53.0,CA
2014,50.0,21:14:49,1274,Louis,Secreto,M,45.0,CA
2014,51.0,21:15:02,1275,Lawrence,Eccles,M,31.0,GREAT BRITAIN
2014,52.0,21:19:53,1279,Jamie,Dreher,M,39.0,CA
2014,53.0,21:20:12,1280,Daniel,Ablanedo,M,40.0,SPAIN
2014,54.0,21:20:49,1280,Shaheen,Sattar,F,30.0,TX
2014,55.0,21:23:50,1283,Michael,Aish,M,37.0,CO
2014,56.0,21:24:27,1284,Jimmy Dean,Freeman,M,37.0,CA
2014,57.0,21:24:43,1284,Sally,McRae,F,35.0,CA
2014,58.0,21:25:23,1285,Kenji,Yoneyama,M,37.0,JAPAN
2014,59.0,21:26:09,1286,Matt,Palilla,M,32.0,OR
2014,60.0,21:32:36,1292,Jeremy,Reynolds,M,34.0,FL
2014,61.0,21:36:49,1296,Greg,Bruso,M,34.0,CA
2014,62.0,21:39:11,1299,Charles,Hofacker,M,49.0,CA
2014,63.0,21:43:56,1303,Karl,Hoagland,M,49.0,CA
2014,64.0,21:46:15,1306,Scott,Myers,M,41.0,CANADA
2014,65.0,21:50:36,1310,Kyle,Kugler,M,28.0,FL
2014,66.0,21:55:00,1315,Beth,Cardelli,F,34.0,AUSTRALIA
2014,67.0,21:56:14,1316,Karl,Schnaitter,M,32.0,CA
2014,68.0,21:58:48,1318,Glen,Redpath,M,48.0,NY
2014,69.0,22:01:17,1321,Sam,Skeels,M,36.0,MI
2014,70.0,22:05:44,1325,Serena,Wilcox,F,35.0,VT
2014,71.0,22:08:24,1328,Matthew,Mckurtis,M,33.0,CA
2014,72.0,22:12:21,1332,Topher,Gaylord,M,44.0,CA
2014,73.0,22:15:37,1335,Scott,Newcomer,M,44.0,PA
2014,74.0,22:16:14,1336,Andy,Starostka,M,46.0,NV
2014,75.0,22:17:43,1337,Alissa,St Laurent,F,29.0,CANADA
2014,76.0,22:23:17,1343,Megan,Mcgrath,F,29.0,NJ
2014,77.0,22:24:23,1344,James,Whipple,M,36.0,CT
2014,78.0,22:28:53,1348,Will,Cooper,M,51.0,CA
2014,79.0,22:29:33,1349,Ken,Mckee,M,43.0,CA
2014,80.0,22:31:49,1351,Will,Swenson,M,42.0,MA
2014,81.0,22:40:24,1360,Chris,Knorzer,M,45.0,CA
2014,82.0,22:42:50,1362,Matt,Keyes,M,40.0,CA
2014,83.0,22:43:56,1363,Jeff,Boutte,M,51.0,CA
2014,84.0,22:49:50,1369,Jason,Wara,M,31.0,CA
2014,85.0,22:50:07,1370,Todd,Bertolone,M,51.0,CA
2014,86.0,22:52:38,1372,Diana,Fitzpatrick,F,56.0,CA
2014,87.0,22:54:33,1374,Steve,Speirs,M,47.0,VA
2014,88.0,22:58:18,1378,Sean,Ranney,M,36.0,CA
2014,89.0,22:58:30,1378,Greg,Rosenberg,M,30.0,OR
2014,90.0,23:03:02,1383,Byron,Pittam,M,31.0,CA
2014,91.0,23:05:19,1385,Dave,Evans,M,37.0,CA
2014,92.0,23:05:31,1385,Katie,Murphy,F,31.0,CA
2014,93.0,23:06:02,1386,Silke,Koester,F,31.0,CO
2014,94.0,23:07:29,1387,Matthew,Eyre,M,42.0,CA
2014,95.0,23:09:30,1389,Craig,Bronstein,M,58.0,CA
2014,96.0,23:09:52,1389,Paul,Heffernan,M,40.0,WA
2014,97.0,23:10:07,1390,Steve,Crane,M,46.0,CA
2014,98.0,23:11:09,1391,Andrew,Peet,M,55.0,WA
2014,99.0,23:13:32,1393,Michael Scott,Welch,M,43.0,MD
2014,100.0,23:16:29,1396,Lee,Conner,F,41.0,OH
2014,101.0,23:17:16,1397,Ismael,Macias,M,47.0,CA
2014,102.0,23:18:05,1398,Mark,Rostan,M,44.0,NC
2014,103.0,23:18:38,1398,Vineer,Bhansali,M,48.0,CA
2014,104.0,23:18:54,1398,Frederik,Gregaard,M,34.0,SWITZERLAND
2014,105.0,23:20:28,1400,Joshua,Heckathorn,M,35.0,WA
2014,106.0,23:24:42,1404,Ryan,Holler,M,46.0,AR
2014,107.0,23:25:49,1405,Eric,Zipfel,M,37.0,TX
2014,108.0,23:25:53,1405,Hozumi,Nakai,M,42.0,CANADA
2014,109.0,23:27:30,1407,Moises,Lucero,M,34.0,OR
2014,110.0,23:27:56,1407,Curt,Pandiscio,M,53.0,CT
2014,111.0,23:28:19,1408,Steve,Rodriguez,M,35.0,CA
2014,112.0,23:29:56,1409,Sean,Harrington,M,37.0,CA
2014,113.0,23:31:45,1411,Robert,Shannon,M,36.0,ID
2014,114.0,23:32:11,1412,Scott,Hoberg,M,36.0,MN
2014,115.0,23:33:18,1413,Adrian,Harvey,M,42.0,CANADA
2014,116.0,23:33:48,1413,Bob,Hearn,M,48.0,CA
2014,117.0,23:34:45,1414,Travis,Esterby,M,34.0,TN
2014,118.0,23:36:44,1416,Shannon,Meredith,F,43.0,CO
2014,119.0,23:38:05,1418,Tom,Riley,M,53.0,CA
2014,120.0,23:39:01,1419,Brad,Harris,M,33.0,CA
2014,121.0,23:39:57,1419,Tom,Wroblewski,M,55.0,CA
2014,122.0,23:40:41,1420,Christopher,Concannon,M,26.0,MI
2014,123.0,23:42:06,1422,Ryan,Anderson,M,40.0,ID
2014,124.0,23:43:54,1423,James,Nelson,M,50.0,CT
2014,125.0,23:47:27,1427,Ron,Hammett,M,44.0,NV
2014,126.0,23:52:01,1432,Jonathan,Warner,M,27.0,NY
2014,127.0,23:53:08,1433,Guy,Love,M,23.0,VA
2014,128.0,23:54:49,1434,Kevin,Ordway,M,39.0,CA
2014,129.0,23:59:18,1439,Ivan,Zinn,M,40.0,NY
2014,130.0,24:16:16,1456,Jason,Howland,M,44.0,OH
2014,131.0,24:25:08,1465,Cathal,Mcgreevy,M,47.0,IRELAND
2014,132.0,24:29:43,1469,Jason,Reed,M,35.0,CA
2014,133.0,24:42:56,1482,Jason,Lucas,M,35.0,FL
2014,134.0,24:55:10,1495,Andy,Kumeda,M,46.0,CA
2014,135.0,25:00:42,1500,Eric,Wilson,M,49.0,CA
2014,136.0,25:01:48,1501,Ronda,Sundermeier,F,47.0,OR
2014,137.0,25:01:54,1501,Harris,Brenner,M,40.0,PA
2014,138.0,25:11:27,1511,Phil,Wiley,M,52.0,CO
2014,139.0,25:11:49,1511,Steve,Mccluhan,M,53.0,CA
2014,140.0,25:12:20,1512,Jeffrey,Fleitz,M,43.0,IL
2014,141.0,25:12:24,1512,Clare,Abram,F,43.0,CA
2014,142.0,25:14:19,1514,Scott,Vosburg,M,44.0,CA
2014,143.0,25:14:21,1514,Gary,Lindberg,M,45.0,CA
2014,144.0,25:17:33,1517,Chuck,Walen,M,51.0,CA
2014,145.0,25:31:20,1531,Kamm,Prongay,F,51.0,OR
2014,146.0,25:32:21,1532,Chris,O'connor,M,47.0,CA
2014,147.0,25:33:38,1533,David,Smith,M,48.0,CA
2014,148.0,25:37:06,1537,Rob,Cain,M,60.0,OR
2014,149.0,25:38:08,1538,Nile,Sousa,M,60.0,CA
2014,150.0,25:39:56,1539,Pierre-Yves,Couteau,M,48.0,CA
2014,151.0,25:49:13,1549,Shannon,Mcfarland,M,38.0,AR
2014,152.0,25:49:58,1549,Donald,Zoch,M,37.0,TX
2014,153.0,25:50:45,1550,Colin,Gardiner,M,27.0,CA
2014,154.0,25:52:28,1552,Matthew,Searfus,M,41.0,TX
2014,155.0,25:54:38,1554,Brien,Crothers,M,55.0,CA
2014,156.0,25:56:59,1556,Bob,Crowley,M,57.0,CA
2014,157.0,25:58:21,1558,Brian,Gaddy,M,43.0,CA
2014,158.0,25:58:24,1558,Declan,Faulkner,M,42.0,IRELAND
2014,159.0,25:59:48,1559,Thao,Hoang,M,49.0,WI
2014,160.0,26:02:25,1562,Todd,Law,M,46.0,CA
2014,161.0,26:03:39,1563,Jess,Mcneely,M,45.0,KS
2014,162.0,26:05:04,1565,Brian,Hill,M,40.0,TX
2014,163.0,26:11:20,1571,Rachael,Woods,F,40.0,CA
2014,164.0,26:12:44,1572,Dennis,Peyton,M,31.0,CA
2014,165.0,26:13:43,1573,Christopher,Scarpitti,M,41.0,DE
2014,166.0,26:15:40,1575,Dan,Kuhn,M,32.0,VA
2014,167.0,26:16:26,1576,Deno,Dean,M,46.0,CA
2014,168.0,26:18:11,1578,Paul,Mcdonald,M,33.0,CA
2014,169.0,26:19:05,1579,Christy,Baker,F,42.0,CA
2014,170.0,26:21:13,1581,Jose,Figueroa,M,44.0,CA
2014,171.0,26:22:30,1582,Paul,Nelson,M,38.0,OR
2014,172.0,26:31:17,1591,Tim,Corliss,M,42.0,CA
2014,173.0,26:32:03,1592,Barry,Miller,M,33.0,GREAT BRITAIN
2014,174.0,26:34:21,1594,Tom,Wilson,M,47.0,IL
2014,175.0,26:34:54,1594,Mike,Savage,M,55.0,CA
2014,176.0,26:36:06,1596,Scott,Dubrul,M,45.0,CA
2014,177.0,26:38:44,1598,Andrew,Barrett,M,47.0,FL
2014,178.0,26:41:08,1601,Michael,Chamoun,M,31.0,CA
2014,179.0,26:42:03,1602,Stephanie,Hoff,F,34.0,WI
2014,180.0,26:42:41,1602,Andrew,Ferguson,M,49.0,CA
2014,181.0,26:48:23,1608,James,Partridge,M,36.0,SC
2014,182.0,26:49:34,1609,Ken,Michal,M,43.0,CA
2014,183.0,26:57:13,1617,Lina,Mccain,F,48.0,CA
2014,184.0,26:57:26,1617,Starchy,Grant,M,34.0,CA
2014,185.0,27:01:05,1621,Deron,Ruse,M,37.0,AZ
2014,186.0,27:10:41,1630,Marc,Thomson,M,41.0,AZ
2014,187.0,27:12:22,1632,Megan,Lacey,F,30.0,WA
2014,188.0,27:13:46,1633,Chris,Hendricks,M,36.0,CA
2014,189.0,27:15:15,1635,Chikara,Omine,M,31.0,CA
2014,190.0,27:15:18,1635,Larry,Pearson,M,53.0,TX
2014,191.0,27:16:28,1636,Jb,Benna,M,35.0,NV
2014,192.0,27:17:00,1637,Karen,Pierce,F,51.0,CA
2014,193.0,27:20:16,1640,Daniel,Murphy,M,35.0,TX
2014,194.0,27:21:14,1641,Ricarda,Bethke,F,50.0,SWITZERLAND
2014,195.0,27:21:24,1641,David,Holliday,M,51.0,AL
2014,196.0,27:21:48,1641,Paul,Oropallo,M,48.0,CA
2014,197.0,27:23:16,1643,Roger,Pynappel,M,54.0,CA
2014,198.0,27:25:43,1645,Amanda,Alvarado,F,38.0,TX
2014,199.0,27:25:59,1645,Joseph,Altendahl,M,32.0,MN
2014,200.0,27:29:31,1649,Mike,Smith,M,56.0,IN
2014,201.0,27:31:47,1651,Stephen,Peterson,M,49.0,AK
2014,202.0,27:34:01,1654,Drew,Bartlett,M,38.0,CA
2014,203.0,27:34:34,1654,Greg,Nacco,M,54.0,CA
2014,204.0,27:35:21,1655,David,Chilson,M,44.0,WA
2014,205.0,27:35:26,1655,Michael,Jaschob,M,35.0,CA
2014,206.0,27:36:52,1656,Sandra,Campos,F,38.0,CA
2014,207.0,27:37:21,1657,Alec,Bath,M,44.0,IL
2014,208.0,27:40:05,1660,Brent,Colwell,M,36.0,IN
2014,209.0,27:40:46,1660,Nicholas,Ferrara,M,41.0,PA
2014,210.0,27:44:35,1664,Mike,Kreaden,M,51.0,CA
2014,211.0,27:44:47,1664,Zachary,Huselid,M,35.0,AZ
2014,212.0,27:45:33,1665,Dawn,Hitchcock,F,46.0,CA
2014,213.0,27:57:25,1677,Larry,Watson Ii,M,47.0,MD
2014,214.0,27:57:51,1677,John,Nagel,M,53.0,AK
2014,215.0,27:58:04,1678,Tera,Dube,F,41.0,CA
2014,216.0,27:58:13,1678,Shane,Kroth,M,42.0,OR
2014,217.0,27:58:18,1678,Tomoyuki,Akashima,M,37.0,JAPAN
2014,218.0,27:58:47,1678,Douglas,Donovan,M,44.0,NV
2014,219.0,28:02:04,1682,Brad,Bishop,M,28.0,CO
2014,220.0,28:06:23,1686,Ken,Neely,M,42.0,CA
2014,221.0,28:07:37,1687,Roger,Jensen,M,64.0,CO
2014,222.0,28:09:33,1689,Larry,Kline,M,32.0,AZ
2014,223.0,28:09:42,1689,Katherine,Gifford,F,39.0,CA
2014,224.0,28:10:00,1690,Keila,Merino,F,33.0,NY
2014,225.0,28:12:35,1692,Kristin,Gustafsson,F,45.0,CA
2014,226.0,28:15:46,1695,Patrick,Mccloskey,M,47.0,CA
2014,227.0,28:16:16,1696,Benjamin,Walvoord,M,38.0,SC
2014,228.0,28:20:18,1700,Jay,Spadie,M,43.0,NC
2014,229.0,28:20:43,1700,Paul,Fortin,M,44.0,MA
2014,230.0,28:21:47,1701,Rene,Castel,M,33.0,CHILE
2014,231.0,28:22:34,1702,Nicholas,Balbach,M,32.0,IN
2014,232.0,28:24:05,1704,Nakia,Baird,M,39.0,CA
2014,233.0,28:26:56,1706,Greg,Curtis,M,49.0,OH
2014,234.0,28:27:52,1707,Scott,Salisberry,M,53.0,NV
2014,235.0,28:28:09,1708,Andrew,Chananie,M,45.0,SOUTH AFRICA
2014,236.0,28:31:04,1711,Tattie,Bailey,F,43.0,CA
2014,237.0,28:35:04,1715,Scott,Tate,M,41.0,CA
2014,238.0,28:36:06,1716,Karl,Ahlswede,M,53.0,PA
2014,239.0,28:37:04,1717,Charley,Jones,M,42.0,CA
2014,240.0,28:38:12,1718,Bryce,Rhodes,M,37.0,NV
2014,241.0,28:39:12,1719,Elaine,Acosta,F,39.0,NJ
2014,242.0,28:39:17,1719,Danny,Ponder,M,55.0,OK
2014,243.0,28:40:08,1720,Mark,Zirbser,M,43.0,GREAT BRITAIN
2014,244.0,28:41:31,1721,Peggy,Alfred,F,55.0,CA
2014,245.0,28:41:47,1721,Clayton,Barnett,M,45.0,CA
2014,246.0,28:43:50,1723,Shavinder,Singh,M,36.0,CA
2014,247.0,28:46:55,1726,Tony,Jankowski,M,61.0,CA
2014,248.0,28:49:46,1729,Ty,Russell,M,64.0,CA
2014,249.0,28:50:04,1730,Barclay,Oudersluys,M,22.0,MI
2014,250.0,28:50:45,1730,Tina,Frizner,F,36.0,CA
2014,251.0,28:52:58,1732,Andrew,Frazier,M,32.0,AZ
2014,252.0,28:53:24,1733,Adam,Allie,M,34.0,SC
2014,253.0,28:53:33,1733,Loren,Lewis,M,42.0,CA
2014,254.0,28:54:25,1734,Thomas,Lopes,M,42.0,CA
2014,255.0,28:55:17,1735,John,Stacy,M,57.0,VA
2014,256.0,28:55:41,1735,Garry,Sewell,M,53.0,CA
2014,257.0,28:56:20,1736,Brittany,Klimowicz,F,29.0,NY
2014,258.0,28:56:28,1736,Steven,Grossman,M,54.0,NM
2014,259.0,28:56:42,1736,Kim,Moyano,F,49.0,CA
2014,260.0,28:57:28,1737,Brian,Wyatt,M,43.0,OR
2014,261.0,29:01:18,1741,David,Pierce,M,52.0,CA
2014,262.0,29:02:55,1742,Gary,Bennington,M,54.0,CANADA
2014,263.0,29:05:07,1745,Jason,Mcconnell,M,30.0,WA
2014,264.0,29:07:20,1747,Marcie,Cathey,F,42.0,CA
2014,265.0,29:10:46,1750,Predrag,Krkic,M,59.0,IL
2014,266.0,29:12:38,1752,Sean,Russell,M,37.0,PA
2014,267.0,29:14:42,1754,Chelsea,Siler,F,31.0,CANADA
2014,268.0,29:18:32,1758,Natalie,Badowski,F,29.0,CA
2014,269.0,29:19:03,1759,Kenneth,Bossung,M,53.0,CA
2014,270.0,29:20:24,1760,Geir,Frykholm,M,57.0,NORWAY
2014,271.0,29:21:12,1761,Zsuzsanna,Carlson,F,41.0,NJ
2014,272.0,29:24:04,1764,Rachel,Spatz,F,24.0,AZ
2014,273.0,29:27:00,1767,John,Diana,M,45.0,CA
2014,274.0,29:28:40,1768,Bill,Thom,M,53.0,IL
2014,275.0,29:29:59,1769,Debbie,Dyrland,F,47.0,CANADA
2014,276.0,29:32:49,1772,Sam,Fiandaca,M,42.0,CA
2014,277.0,29:34:09,1774,Paul,Reader,M,49.0,GREAT BRITAIN
2014,278.0,29:35:06,1775,Justin,Morris,M,32.0,AL
2014,279.0,29:36:41,1776,Carl,Tippets,M,61.0,UT
2014,280.0,29:37:13,1777,Thomas,Kuerten,M,48.0,CA
2014,281.0,29:38:01,1778,Sharon,Zelinski,F,49.0,CANADA
2014,282.0,29:39:31,1779,John,Phillips,M,54.0,TN
2014,283.0,29:40:17,1780,Jess,Soco,F,48.0,WA
2014,284.0,29:40:23,1780,John,Hockett,M,46.0,CA
2014,285.0,29:41:23,1781,Randy,Benthin,M,40.0,OR
2014,286.0,29:42:06,1782,Madelyn,Blue,F,33.0,KY
2014,287.0,29:42:11,1782,Dave,Cockman,M,56.0,NC
2014,288.0,29:42:27,1782,Paul,Ng,M,49.0,CA
2014,289.0,29:42:28,1782,Jennifer,Kimble,F,43.0,TX
2014,290.0,29:49:20,1789,Sylvia,Greer,F,36.0,UT
2014,291.0,29:49:32,1789,Jennifer,Yaros,F,41.0,OH
2014,292.0,29:49:55,1789,David,Nichols,M,53.0,KY
2014,293.0,29:52:07,1792,Lana,Kovarik,F,44.0,SC
2014,294.0,29:53:12,1793,Don,Lundell,M,52.0,CA
2014,295.0,29:54:47,1794,Rob,Ham,M,45.0,TX
2014,296.0,29:57:32,1797,Thomas,Green,M,63.0,MD
2015,1.0,14:48:59,888,Rob,Krar,M,38.0,AZ
2015,2.0,15:17:28,917,Seth,Swanson,M,36.0,MT
2015,3.0,15:37:55,937,Jared,Hazen,M,20.0,CO
2015,4.0,15:40:55,940,Gediminas,Grinius,M,35.0,LITHUANIA
2015,5.0,15:56:32,956,Thomas,Lorblanchet,M,35.0,FRANCE
2015,6.0,16:34:43,994,Julien,Chorier,M,34.0,FRANCE
2015,7.0,16:44:27,1004,Ian,Sharman,M,34.0,CA
2015,8.0,17:01:37,1021,David,Laney,M,26.0,OR
2015,9.0,17:19:17,1039,Andrew,Tuckey,M,39.0,AUSTRALIA
2015,10.0,17:43:17,1063,Paul,Terranova,M,41.0,TX
2015,11.0,17:59:27,1079,Ryan,Kaiser,M,36.0,OR
2015,12.0,18:06:11,1086,Seth,Kelly,M,31.0,CO
2015,13.0,18:07:57,1087,Skip,Crockett,M,34.0,CA
2015,14.0,18:12:00,1092,Francois,Dhaene,M,29.0,FRANCE
2015,15.0,18:14:18,1094,Sondre,Amdahl,M,43.0,NORWAY
2015,16.0,18:16:30,1096,Ryan,Smith,M,36.0,CO
2015,17.0,18:37:10,1117,Loren,Newman,M,28.0,MA
2015,18.0,18:50:26,1130,Stephen,Wassather,M,24.0,CA
2015,19.0,18:57:44,1137,Cyril,Cointre,M,33.0,FRANCE
2015,20.0,19:05:21,1145,Magdalena,Boulet,F,41.0,CA
2015,21.0,19:07:52,1147,Christopher,Denucci,M,35.0,CA
2015,22.0,19:11:35,1151,Michael,Wardian,M,41.0,VA
2015,23.0,19:11:52,1151,Devon,Olson,M,27.0,CO
2015,24.0,19:20:31,1160,Kaci,Lickteig,F,28.0,NE
2015,25.0,19:32:58,1172,Stephanie,Howe,F,31.0,OR
2015,26.0,19:43:22,1183,Aliza,Lapierre,F,35.0,VT
2015,27.0,20:08:10,1208,Matthew,Urbanski,M,34.0,WA
2015,28.0,20:11:33,1211,Mark,Lantz,M,49.0,CA
2015,29.0,20:12:00,1212,Emma,Roca,F,41.0,SPAIN
2015,30.0,20:13:17,1213,Ryan,Weibel,M,42.0,CA
2015,31.0,20:18:08,1218,Jeff,Kozak,M,41.0,CA
2015,32.0,20:19:56,1219,Nicole,Studer,F,33.0,TX
2015,33.0,20:22:27,1222,Filippo,Canetta,M,43.0,ITALY
2015,34.0,20:26:34,1226,Randy,Vander Tuig,M,41.0,CA
2015,35.0,20:27:33,1227,Sally,Mcrae,F,36.0,CA
2015,36.0,20:55:46,1255,Joe,Grant,M,32.0,CO
2015,37.0,20:56:45,1256,Adam,Wilcox,M,33.0,NH
2015,38.0,21:12:26,1272,Brett,Rivers,M,33.0,CA
2015,39.0,21:27:43,1287,Byron,Pittam,M,32.0,CA
2015,40.0,21:44:11,1304,Caroline,Boller,F,40.0,CA
2015,41.0,21:47:02,1307,Brendan,Davies,M,38.0,AUSTRALIA
2015,42.0,21:47:25,1307,Erika,Lindland,F,33.0,CA
2015,43.0,21:50:13,1310,David,Lister,M,29.0,PA
2015,44.0,22:01:55,1321,Nikki,Kimball,F,44.0,MT
2015,45.0,22:06:51,1326,Tyler,Bucklin,M,39.0,MT
2015,46.0,22:07:46,1327,Ken,Niemimaa,M,43.0,CANADA
2015,47.0,22:08:53,1328,Douglas,Wickert,M,42.0,NV
2015,48.0,22:09:29,1329,Jeff,Boutte,M,52.0,CA
2015,49.0,22:12:17,1332,Mike,Maddox,M,50.0,CA
2015,50.0,22:19:18,1339,Ford,Smith,M,19.0,TX
2015,51.0,22:26:45,1346,Keith,Levasseur,M,36.0,MD
2015,52.0,22:29:15,1349,Robin,Watkins,F,31.0,DC
2015,53.0,22:36:47,1356,Meghan,Canfield,F,54.0,CA
2015,54.0,22:37:04,1357,Joseph,Nakamura,M,36.0,CA
2015,55.0,22:37:57,1357,Jonathan,Gunderson,M,37.0,CA
2015,56.0,22:41:29,1361,Dale,Draaistra,M,39.0,CANADA
2015,57.0,22:42:40,1362,Mark,Tanaka,M,48.0,CA
2015,58.0,22:43:24,1363,Jorge,Pacheco,M,47.0,CA
2015,59.0,22:46:19,1366,Pam,Smith,F,40.0,OR
2015,60.0,22:47:15,1367,Kevin,Skiles,M,41.0,CA
2015,61.0,22:50:32,1370,George,Erickson,M,41.0,MT
2015,62.0,22:50:58,1370,Jonathan,Allen,M,36.0,SC
2015,63.0,22:51:39,1371,Joelle,Vaught,F,40.0,ID
2015,64.0,22:52:18,1372,Klas,Eklof,M,44.0,CA
2015,65.0,22:54:17,1374,Aaron,Watenmaker,M,26.0,CA
2015,66.0,23:00:23,1380,James,Poole,M,39.0,GREAT BRITAIN
2015,67.0,23:10:00,1390,Harry,Hamilton,M,54.0,NJ
2015,68.0,23:17:40,1397,David,Schmidt,M,35.0,WI
2015,69.0,23:21:37,1401,Joe,Ziegenfuss,M,40.0,CO
2015,70.0,23:22:09,1402,Chris,Petterson,M,33.0,CA
2015,71.0,23:22:23,1402,Todd,Elayer,M,43.0,CA
2015,72.0,23:22:50,1402,Matt,Hawkins,M,42.0,TN
2015,73.0,23:23:48,1403,Matt,Keyes,M,41.0,CA
2015,74.0,23:26:15,1406,Bernie,Doucet,M,48.0,CANADA
2015,75.0,23:27:10,1407,David,Town,M,37.0,OR
2015,76.0,23:27:52,1407,Rich,Conder,M,36.0,CA
2015,77.0,23:29:07,1409,Katrin,Silva,F,44.0,NM
2015,78.0,23:30:33,1410,Andrew,Wellman,M,38.0,CO
2015,79.0,23:31:23,1411,Jay,Hickle,M,49.0,CA
2015,80.0,23:32:27,1412,Jonathan,Clinthorne,M,28.0,CO
2015,81.0,23:32:55,1412,Jennifer,Hemmen,F,43.0,CA
2015,82.0,23:35:58,1415,Troy,Shellhamer,M,34.0,KY
2015,83.0,23:36:29,1416,Dan,Brostek,M,40.0,CT
2015,84.0,23:38:28,1418,Janos,Orsos,M,30.0,GREAT BRITAIN
2015,85.0,23:40:27,1420,Ian,Ballentyne,M,31.0,WA
2015,86.0,23:41:41,1421,Denise,Bourassa,F,45.0,OR
2015,87.0,23:47:45,1427,Alex,Brennwald,M,32.0,SWITZERLAND
2015,88.0,23:48:04,1428,Derek,Beenfeldt,M,46.0,NV
2015,89.0,23:48:37,1428,Isaac,Wait,M,38.0,WV
2015,90.0,23:50:40,1430,Karl,Hoagland,M,50.0,CA
2015,91.0,23:52:16,1432,Paul,Lind,M,47.0,ID
2015,92.0,23:53:59,1433,Keith,Cassidy,M,33.0,VA
2015,93.0,23:54:01,1434,Shane,Simpson,M,43.0,AUSTRALIA
2015,94.0,23:55:01,1435,Jc,Callans,M,48.0,OR
2015,95.0,23:55:14,1435,John,Hill,M,48.0,TX
2015,96.0,23:58:27,1438,Kevin,Cannaday,M,36.0,WI
2015,97.0,24:01:15,1441,Dane,Simmons,M,29.0,SC
2015,98.0,24:18:30,1458,David,Hayes,M,48.0,UT
2015,99.0,24:36:03,1476,Benjamin,Trok,M,39.0,MN
2015,100.0,24:54:18,1494,Richard,Kabanuck,M,31.0,FL
2015,101.0,25:02:51,1502,Nathan,Holland,M,31.0,TN
2015,102.0,25:05:22,1505,Jeff,Giumarra,M,39.0,CA
2015,103.0,25:10:51,1510,Ryan,Lingg,M,29.0,CO
2015,104.0,25:19:09,1519,Kerrie,Wlad,F,43.0,CO
2015,105.0,25:19:30,1519,John,Mccracken,M,45.0,IL
2015,106.0,25:21:29,1521,Scott,Bajer,M,40.0,AZ
2015,107.0,25:21:29,1521,Jay,Danek,M,39.0,AZ
2015,108.0,25:27:23,1527,Scott,Brand,M,49.0,CA
2015,109.0,25:28:33,1528,Tamara,Day,F,44.0,CANADA
2015,110.0,25:37:11,1537,John,Murphy,M,50.0,CA
2015,111.0,25:42:04,1542,Paul,Nelson,M,39.0,OR
2015,112.0,25:46:16,1546,Julius,Drelick,M,48.0,AZ
2015,113.0,25:49:52,1549,Billy,Yang,M,38.0,CA
2015,114.0,25:51:31,1551,Chris,Schultheiss,M,42.0,WA
2015,115.0,25:59:37,1559,Joshua,Marks,M,39.0,OR
2015,116.0,25:59:53,1559,Tatsuro,Aoyama,M,42.0,JAPAN
2015,117.0,26:03:13,1563,John,Diana,M,46.0,CA
2015,118.0,26:13:21,1573,Chuck,Walen,M,52.0,CA
2015,119.0,26:16:53,1576,Tony,Huff,M,48.0,ID
2015,120.0,26:20:53,1580,Sean,Greaney,M,34.0,CT
2015,121.0,26:21:22,1581,Shavinder,Singh,M,37.0,CA
2015,122.0,26:21:41,1581,Steve,Sorenson,M,50.0,NE
2015,123.0,26:23:26,1583,Matthew,Menacher,M,37.0,IL
2015,124.0,26:29:05,1589,Tony,Overbay,M,45.0,CA
2015,125.0,26:31:40,1591,Greg,Nacco,M,55.0,CA
2015,126.0,26:34:55,1594,Bartlomiej,Trela,M,34.0,POLAND
2015,127.0,26:36:46,1596,Lorenzo,Prieto Saiz,M,35.0,SPAIN
2015,128.0,26:37:22,1597,Mark,Tiedens,M,46.0,CA
2015,129.0,26:37:44,1597,Kelly,Barber,M,45.0,CA
2015,130.0,26:39:19,1599,Pam,Reed,F,54.0,WY
2015,131.0,26:45:18,1605,Jack,Cheng,M,43.0,CA
2015,132.0,26:49:00,1609,Miguel Angel,Casarrubios,M,30.0,SPAIN
2015,133.0,26:52:52,1612,Michael,Bielik,M,36.0,NY
2015,134.0,26:54:42,1614,Mark,Cliggett,M,53.0,WA
2015,135.0,26:54:45,1614,Jeremy,Bradford,M,37.0,CO
2015,136.0,26:58:42,1618,Jill,Andersen,F,38.0,NV
2015,137.0,27:01:15,1621,Clark,Whitten,M,51.0,CA
2015,138.0,27:04:14,1624,Henry,Church,M,46.0,GREAT BRITAIN
2015,139.0,27:04:44,1624,Cynthia,Heady,F,53.0,KY
2015,140.0,27:08:41,1628,Charlie,Quinn,M,48.0,WA
2015,141.0,27:11:33,1631,Stanislav,Chiknavaryan,M,44.0,WA
2015,142.0,27:12:30,1632,Jim,Roche,M,46.0,NH
2015,143.0,27:13:41,1633,Barry,Miller,M,34.0,GREAT BRITAIN
2015,144.0,27:17:19,1637,Richard,Cook,M,52.0,PA
2015,145.0,27:20:32,1640,Christine,Murphy,F,28.0,IA
2015,146.0,27:26:09,1646,Warwick,Ames,M,47.0,NC
2015,147.0,27:26:30,1646,Gina,Lucrezi,F,32.0,CO
2015,148.0,27:28:47,1648,Matt,Campbell,M,31.0,WA
2015,149.0,27:32:52,1652,Junko,Kazukawa,F,51.0,CO
2015,150.0,27:33:17,1653,John,Nichols,M,50.0,CA
2015,151.0,27:34:39,1654,Timothy,Holmes,M,45.0,OR
2015,152.0,27:36:32,1656,Danny,Westergaard,M,56.0,CA
2015,153.0,27:38:24,1658,Terri,Pfeil,F,48.0,CO
2015,154.0,27:40:13,1660,Michael,Scherzer,M,48.0,GA
2015,155.0,27:40:57,1660,Jerry,Flanagan,M,49.0,CA
2015,156.0,27:41:58,1661,John,Dedoncker,M,50.0,IA
2015,157.0,27:43:42,1663,Mike,Weigand,M,41.0,VT
2015,158.0,27:44:25,1664,Drake,Tollenaar,M,46.0,OR
2015,159.0,27:45:11,1665,Devin,Martin,M,36.0,CA
2015,160.0,27:45:22,1665,Tamara,Ellis,F,45.0,OR
2015,161.0,27:45:22,1665,Richard,May,M,48.0,OR
2015,162.0,27:48:14,1668,Chor Kin,Law,M,38.0,HONG KONG
2015,163.0,27:48:48,1668,Gregory,Shumavon,M,40.0,OR
2015,164.0,27:49:02,1669,Jerome,Lourme,M,54.0,CA
2015,165.0,27:55:11,1675,Daren,Sandbank,M,56.0,AZ
2015,166.0,27:55:45,1675,Craig,Norquist,M,48.0,AZ
2015,167.0,27:56:08,1676,Abby,Mckee,F,45.0,CA
2015,168.0,27:57:38,1677,Iris,Cooper,F,56.0,CANADA
2015,169.0,28:01:36,1681,Joshua,Holmes,M,37.0,CA
2015,170.0,28:01:47,1681,Mike,Kreaden,M,52.0,CA
2015,171.0,28:02:19,1682,Sylvere,Valentin,M,38.0,CA
2015,172.0,28:02:55,1682,David,Carder,M,52.0,GA
2015,173.0,28:04:22,1684,Franco,Soriano,M,44.0,CA
2015,174.0,28:04:38,1684,Mario,Raymond,M,43.0,MD
2015,175.0,28:05:52,1685,Larry,Roberts,M,43.0,IN
2015,176.0,28:06:56,1686,Mark,Yeaman,M,46.0,TX
2015,177.0,28:12:13,1692,Johannes,Parkkonen,M,39.0,FINLAND
2015,178.0,28:13:57,1693,Alan,Barichievich,M,48.0,CA
2015,179.0,28:15:14,1695,Sharon,Rodarte,F,51.0,CA
2015,180.0,28:16:01,1696,Angel,Vega,M,42.0,AZ
2015,181.0,28:22:52,1702,Angela,Gohlke,F,40.0,AZ
2015,182.0,28:23:00,1703,Scot,Kuwaye,M,51.0,HI
2015,183.0,28:25:29,1705,Michel,Poletti,M,60.0,FRANCE
2015,184.0,28:27:10,1707,Darren,Christiansen,M,44.0,TX
2015,185.0,28:28:35,1708,David,Easa,M,40.0,HI
2015,186.0,28:29:15,1709,Brad,Koenig,M,39.0,NJ
2015,187.0,28:29:49,1709,Peter,Foxall,M,62.0,GREAT BRITAIN
2015,188.0,28:31:12,1711,David,Herrlin,M,50.0,CA
2015,189.0,28:32:39,1712,Rachel,Grimm,F,33.0,CA
2015,190.0,28:33:07,1713,Jeff,Stowell,M,53.0,UT
2015,191.0,28:36:13,1716,Jason,Dumars,M,45.0,CA
2015,192.0,28:39:31,1719,Tina,Hyde,F,29.0,CA
2015,193.0,28:41:09,1721,Rene,Peinado,M,38.0,MEXICO
2015,194.0,28:43:57,1723,Sam,Fiandaca,M,43.0,CA
2015,195.0,28:45:59,1725,William,Vickers,M,36.0,CO
2015,196.0,28:47:30,1727,Carolyn,Shreck,F,43.0,NH
2015,197.0,28:48:50,1728,Yuki,Negoro,M,54.0,NJ
2015,198.0,28:49:24,1729,Danielle,Zemola,F,36.0,FL
2015,199.0,28:50:09,1730,Jackie,Clark,F,57.0,CA
2015,200.0,28:50:29,1730,Karen,Bonnett,F,59.0,CA
2015,201.0,28:52:21,1732,Luis,Escobar,M,52.0,CA
2015,202.0,28:53:24,1733,Dane,Leblanc,M,57.0,MA
2015,203.0,28:53:56,1733,Nick,Schnabel,M,38.0,NJ
2015,204.0,28:55:12,1735,Charley,Jones,M,43.0,CA
2015,205.0,28:56:10,1736,Lupe,Labourdett,F,55.0,CA
2015,206.0,28:56:31,1736,Andrew,Mitchell,M,47.0,CA
2015,207.0,29:00:38,1740,Michael,Arnold,M,32.0,MN
2015,208.0,29:00:41,1740,Jay,Spadie,M,44.0,NC
2015,209.0,29:00:45,1740,Kelly,Agnew,M,42.0,UT
2015,210.0,29:01:23,1741,Nicole,Parkhurst,F,35.0,MO
2015,211.0,29:04:14,1744,Bryce,Rhodes,M,38.0,NV
2015,212.0,29:04:28,1744,Deborah,Hamberlin,F,47.0,AZ
2015,213.0,29:04:28,1744,Shannon,Mcquaid,F,42.0,AZ
2015,214.0,29:05:57,1745,Ken,Ward,M,58.0,OR
2015,215.0,29:06:37,1746,Holly,Miller,F,40.0,AZ
2015,216.0,29:07:08,1747,Kristin,Gustafsson,F,46.0,CA
2015,217.0,29:07:30,1747,Ken,Neely,M,43.0,CA
2015,218.0,29:07:44,1747,Nicolas,Caille,M,52.0,UKRAINE
2015,219.0,29:07:46,1747,Tin,Tse,M,47.0,CA
2015,220.0,29:09:25,1749,Joey,Bryan,M,45.0,CA
2015,221.0,29:09:40,1749,Lisa,Deyoung,F,47.0,NC
2015,222.0,29:10:19,1750,Desiree,Marek,F,32.0,OR
2015,223.0,29:10:58,1750,Larry,Cawthon,M,68.0,CA
2015,224.0,29:14:06,1754,Aaron,Boothe,M,38.0,AZ
2015,225.0,29:16:50,1756,Jason,Roche,M,41.0,CA
2015,226.0,29:17:18,1757,Gary,Dudney,M,62.0,CA
2015,227.0,29:17:26,1757,Rob,Schultz,M,48.0,IL
2015,228.0,29:17:36,1757,Laura,Langerwerf,F,34.0,CA
2015,229.0,29:19:01,1759,Mark,Hauber,M,47.0,CA
2015,230.0,29:19:17,1759,Robert,Drewell,M,42.0,MA
2015,231.0,29:20:24,1760,Tom,Harper,M,66.0,CA
2015,232.0,29:22:17,1762,Jennifer,Hamburg,F,43.0,CA
2015,233.0,29:24:22,1764,Mauricio,Puerto,M,42.0,CA
2015,234.0,29:27:03,1767,Stan,Wiens,M,50.0,CANADA
2015,235.0,29:28:10,1768,Bill,Hunter,M,50.0,CA
2015,236.0,29:28:57,1768,Cameron,Adamson,M,27.0,UT
2015,237.0,29:29:13,1769,Jeff,Hooker,M,48.0,CA
2015,238.0,29:30:47,1770,Jeffery,Deslich,M,56.0,CA
2015,239.0,29:32:58,1772,Mike,Holmes,M,59.0,NV
2015,240.0,29:35:36,1775,Chris,Hasselback,M,43.0,CO
2015,241.0,29:38:48,1778,Brian,Ottinger,M,58.0,PA
2015,242.0,29:39:11,1779,Edith,Harbaugh,F,36.0,CA
2015,243.0,29:41:16,1781,Kristin,Lynn,F,41.0,CA
2015,244.0,29:41:55,1781,Robert,Johnson,M,44.0,NV
2015,245.0,29:41:56,1781,Girish,V.G.,M,41.0,INDIA
2015,246.0,29:45:27,1785,John,Powell,M,52.0,WA
2015,247.0,29:47:08,1787,Roy,Van Buren,M,53.0,MA
2015,248.0,29:48:28,1788,Lisa,Mcfadden,F,41.0,NC
2015,249.0,29:50:19,1790,Brian,Steinberg,M,36.0,MI
2015,250.0,29:54:40,1794,Rachel,Dubois,F,47.0,NC
2015,251.0,29:55:54,1795,Jason,Reathaford,M,46.0,WA
2015,252.0,29:56:34,1796,Katie,Trent,F,22.0,NV
2015,253.0,29:59:27,1799,John,Corey,M,47.0,OH
2015,254.0,29:59:54,1799,Gunhild,Swanson,F,70.0,WA
2016,1.0,15:39:36,939,Andrew,Miller,M,20.0,OR
2016,2.0,16:16:08,976,Didrik,Hermansen,M,36.0,NOR
2016,3.0,16:30:40,990,Jeff,Browning,M,44.0,OR
2016,4.0,16:39:55,999,Thomas,Lorblanchet,M,36.0,FRA
2016,5.0,16:53:20,1013,Paul,Giblin,M,38.0,GBR
2016,6.0,16:55:11,1015,Ian,Sharman,M,35.0,OR
2016,7.0,17:01:47,1021,Chris,Mocko,M,30.0,CA
2016,8.0,17:05:01,1025,Kyle,Pietari,M,29.0,MA
2016,9.0,17:07:57,1027,Christopher,Denucci,M,36.0,CA
2016,10.0,17:12:30,1032,Jesse,Haynes,M,43.0,CA
2016,11.0,17:16:00,1036,Sage,Canaday,M,30.0,CO
2016,12.0,17:29:52,1049,Tofol,Castanyer,M,44.0,ESP
2016,13.0,17:35:27,1055,Mark,Austin,M,32.0,ID
2016,14.0,17:57:59,1077,Kaci,Lickteig,F,29.0,NE
2016,15.0,18:00:09,1080,Benjamin,Bucklin,M,37.0,WA
2016,16.0,18:05:37,1085,Andrew,Tuckey,M,40.0,GBR
2016,17.0,18:29:11,1109,Paul,Terranova,M,42.0,TX
2016,18.0,18:37:10,1117,Bob,Shebest,M,42.0,CA
2016,19.0,18:45:07,1125,Chris,Roberts,M,31.0,DC
2016,20.0,18:45:36,1125,Jim,Walmsley,M,26.0,AZ
2016,21.0,18:54:44,1134,Amy,Sproston,F,42.0,OR
2016,22.0,19:02:21,1142,Stephen,Wassather,M,25.0,CA
2016,23.0,19:04:22,1144,Brian,Miller,M,40.0,CA
2016,24.0,19:10:08,1150,Devon,Yanko,F,34.0,CA
2016,25.0,19:13:37,1153,Ricky,Roane,M,33.0,CA
2016,26.0,19:21:03,1161,Christopher,Calzetta,M,34.0,CA
2016,27.0,19:27:51,1167,Peter,Fain,M,44.0,CA
2016,28.0,19:45:51,1185,Zach,Violett,M,33.0,OR
2016,29.0,19:55:44,1195,Pete,Kostelnick,M,28.0,NE
2016,30.0,19:58:34,1198,Max,Sjalin,M,25.0,SWE
2016,31.0,20:01:59,1201,Pierre Loic,Deragne,M,47.0,FRA
2016,32.0,20:06:15,1206,Jon,Robinson,M,37.0,WA
2016,33.0,20:06:55,1206,David,Laney,M,27.0,OR
2016,34.0,20:11:30,1211,Thomas,Adams,M,38.0,GBR
2016,35.0,20:11:39,1211,Amanda,Basham,F,26.0,CO
2016,36.0,20:18:38,1218,Charlie,Ware,M,30.0,AZ
2016,37.0,20:23:18,1223,Ernesto,Duran,M,40.0,PAN
2016,38.0,20:26:57,1226,Dan,Barger,M,50.0,CA
2016,39.0,20:27:11,1227,Alissa,St Laurent,F,31.0,AB
2016,40.0,20:30:11,1230,Meghan,Canfield,F,55.0,CA
2016,41.0,20:30:42,1230,Krystian,Ogly,M,38.0,POL
2016,42.0,20:33:07,1233,Andy,Pearson,M,31.0,CA
2016,43.0,20:40:42,1240,Bethany,Patterson,F,37.0,VA
2016,44.0,20:49:48,1249,Jadd,Martinez,M,34.0,CA
2016,45.0,20:50:07,1250,Maggie,Guterl,F,35.0,PA
2016,46.0,20:50:37,1250,Lance,Doherty,M,39.0,CA
2016,47.0,20:54:54,1254,Jodee,Adams-Moore,F,33.0,WA
2016,48.0,20:55:40,1255,Andy,Reed,M,45.0,AB
2016,49.0,21:07:16,1267,Mick,Jurynec,M,38.0,UT
2016,50.0,21:07:40,1267,Erika,Lindland,F,34.0,CA
2016,51.0,21:10:53,1270,Lon,Freeman,M,41.0,CA
2016,52.0,21:22:29,1282,Ryan,Meulemans,M,39.0,TN
2016,53.0,21:26:15,1286,Adam,Behrendt,M,29.0,MT
2016,54.0,21:30:36,1290,Guillaume,Bogner,M,40.0,FRA
2016,55.0,21:41:34,1301,John,Horns,M,53.0,MN
2016,56.0,21:51:26,1311,Sally,McRae,F,37.0,CA
2016,57.0,21:57:54,1317,Daniel,Kroeger,M,38.0,CA
2016,58.0,22:06:51,1326,Caroline,Boller,F,41.0,CA
2016,59.0,22:15:18,1335,Michael,Daly,M,40.0,CA
2016,60.0,22:15:39,1335,Jonathan,Warner,M,29.0,NY
2016,61.0,22:16:04,1336,Yiou,Wang,F,31.0,CA
2016,62.0,22:22:07,1342,Amy,Phillips,F,43.0,CA
2016,63.0,22:28:25,1348,Ryan,Peel,M,37.0,NV
2016,64.0,22:31:31,1351,Kenneth,Hawkes,M,37.0,OR
2016,65.0,22:31:50,1351,Ben,Lloyd,M,45.0,NY
2016,66.0,22:32:55,1352,Matt,Vest,M,36.0,OH
2016,67.0,22:33:57,1353,Jesse,Langner,M,34.0,MT
2016,68.0,22:35:46,1355,Lewis,Taylor,M,43.0,OR
2016,69.0,22:38:26,1358,Kevin,Davis,M,45.0,MT
2016,70.0,22:48:29,1368,Mark,Backes,M,52.0,CA
2016,71.0,22:49:26,1369,Will,Kuper,M,36.0,VA
2016,72.0,22:49:49,1369,Ben,Balester,M,42.0,CA
2016,73.0,22:50:55,1370,Eric,Byrnes,M,40.0,CA
2016,74.0,22:55:02,1375,John,Maas,M,55.0,MN
2016,75.0,23:14:20,1394,Ranbir,Lally,M,30.0,CA
2016,76.0,23:15:05,1395,Benjamin,Sutherland,M,37.0,NZL
2016,77.0,23:17:26,1397,Garrett,Peltonen,M,34.0,WI
2016,78.0,23:19:17,1399,Chris,McElveny,M,44.0,NM
2016,79.0,23:21:42,1401,Richard,Bettles,M,44.0,AUS
2016,80.0,23:22:49,1402,Debbie,Gibson,F,51.0,MT
2016,81.0,23:23:27,1403,Becky,Kirschenmann,F,43.0,CO
2016,82.0,23:25:40,1405,Matthew,McClain,M,34.0,OR
2016,83.0,23:26:39,1406,Tommy,Barlow,M,36.0,UT
2016,84.0,23:29:44,1409,Karl,Hoagland,M,51.0,CA
2016,85.0,23:31:04,1411,Marcel,McKinley,M,33.0,GBR
2016,86.0,23:33:41,1413,Tony,Huff,M,49.0,ID
2016,87.0,23:34:05,1414,Tony,Stafford,M,37.0,CO
2016,88.0,23:34:11,1414,Shosuke,Tomizuka,M,33.0,JPN
2016,89.0,23:34:40,1414,Howard,Norton,M,53.0,AUS
2016,90.0,23:36:05,1416,Brian,Vanderheiden,M,46.0,CT
2016,91.0,23:38:17,1418,Bob,Jasinski,M,47.0,OH
2016,92.0,23:39:15,1419,Canice,Harte,M,48.0,UT
2016,93.0,23:41:30,1421,Paul,Braa,M,52.0,CA
2016,94.0,23:43:19,1423,Dave,Vanmiller,M,40.0,WA
2016,95.0,23:43:40,1423,Scott,Dunlap,M,47.0,CA
2016,96.0,23:44:11,1424,Jason,West,M,44.0,AUS
2016,97.0,23:44:40,1424,Sean,Bowman,M,40.0,CA
2016,98.0,23:44:45,1424,Sarah,Lavender Smith,F,47.0,CA
2016,99.0,23:46:29,1426,Matt,Keyes,M,42.0,CA
2016,100.0,23:48:38,1428,Ori,Gur-Ari,M,35.0,ISR
2016,101.0,23:50:31,1430,Shawn,Chapler,F,46.0,CA
2016,102.0,23:52:54,1432,Jay,Marsh,M,53.0,CA
2016,103.0,24:09:46,1449,Todd,Hlasney,M,43.0,KS
2016,104.0,24:38:44,1478,Christopher,Dempsey,M,38.0,VA
2016,105.0,24:40:46,1480,Derrick,Carr,M,55.0,VA
2016,106.0,24:54:54,1494,Kent,Dozier,M,41.0,CA
2016,107.0,25:03:00,1503,Leslie,Howlett,F,32.0,UT
2016,108.0,25:08:37,1508,Robert,Wehner,M,53.0,WI
2016,109.0,25:11:40,1511,Justin,Branson,M,41.0,DC
2016,110.0,25:12:39,1512,Rodney,Steve,M,39.0,NC
2016,111.0,25:40:50,1540,Rebecca,Butler,F,45.0,AUS
2016,112.0,25:41:35,1541,Adelaido,Solis,M,47.0,CA
2016,113.0,25:42:31,1542,Lise,Plantier,F,36.0,TX
2016,114.0,25:43:41,1543,Anthony,Chavez,M,42.0,CA
2016,115.0,25:46:48,1546,Kyle,Clouston,M,31.0,NE
2016,116.0,25:51:12,1551,Yishaiya,Abosch,M,50.0,CA
2016,117.0,25:53:50,1553,Nic,Moloney,M,38.0,AUS
2016,118.0,25:56:01,1556,Amy,Rusiecki,F,36.0,MA
2016,119.0,26:10:10,1570,William,Robinson,M,48.0,CA
2016,120.0,26:11:53,1571,Molly,Knox,F,42.0,CA
2016,121.0,26:16:26,1576,Robert,Hunter,M,56.0,OH
2016,122.0,26:18:14,1578,Wyatt,Hornsby,M,43.0,CO
2016,123.0,26:26:14,1586,Jamie,Frink,F,43.0,CA
2016,124.0,26:29:35,1589,Patrick,Delaney,M,41.0,CA
2016,125.0,26:32:04,1592,Scott,Vosburg,M,46.0,CA
2016,126.0,26:35:34,1595,Jim,Cannon,M,62.0,CA
2016,127.0,26:37:22,1597,Misty,Wong,F,38.0,TN
2016,128.0,26:44:40,1604,Otto,Lam,M,42.0,NJ
2016,129.0,26:54:27,1614,Peter,Plourde,M,50.0,MA
2016,130.0,26:55:30,1615,Leon,Vandenhoven,M,53.0,ON
2016,131.0,27:02:18,1622,Scott,Kunz,M,34.0,TX
2016,132.0,27:02:56,1622,Anabel,Pearson,F,46.0,TX
2016,133.0,27:03:07,1623,Matthew,Searfus,M,43.0,OR
2016,134.0,27:03:16,1623,Ismael,Macias,M,49.0,CA
2016,135.0,27:03:19,1623,Luzia,Buhler,F,34.0,CHE
2016,136.0,27:03:49,1623,Dustin,Burgess,M,34.0,CA
2016,137.0,27:05:27,1625,Gwendolyn,Ostrosky,F,34.0,CA
2016,138.0,27:13:10,1633,Carrie,Gaffney,F,52.0,MT
2016,139.0,27:14:10,1634,Shawn,Donley,M,46.0,OR
2016,140.0,27:14:27,1634,John,Maytum,M,37.0,WA
2016,141.0,27:17:43,1637,Robert,Bondurant,M,43.0,WA
2016,142.0,27:17:49,1637,Jack,Cheng,M,44.0,CA
2016,143.0,27:20:30,1640,Danny,Westergaard,M,57.0,CA
2016,144.0,27:23:14,1643,Co,Jones,M,43.0,OR
2016,145.0,27:24:50,1644,Bortolo,Mora,M,49.0,ITA
2016,146.0,27:26:00,1646,Brian,Morrison,M,37.0,WA
2016,147.0,27:27:30,1647,Gary,Nichols,M,47.0,MI
2016,148.0,27:27:37,1647,Dan,Burke,M,57.0,CA
2016,149.0,27:28:51,1648,Charles,Sheya,M,52.0,CA
2016,150.0,27:32:26,1652,Andrea,Kooiman,F,41.0,CA
2016,151.0,27:32:56,1652,Konstantin,Walmsley,M,46.0,NJ
2016,152.0,27:33:22,1653,Philip,Sanderson,M,48.0,CA
2016,153.0,27:33:30,1653,Jackie,Clark,F,58.0,CA
2016,154.0,27:35:38,1655,David,Mentjes,M,46.0,WI
2016,155.0,27:37:52,1657,Eric,Johnson,M,32.0,CA
2016,156.0,27:39:31,1659,Pete,Coleman,M,42.0,GA
2016,157.0,27:40:05,1660,Shane,Utke,M,42.0,CA
2016,158.0,27:44:33,1664,Katy,Anderson,F,39.0,AUS
2016,159.0,27:50:01,1670,David,Brown,M,37.0,TX
2016,160.0,27:50:55,1670,Dave,Van Wicklin,M,64.0,CA
2016,161.0,27:53:18,1673,Tyler,Cates,M,48.0,OR
2016,162.0,27:54:12,1674,Mark,Williams,M,50.0,CA
2016,163.0,27:57:23,1677,Michael,Tooker,M,31.0,CA
2016,164.0,28:00:28,1680,Alexander,Borowsky,M,49.0,CA
2016,165.0,28:01:20,1681,Stormy,Phillips,M,34.0,OK
2016,166.0,28:02:23,1682,Jose Manuel,Domenech,M,40.0,ESP
2016,167.0,28:02:51,1682,Craig,Duhn,M,40.0,IA
2016,168.0,28:03:09,1683,Keith,Bauer,M,37.0,CA
2016,169.0,28:04:23,1684,Ryan,Dempsey,M,33.0,CA
2016,170.0,28:04:48,1684,Cal,Mitchell,M,55.0,ON
2016,171.0,28:09:13,1689,Matt,Widzer,M,43.0,CA
2016,172.0,28:09:28,1689,Nicole,Luque,F,38.0,CA
2016,173.0,28:09:35,1689,Stephen,Cadieux,M,53.0,ON
2016,174.0,28:09:43,1689,Allison,Potrekus,F,40.0,CA
2016,175.0,28:10:07,1690,Russell,Johnson,M,57.0,GA
2016,176.0,28:10:12,1690,Norbert,Leinfellner,M,49.0,CA
2016,177.0,28:11:53,1691,Rodney,Lake,M,43.0,CA
2016,178.0,28:12:42,1692,Stu,Maclean,M,41.0,NZL
2016,179.0,28:14:13,1694,Theodore,Bachman,M,43.0,MT
2016,180.0,28:14:46,1694,Larry,Pearson,M,55.0,TX
2016,181.0,28:18:11,1698,Tehani,Nishiyama,F,31.0,CA
2016,182.0,28:19:45,1699,Andrew,Taylor,M,32.0,SC
2016,183.0,28:22:23,1702,Dan,Brenden,M,65.0,AZ
2016,184.0,28:22:47,1702,Robert,Myers,M,46.0,CA
2016,185.0,28:25:05,1705,Ed,Ettinghausen,M,53.0,CA
2016,186.0,28:26:39,1706,Hunter,Peoples,M,17.0,CA
2016,187.0,28:27:07,1707,Bryce,Rhodes,M,39.0,NV
2016,188.0,28:28:09,1708,Brian,Mulholand,M,33.0,CA
2016,189.0,28:30:42,1710,Pavel,Urbaczka,M,46.0,CZE
2016,190.0,28:32:15,1712,Matt,Perry,M,51.0,CA
2016,191.0,28:34:00,1714,John,Stratton,M,56.0,CA
2016,192.0,28:34:05,1714,Starshine,Blackford,F,40.0,OH
2016,193.0,28:35:56,1715,Shalini,Kovach,F,40.0,MO
2016,194.0,28:36:45,1716,Rose,Asquith,F,56.0,CA
2016,195.0,28:39:25,1719,Raymond,Mullenax,M,49.0,ID
2016,196.0,28:39:55,1719,James,Holland,M,39.0,TN
2016,197.0,28:40:27,1720,Nick,Graham,M,43.0,MN
2016,198.0,28:40:37,1720,Karen,Johansen,F,51.0,AB
2016,199.0,28:40:57,1720,Robert,Hodge,M,56.0,OR
2016,200.0,28:41:58,1721,Meredith,Johnson,F,34.0,CA
2016,201.0,28:45:14,1725,Rogelio,Quintanar,M,45.0,GA
2016,202.0,28:45:42,1725,Jonathan,Tanner,M,29.0,NE
2016,203.0,28:46:29,1726,Amy,Chavez,F,51.0,CA
2016,204.0,28:48:29,1728,Rosendo,Caballero,M,41.0,AZ
2016,205.0,28:49:34,1729,Henry,Peck,M,59.0,MD
2016,206.0,28:49:43,1729,Jose,Mandarakas,M,43.0,PAN
2016,207.0,28:50:54,1730,Charley,Jones,M,44.0,CA
2016,208.0,28:51:59,1731,Russel,Nichols,M,43.0,OR
2016,209.0,28:52:16,1732,Monique,Winkler,F,46.0,CA
2016,210.0,28:52:36,1732,Brian,Medley,M,42.0,CA
2016,211.0,28:53:06,1733,Takashi,Yanagihara,M,35.0,JPN
2016,212.0,28:53:16,1733,Mia,Martinez,F,36.0,CA
2016,213.0,28:54:26,1734,Frank,Sizemore,M,41.0,TX
2016,214.0,28:58:51,1738,Deby,Kumasaka,F,52.0,WA
2016,215.0,28:59:55,1739,Bradley,Rogers,M,53.0,CA
2016,216.0,29:00:35,1740,Christopher,Bannister,M,34.0,CA
2016,217.0,29:00:35,1740,Colleen,Shoop,F,42.0,CA
2016,218.0,29:01:00,1741,Brian,Recore,M,40.0,CA
2016,219.0,29:01:10,1741,Dmitriy,Kernasovskiy,M,33.0,CA
2016,220.0,29:01:12,1741,Jody,Koehler,F,45.0,TX
2016,221.0,29:02:00,1742,Dan,Laplante,M,32.0,MN
2016,222.0,29:04:15,1744,Kotaro,Oikawa,M,36.0,JPN
2016,223.0,29:05:17,1745,Stavros,Costarangos,M,34.0,PAN
2016,224.0,29:06:06,1746,Nile,Sousa,M,62.0,CA
2016,225.0,29:07:36,1747,Roberta,McGraw,F,54.0,CA
2016,226.0,29:08:52,1748,John,Priester,M,36.0,LA
2016,227.0,29:10:45,1750,Jennifer,Zakroff,F,42.0,CA
2016,228.0,29:11:58,1751,Keith,Lascelles,M,55.0,ON
2016,229.0,29:12:26,1752,Daniel,De Belder,M,42.0,GBR
2016,230.0,29:13:26,1753,Paul,Grimes,M,41.0,CA
2016,231.0,29:14:52,1754,Omar,Droubi,M,44.0,CA
2016,232.0,29:15:40,1755,Victor Manuel,Batiz Beltran,M,42.0,MEX
2016,233.0,29:16:41,1756,Sebastien,St-Hilaire,M,40.0,QC
2016,234.0,29:16:44,1756,Francisco,Arozena Gutierrez,M,36.0,MEX
2016,235.0,29:17:06,1757,Caleb,Steedley,M,39.0,NC
2016,236.0,29:17:25,1757,Joan,Hellman,F,45.0,AZ
2016,237.0,29:18:29,1758,Bruce,Labelle,M,60.0,CA
2016,238.0,29:19:22,1759,James,Oliphant,M,53.0,OR
2016,239.0,29:19:48,1759,Josh,Gibbins,M,36.0,ON
2016,240.0,29:21:14,1761,Mark,Klein,M,33.0,CA
2016,241.0,29:22:21,1762,Paul,Tidmore,M,47.0,TX
2016,242.0,29:22:27,1762,Suzanne,Lewis,F,40.0,UT
2016,243.0,29:23:05,1763,Alicia,Garcia,F,37.0,CA
2016,244.0,29:25:34,1765,Joe,Galioto,M,52.0,NJ
2016,245.0,29:26:53,1766,Dan,Hunter,M,42.0,GBR
2016,246.0,29:27:20,1767,John,Lacroix,M,54.0,VT
2016,247.0,29:28:36,1768,Robert,Halpenny,M,66.0,CA
2016,248.0,29:30:03,1770,Dan,Boyle,M,52.0,CA
2016,249.0,29:32:45,1772,Robert,Gilcrest,M,50.0,CA
2016,250.0,29:33:25,1773,Christy,Bentivoglio,F,45.0,CA
2016,251.0,29:35:17,1775,Lori,Herron,F,56.0,BC
2016,252.0,29:36:16,1776,Shannon,Oliver,F,33.0,OR
2016,253.0,29:36:46,1776,Nicholas,Keller,M,37.0,MN
2016,254.0,29:36:50,1776,David,Herrlin,M,51.0,CA
2016,255.0,29:36:59,1776,Amanda,Tichacek,F,41.0,IL
2016,256.0,29:37:45,1777,Brandon,Wickes,M,37.0,UT
2016,257.0,29:38:25,1778,Guy,Mundy,M,44.0,IN
2016,258.0,29:38:50,1778,Daniel,Brostella,M,43.0,PAN
2016,259.0,29:39:10,1779,Masayoshi,Ichihara,M,47.0,MEX
2016,260.0,29:39:28,1779,Annie,Trent,F,26.0,NV
2016,261.0,29:41:52,1781,Kevin,McGeeney,M,46.0,CHE
2016,262.0,29:43:32,1783,Christopher,Cabbat,M,34.0,CA
2016,263.0,29:43:32,1783,David,Lankford,M,44.0,CA
2016,264.0,29:43:40,1783,Josam,Mulinyawe,M,38.0,CA
2016,265.0,29:43:42,1783,Natalie,Baldo,F,45.0,AB
2016,266.0,29:44:01,1784,Janet,Farafontoff,F,51.0,CA
2016,267.0,29:44:56,1784,Ernesto,Casarez,M,60.0,MD
2016,268.0,29:45:21,1785,Deanna,Ashby,F,45.0,WA
2016,269.0,29:46:15,1786,Dwight,Brown,M,55.0,CA
2016,270.0,29:46:15,1786,Berton,Keith,M,55.0,TX
2016,271.0,29:47:05,1787,Bruce,Knowlton,M,64.0,OR
2016,272.0,29:49:06,1789,Mike,Else,M,47.0,IN
2016,273.0,29:50:11,1790,Alison,Chavez,F,39.0,CA
2016,274.0,29:50:35,1790,John,Zeier,M,64.0,WA
2016,275.0,29:51:24,1791,Jessica,Bohn,F,37.0,MI
2016,276.0,29:51:31,1791,Ian,Burton,M,31.0,WA
2016,277.0,29:54:08,1794,Ross,Bielak,M,45.0,CO
2016,278.0,29:56:11,1796,Gloria,King,F,44.0,CA
2016,279.0,29:56:33,1796,Chihping,Fu,M,50.0,CA
2016,280.0,29:57:09,1797,Erin,Chavin,F,44.0,CA
2017,1.0,16:19:37,979,Ryan,Sandes,M,35.0,ZAF
2017,2.0,16:48:23,1008,Alex,Nichols,M,32.0,CO
2017,3.0,16:52:57,1012,Mark,Hammond,M,32.0,UT
2017,4.0,17:32:06,1052,Jeff,Browning,M,45.0,OR
2017,5.0,17:36:11,1056,Christopher,Denucci,M,37.0,CA
2017,6.0,17:37:11,1057,Avery,Collins,M,25.0,CO
2017,7.0,17:42:06,1062,Ian,Sharman,M,36.0,OR
2017,8.0,17:44:23,1064,Jesse,Haynes,M,44.0,CA
2017,9.0,17:59:06,1079,Paul,Giblin,M,39.0,GBR
2017,10.0,18:11:44,1091,Kyle,Pietari,M,30.0,CO
2017,11.0,18:25:42,1105,Tofol,Castanyer,M,45.0,ESP
2017,12.0,18:32:57,1112,Jonas,Buud,M,43.0,SWE
2017,13.0,18:44:56,1124,Elov,Olsson,M,27.0,SWE
2017,14.0,19:29:10,1169,Dominick,Layfield,M,45.0,CA
2017,15.0,19:31:30,1171,Cat,Bradley,F,23.0,CO
2017,16.0,19:46:15,1186,Erik,Clavery,M,37.0,FRA
2017,17.0,19:49:15,1189,Magdalena,Boulet,F,43.0,CA
2017,18.0,19:53:37,1193,Davide,Grazielli,M,42.0,ITA
2017,19.0,19:55:14,1195,Zachary,Szablewski,M,27.0,WA
2017,20.0,20:09:50,1209,Jesse,Lang,M,32.0,WA
2017,21.0,20:11:41,1211,Sabrina,Stanley,F,27.0,CO
2017,22.0,20:23:49,1223,Jared,Burdick,M,30.0,NY
2017,23.0,20:46:55,1246,Kaytlyn,Gerbin,F,28.0,WA
2017,24.0,20:51:27,1251,Fiona,Hayvice,F,41.0,NZL
2017,25.0,21:00:52,1260,Nicole,Kalogeropoulos,F,35.0,TX
2017,26.0,21:02:54,1262,Jeremy,Wolf,M,37.0,WA
2017,27.0,21:07:23,1267,Jacqueline,Merritt,F,29.0,GA
2017,28.0,21:38:20,1298,Ryan,Kaiser,M,38.0,OR
2017,29.0,21:38:39,1298,Katsutoshi,Saijo,M,43.0,JPN
2017,30.0,21:40:30,1300,James,Player,M,44.0,CA
2017,31.0,21:49:13,1309,Dan,Barger,M,51.0,CA
2017,32.0,21:50:32,1310,Ildiko,Wermescher,F,52.0,HUN
2017,33.0,21:57:09,1317,Meghan,Canfield,F,56.0,CA
2017,34.0,22:15:53,1335,Xiaolin,Wang,M,41.0,CHN
2017,35.0,22:16:48,1336,Lon,Freeman,M,42.0,CA
2017,36.0,22:31:45,1351,Andrea,Huser,F,43.0,CHE
2017,37.0,22:38:04,1358,Jake,Rankinen,M,32.0,VA
2017,38.0,22:40:22,1360,Kelly,Barber,M,47.0,CA
2017,39.0,22:43:52,1363,Leif,Van Acker,M,22.0,VA
2017,40.0,22:44:20,1364,Mallory,Richard,F,32.0,MB
2017,41.0,22:46:54,1366,John,Horns,M,54.0,MN
2017,42.0,22:48:07,1368,Alexandre,Tilmant,M,47.0,NY
2017,43.0,22:50:11,1370,Alex,Brennwald,M,34.0,CHE
2017,44.0,22:50:43,1370,Michael,Ohler,M,47.0,DEU
2017,45.0,22:50:52,1370,Gary,Geist,M,51.0,OR
2017,46.0,22:52:26,1372,Stephanie,Howe Violett,F,33.0,OR
2017,47.0,22:56:16,1376,Michael,Wardian,M,43.0,VA
2017,48.0,22:58:30,1378,Kim,Espat,M,32.0,CA
2017,49.0,22:59:10,1379,Elijah,Flenner,M,43.0,CO
2017,50.0,23:02:12,1382,Sebastien,Roulier,M,43.0,QC
2017,51.0,23:03:11,1383,Jeff,Ball,M,28.0,TX
2017,52.0,23:07:13,1387,Ted,Bross,M,27.0,OH
2017,53.0,23:11:51,1391,John,Andersen,M,41.0,VA
2017,54.0,23:14:48,1394,Mario,Diego,M,43.0,CA
2017,55.0,23:15:38,1395,Thomas,Lorblanchet,M,37.0,FRA
2017,56.0,23:19:08,1399,Ian,Seabury,M,27.0,CA
2017,57.0,23:20:06,1400,Jonathan,Faryadi,M,28.0,NC
2017,58.0,23:22:31,1402,Chris,Mocko,M,31.0,CA
2017,59.0,23:23:18,1403,Gregory,Pace,M,39.0,CA
2017,60.0,23:23:35,1403,Peter,Dawson,M,37.0,CA
2017,61.0,23:27:50,1407,Josef,Hoelscher,M,34.0,CO
2017,62.0,23:28:16,1408,Karl,Hoagland,M,52.0,CA
2017,63.0,23:33:16,1413,Lewis,Hayden,M,43.0,MI
2017,64.0,23:34:54,1414,Matt,Zuchetto,M,42.0,WA
2017,65.0,23:37:30,1417,Kent,Ryhorchuk,M,42.0,CA
2017,66.0,23:37:56,1417,Jordi,Moncada,M,41.0,CA
2017,67.0,23:42:09,1422,Cristobal,Forno,M,35.0,CHL
2017,68.0,23:42:18,1422,Matthew,Zabriskie,M,30.0,UT
2017,69.0,23:42:49,1422,Kristy,McBride,F,31.0,MI
2017,70.0,23:42:51,1422,Mandie,Holmes,F,31.0,CA
2017,71.0,23:46:12,1426,Paulo,Medina,M,33.0,CA
2017,72.0,23:49:08,1429,Richard,Snipes,M,42.0,CA
2017,73.0,23:49:54,1429,Angel,Ochoa,M,29.0,AZ
2017,74.0,23:55:05,1435,Andrew,Stevens,M,40.0,GBR
2017,75.0,23:55:22,1435,Philip,Sanderson,M,49.0,CA
2017,76.0,23:58:25,1438,Stephanie,Case,F,35.0,CHE
2017,77.0,24:02:18,1442,Kaci,Lickteig,F,30.0,NE
2017,78.0,24:10:02,1450,Gareth,Williams,M,36.0,AB
2017,79.0,24:36:58,1476,Jeremy,Lucier,M,32.0,VA
2017,80.0,24:48:09,1488,Nic,Errol,M,31.0,GBR
2017,81.0,24:52:21,1492,Eddie,Schmidt,M,53.0,CA
2017,82.0,24:55:17,1495,Sean,Greaney,M,36.0,CT
2017,83.0,25:04:04,1504,Chad,Lasater,M,45.0,TX
2017,84.0,25:05:14,1505,Joshua,Nichols,M,29.0,MI
2017,85.0,25:06:06,1506,David,Harvey,M,33.0,GBR
2017,86.0,25:09:50,1509,Suzi,Swinehart,F,45.0,IN
2017,87.0,25:14:20,1514,Patrick,Meskell,M,52.0,CA
2017,88.0,25:16:24,1516,Gregory,Shumavon,M,42.0,OR
2017,89.0,25:25:54,1525,Emily,Harrison,F,31.0,AZ
2017,90.0,25:31:45,1531,Jason,Chidester,M,39.0,GA
2017,91.0,25:38:46,1538,Virgil,Bretz,M,45.0,NY
2017,92.0,25:48:47,1548,Alondra,Moody,F,40.0,TN
2017,93.0,25:49:00,1549,Todd,Boese,M,33.0,CA
2017,94.0,25:50:07,1550,Tremayne,Cowdry,M,43.0,GBR
2017,95.0,25:56:55,1556,Dana,Anderson,F,34.0,UT
2017,96.0,26:01:00,1561,Weifeng,Zhang,M,41.0,CHN
2017,97.0,26:03:17,1563,Franz,Dill,M,41.0,CA
2017,98.0,26:08:30,1568,Richard,Hensser,M,53.0,TX
2017,99.0,26:08:48,1568,Greg,Bargo,M,34.0,FL
2017,100.0,26:09:27,1569,Shavinder,Singh,M,39.0,CA
2017,101.0,26:11:19,1571,Troy,Dzioba,M,45.0,AB
2017,102.0,26:17:33,1577,Sean,Nowak,M,41.0,KEN
2017,103.0,26:18:22,1578,David,Dirito,M,36.0,NC
2017,104.0,26:22:23,1582,Robin,Young,F,27.0,CA
2017,105.0,26:24:18,1584,Tomas,Tencer,M,40.0,SVK
2017,106.0,26:31:45,1591,Robert,Gierula,M,53.0,POL
2017,107.0,26:34:17,1594,Daniel,Evans,M,39.0,CO
2017,108.0,26:39:52,1599,Jess,Mullen,F,42.0,WA
2017,109.0,26:40:00,1600,Maddy,McCarthy,F,33.0,MA
2017,110.0,26:45:41,1605,West,Bourgault,M,40.0,CA
2017,111.0,26:46:02,1606,Dan,Mcintyre,M,50.0,TX
2017,112.0,26:46:09,1606,Bob,Gerenz,M,49.0,CO
2017,113.0,26:46:20,1606,Ron,Hammett,M,47.0,NV
2017,114.0,26:48:02,1608,Yuri,Lane,M,41.0,CA
2017,115.0,26:48:03,1608,David,Binder,M,49.0,CA
2017,116.0,26:51:38,1611,Stephen,England,M,37.0,NY
2017,117.0,27:01:32,1621,Robert,Scott,M,47.0,CA
2017,118.0,27:02:42,1622,Eric,Johnson,M,51.0,CA
2017,119.0,27:05:27,1625,Jason,Donaldson,M,35.0,OR
2017,120.0,27:07:52,1627,Katie,Wallace,F,34.0,CA
2017,121.0,27:11:21,1631,Paul,Huggins,M,42.0,TX
2017,122.0,27:14:00,1634,Jason,Mintz,M,37.0,NY
2017,123.0,27:17:15,1637,Kuni,Yamagata,M,64.0,CA
2017,124.0,27:22:13,1642,Maggie,Guterl,F,36.0,PA
2017,125.0,27:23:10,1643,Ronald,Green,M,49.0,MD
2017,126.0,27:29:11,1649,Mark,Lantz,M,51.0,CA
2017,127.0,27:34:33,1654,Chris,Perillo,M,47.0,CA
2017,128.0,27:36:34,1656,Graham,Melvin,M,36.0,WA
2017,129.0,27:37:06,1657,Luke,Laga,M,40.0,WI
2017,130.0,27:37:20,1657,David,Iler,M,40.0,TX
2017,131.0,27:37:29,1657,Michael,Courtney,M,33.0,NZL
2017,132.0,27:37:33,1657,Randy,Troyer,M,52.0,IN
2017,133.0,27:41:04,1661,Joel,Frost-Tift,M,29.0,CA
2017,134.0,27:42:08,1662,John,Jenkins III,M,43.0,NJ
2017,135.0,27:42:56,1662,Phil,Atkinson,M,44.0,WY
2017,136.0,27:44:29,1664,Stephanie,Dempsey,F,40.0,VA
2017,137.0,27:46:35,1666,Nicholas,Balbach,M,35.0,IN
2017,138.0,27:47:54,1667,Steven,Labranche,M,43.0,CT
2017,139.0,27:48:50,1668,Matthew,Searfus,M,44.0,OR
2017,140.0,27:49:43,1669,Tj,Jeannette,M,42.0,MN
2017,141.0,27:49:59,1669,Cindy,Stonesmith,F,53.0,CO
2017,142.0,27:50:25,1670,John,Nichols,M,52.0,CA
2017,143.0,27:50:52,1670,Nicholas,Banaszak,M,30.0,CA
2017,144.0,27:51:17,1671,Alex,Massey,M,29.0,AUS
2017,145.0,27:51:46,1671,John,Fegyveresi,M,40.0,VT
2017,146.0,27:53:21,1673,Ashley,Truan,F,34.0,MI
2017,147.0,27:59:06,1679,Andrew,Gzybowski,M,35.0,CO
2017,148.0,28:03:21,1683,Matt,Provencher,M,27.0,CA
2017,149.0,28:05:33,1685,Sam,Patterson,M,43.0,CA
2017,150.0,28:06:20,1686,Melissa,Johnson,F,41.0,CA
2017,151.0,28:08:10,1688,Marc,Teismann,M,35.0,UT
2017,152.0,28:08:24,1688,Kristin,Gustafsson,F,48.0,CA
2017,153.0,28:13:05,1693,Pedro,Martinez,M,31.0,CA
2017,154.0,28:13:46,1693,Andrea,Gautschi,F,45.0,CA
2017,155.0,28:13:54,1693,Johanna,Blanchard,F,32.0,OR
2017,156.0,28:13:55,1693,Genia,Kacey-McKnight,F,41.0,WA
2017,157.0,28:14:40,1694,David,Aguayo,M,41.0,CA
2017,158.0,28:14:48,1694,Gary,Wang,M,49.0,CA
2017,159.0,28:16:16,1696,Geoff,Evison,M,51.0,AUS
2017,160.0,28:16:21,1696,Jim,Roche,M,48.0,NC
2017,161.0,28:17:29,1697,Kevin,Patja,M,41.0,CA
2017,162.0,28:18:32,1698,Gregory,Lynch,M,49.0,CA
2017,163.0,28:22:03,1702,Dale,Hawkins,M,43.0,CO
2017,164.0,28:25:48,1705,Pete,Coleman,M,43.0,GA
2017,165.0,28:25:51,1705,Ron,Delozier,M,39.0,OH
2017,166.0,28:28:11,1708,Emily,Clay,F,27.0,MD
2017,167.0,28:31:23,1711,Chris,Jones,M,45.0,CA
2017,168.0,28:31:32,1711,John,Lacroix,M,35.0,CO
2017,169.0,28:31:50,1711,David,Leeke,M,40.0,CA
2017,170.0,28:32:55,1712,Brent,Colwell,M,39.0,IN
2017,171.0,28:33:08,1713,James,Whipple,M,39.0,CT
2017,172.0,28:35:12,1715,Adam,Stepanovic,M,33.0,CA
2017,173.0,28:35:44,1715,Michael,Dehaye,M,47.0,AL
2017,174.0,28:35:54,1715,Alyson,Jay,F,38.0,AZ
2017,175.0,28:35:58,1715,Jamie,Nott,M,42.0,AB
2017,176.0,28:36:17,1716,Jordan,Cravens,M,23.0,IN
2017,177.0,28:40:12,1720,Troy,Windsor,M,49.0,CA
2017,178.0,28:40:42,1720,Michael,Chu,M,34.0,NY
2017,179.0,28:42:02,1722,Andrew,Ewing,M,39.0,CA
2017,180.0,28:42:11,1722,Jason,Moriarty,M,33.0,CA
2017,181.0,28:42:30,1722,Gary,Klein,M,51.0,CA
2017,182.0,28:44:12,1724,Kenneth,Gregorich,M,58.0,CA
2017,183.0,28:44:14,1724,Eric,Geidel,M,39.0,DEU
2017,184.0,28:44:28,1724,Charles,Humphrey III,M,40.0,NC
2017,185.0,28:48:14,1728,David,Files,M,42.0,IL
2017,186.0,28:48:34,1728,Charley,Jones,M,45.0,CA
2017,187.0,28:51:07,1731,Keith,Blom,M,60.0,CA
2017,188.0,28:51:33,1731,Kevin,Harris,M,39.0,ZAF
2017,189.0,28:52:33,1732,Petr,Hruby,M,43.0,CZE
2017,190.0,28:52:48,1732,Thomas,Wong,M,47.0,NJ
2017,191.0,28:54:32,1734,Brent,Abbott,M,34.0,CO
2017,192.0,28:55:39,1735,Sarah,Keyes,F,32.0,NY
2017,193.0,28:56:41,1736,Paul,Grimes,M,42.0,CA
2017,194.0,28:57:45,1737,Rebecca,Watters,F,31.0,GA
2017,195.0,28:58:10,1738,Kelly,Valentine,F,39.0,CA
2017,196.0,28:58:40,1738,Joel,Tapley,M,49.0,GA
2017,197.0,29:00:13,1740,Luis,Barrios,M,52.0,FL
2017,198.0,29:03:10,1743,Mikiko,Yatsuhashi,F,41.0,JPN
2017,199.0,29:04:27,1744,Kevin,Niksich,M,43.0,GA
2017,200.0,29:05:00,1745,Scott,Thomsen,M,36.0,CA
2017,201.0,29:05:12,1745,Peter,Brewer,M,54.0,OR
2017,202.0,29:07:53,1747,Peter,Coyle,M,51.0,GBR
2017,203.0,29:08:27,1748,John,Pollard,M,36.0,GA
2017,204.0,29:09:17,1749,Sean,Hensley,M,44.0,OH
2017,205.0,29:11:16,1751,Wilson,Frazier,M,44.0,KY
2017,206.0,29:11:49,1751,Craig,Thornley,M,53.0,CA
2017,207.0,29:13:15,1753,Pete,Wright,M,44.0,GBR
2017,208.0,29:15:50,1755,Bill,Thompson,M,51.0,PA
2017,209.0,29:17:07,1757,Charlotte,Smith,F,42.0,GBR
2017,210.0,29:20:22,1760,Mariano,Pontillas,M,43.0,CA
2017,211.0,29:20:50,1760,Charles,Christopher,M,43.0,NC
2017,212.0,29:22:09,1762,Marie,Donovan,F,39.0,NV
2017,213.0,29:24:15,1764,Brian,Pfister,M,45.0,IL
2017,214.0,29:24:36,1764,Brian,Robinson,M,55.0,CA
2017,215.0,29:24:51,1764,Alan,Barichievich,M,50.0,CA
2017,216.0,29:24:51,1764,Caroline,Barichievich,F,45.0,CA
2017,217.0,29:25:50,1765,Rick,Rawls,M,46.0,AL
2017,218.0,29:25:55,1765,Craig,Jordan,M,54.0,ARE
2017,219.0,29:26:00,1766,Jimmy,Brown,M,47.0,NE
2017,220.0,29:26:42,1766,Keisuke,Tanaka,M,35.0,JPN
2017,221.0,29:27:09,1767,Conan,Blakemore,M,34.0,CO
2017,222.0,29:27:15,1767,Alan,Reynolds,M,50.0,CA
2017,223.0,29:29:15,1769,Rick,Gaston,M,45.0,CA
2017,224.0,29:29:28,1769,Christian,Beck,M,45.0,OR
2017,225.0,29:29:51,1769,John,McKune,M,41.0,CA
2017,226.0,29:30:40,1770,Joey,Tajan,M,32.0,CA
2017,227.0,29:30:53,1770,Deano,Montreuil,M,49.0,GA
2017,228.0,29:33:02,1773,James,Baca,M,46.0,MO
2017,229.0,29:33:08,1773,Steve,Chambers,M,37.0,CO
2017,230.0,29:33:34,1773,Travis,McWhorter,M,30.0,NM
2017,231.0,29:34:16,1774,Paul,Grove,M,39.0,WA
2017,232.0,29:35:53,1775,Andrew,Chapello,M,28.0,CA
2017,233.0,29:36:14,1776,Willem,Van Dam,M,54.0,CA
2017,234.0,29:36:14,1776,Andy,Black,M,59.0,CA
2017,235.0,29:37:41,1777,Julie,Seydel,F,50.0,CO
2017,236.0,29:38:02,1778,Chloe,Romero,F,26.0,CA
2017,237.0,29:38:45,1778,Jeffery,Lung,M,38.0,IL
2017,238.0,29:39:31,1779,Charles,West,M,48.0,NC
2017,239.0,29:40:46,1780,Geoffrey,Foote,M,49.0,AZ
2017,240.0,29:41:37,1781,Thomas,Peterson,M,56.0,PA
2017,241.0,29:44:51,1784,Scott,Mills,M,66.0,CA
2017,242.0,29:45:07,1785,Lourdes,Gutierrez-Kellam,F,49.0,AB
2017,243.0,29:45:08,1785,Patrick,Grengs,M,52.0,WA
2017,244.0,29:47:41,1787,Sean,Grove,M,44.0,CA
2017,245.0,29:49:28,1789,Hector,Reyes,M,34.0,CO
2017,246.0,29:52:55,1792,Steven,Macdonald,M,50.0,TX
2017,247.0,29:59:07,1799,Lance,Gilbert,M,61.0,CA
2017,248.0,29:59:51,1799,Karen,Bonnett-Natraj,F,61.0,CA
2018,1.0,14:30:04,870,Jim,Walmsley,M,28.0,AZ
2018,2.0,15:54:53,954,Francois,Dhaene,M,32.0,FRA
2018,3.0,16:08:59,968,Mark,Hammond,M,33.0,UT
2018,4.0,16:23:32,983,Ian,Sharman,M,37.0,OR
2018,5.0,16:45:29,1005,Jeff,Browning,M,46.0,UT
2018,6.0,16:54:23,1014,Kyle,Pietari,M,31.0,CO
2018,7.0,16:54:49,1014,Cody,Reed,M,26.0,AZ
2018,8.0,16:59:17,1019,Charlie,Ware,M,32.0,AZ
2018,9.0,17:09:39,1029,Paul,Giblin,M,40.0,GBR
2018,10.0,17:20:09,1040,Kris,Brown,M,29.0,CA
2018,11.0,17:26:40,1046,Zach,Bitter,M,32.0,AZ
2018,12.0,17:27:00,1047,Courtney,Dauwalter,F,33.0,CO
2018,13.0,17:33:10,1053,Adam,Kimble,M,31.0,CA
2018,14.0,18:06:28,1086,Tim,Freriks,M,27.0,AZ
2018,15.0,18:15:04,1095,Jonathan,Thery,M,33.0,FRA
2018,16.0,18:33:11,1113,Mario,Mendoza,M,32.0,OR
2018,17.0,18:34:05,1114,Erik,Clavery,M,38.0,FRA
2018,18.0,18:40:19,1120,Kaytlyn,Gerbin,F,29.0,WA
2018,19.0,18:52:27,1132,Masazumi,Fujioka,M,46.0,WA
2018,20.0,18:59:45,1139,Lucy,Bartholomew,F,22.0,AUS
2018,21.0,19:00:59,1140,Michael,Owen,M,29.0,OH
2018,22.0,19:17:59,1157,Amanda,Basham,F,28.0,UT
2018,23.0,19:27:22,1167,John,Fitzgerald,M,30.0,MT
2018,24.0,19:28:26,1168,Jesse,Haynes,M,45.0,CA
2018,25.0,19:31:50,1171,Coree,Woltering,M,28.0,IL
2018,26.0,19:40:48,1180,Kenneth,Ringled,M,37.0,CA
2018,27.0,19:42:55,1182,Cecilia,Flori,F,37.0,NZL
2018,28.0,19:44:33,1184,Joel,Meredith,M,44.0,TN
2018,29.0,19:46:04,1186,Stephanie,Howe Violett,F,34.0,OR
2018,30.0,19:46:57,1186,Camelia,Mayfield,F,25.0,OR
2018,31.0,19:58:17,1198,Aliza,Lapierre,F,38.0,VT
2018,32.0,20:01:06,1201,Corrine,Malcolm,F,28.0,WA
2018,33.0,20:04:38,1204,Kate,Elliott,F,32.0,CA
2018,34.0,20:17:10,1217,Stephen,Redfern,M,46.0,AUS
2018,35.0,20:22:04,1222,Florian,Neuschwander,M,37.0,DEU
2018,36.0,20:26:31,1226,Alex,Ho,M,34.0,CA
2018,37.0,20:27:17,1227,Lecomte,Emilie,F,39.0,FRA
2018,38.0,20:28:08,1228,Brian,Oestrike,M,38.0,NY
2018,39.0,20:36:22,1236,Nick,Presniakov,M,38.0,CA
2018,40.0,20:40:25,1240,Michael,Cordsen,M,37.0,CA
2018,41.0,20:46:37,1246,Lee,Cordova,M,31.0,CO
2018,42.0,20:48:56,1248,Kaci,Lickteig,F,31.0,NE
2018,43.0,20:52:03,1252,Karl,Meltzer,M,50.0,UT
2018,44.0,20:55:29,1255,Chen,Guohui,M,32.0,CHN
2018,45.0,20:59:06,1259,Ailsa,Macdonald,F,37.0,AB
2018,46.0,20:59:17,1259,Paige,Pattillo,F,29.0,WA
2018,47.0,21:22:08,1282,Jasmine,Chiaramonte,F,42.0,PA
2018,48.0,21:27:35,1287,Rob,Houghton,M,61.0,CA
2018,49.0,21:30:53,1290,Katherine,Macmillan,F,40.0,AUS
2018,50.0,21:34:30,1294,Lon,Freeman,M,43.0,CA
2018,51.0,21:46:47,1306,Robert,Hackel,M,40.0,SWE
2018,52.0,21:50:42,1310,Dan,Barger,M,52.0,CA
2018,53.0,21:50:57,1310,Finn,Melanson,M,26.0,UT
2018,54.0,21:53:18,1313,Nicole,Kalogeropoulos,F,36.0,AZ
2018,55.0,21:53:21,1313,John,Burton,M,45.0,CA
2018,56.0,21:53:30,1313,Nathan,Leehman,M,44.0,NC
2018,57.0,21:53:44,1313,Ricky,Roane,M,35.0,CA
2018,58.0,21:57:05,1317,Nathan,Toben,M,33.0,NC
2018,59.0,22:04:04,1324,Johnny,Clemons,M,41.0,TN
2018,60.0,22:05:11,1325,Franz,Dill,M,42.0,CA
2018,61.0,22:09:10,1329,Jared,Byrd,M,34.0,MD
2018,62.0,22:14:34,1334,Philip,Sanderson,M,50.0,CA
2018,63.0,22:16:49,1336,Meghan,Canfield,F,57.0,CA
2018,64.0,22:27:50,1347,Ben,Vanhoose,M,36.0,MI
2018,65.0,22:28:50,1348,Bill,Clements,M,39.0,CA
2018,66.0,22:40:08,1360,Theoharis,Lezpouridis,M,35.0,GRC
2018,67.0,22:41:33,1361,Annie,Rutledge,F,38.0,NV
2018,68.0,22:42:02,1362,Brandon,Dase,M,42.0,UT
2018,69.0,22:42:49,1362,Vicent,Acosta Frances,M,35.0,ESP
2018,70.0,22:44:26,1364,Pam,Smith,F,43.0,OR
2018,71.0,22:45:37,1365,Brett,Hornig,M,26.0,OR
2018,72.0,22:49:26,1369,Peter,Broomhall,M,39.0,CA
2018,73.0,22:50:53,1370,Torsten,Heycke,M,59.0,OR
2018,74.0,22:53:44,1373,Johan,Steene,M,44.0,SWE
2018,75.0,22:55:03,1375,Devin,Featherstone,M,33.0,AB
2018,76.0,22:55:49,1375,Sean,O'Connor,M,38.0,NJ
2018,77.0,22:58:08,1378,Rachel,Kelley,F,38.0,NC
2018,78.0,23:00:38,1380,Eric,Senseman,M,29.0,AZ
2018,79.0,23:09:16,1389,Joe,Blanchard,M,36.0,OR
2018,80.0,23:12:35,1392,Sean,Nowak,M,42.0,KEN
2018,81.0,23:13:11,1393,Christopher,Moore,M,32.0,VA
2018,82.0,23:14:06,1394,Andy,Hamilton,M,54.0,OR
2018,83.0,23:14:58,1394,Chris,Eide,M,42.0,CA
2018,84.0,23:16:57,1396,Grant,Guthrie,M,26.0,OH
2018,85.0,23:19:15,1399,Frank,Morris,M,36.0,WA
2018,86.0,23:21:12,1401,Peter,Diak,M,39.0,MD
2018,87.0,23:21:46,1401,Ted,Davison,M,46.0,TX
2018,88.0,23:22:07,1402,Clark,Hind,M,28.0,GBR
2018,89.0,23:24:08,1404,Richard,Turgeon,M,52.0,QC
2018,90.0,23:24:34,1404,Zachary,Miller,M,27.0,TX
2018,91.0,23:25:43,1405,Matt,Beard,M,42.0,WA
2018,92.0,23:25:58,1405,Patrick,Montoya,M,33.0,OR
2018,93.0,23:26:55,1406,Trevor,Baine,M,36.0,DC
2018,94.0,23:29:58,1409,Matt,Smith,M,39.0,TX
2018,95.0,23:33:04,1413,Todd,Hlasney,M,45.0,KS
2018,96.0,23:33:22,1413,Jamie,Hobbs,M,43.0,NY
2018,97.0,23:33:32,1413,Michael,Henson,M,43.0,WA
2018,98.0,23:33:42,1413,Johann Peter,Santer,M,41.0,AUT
2018,99.0,23:35:44,1415,Jiro,Ishiduka,M,39.0,CA
2018,100.0,23:35:52,1415,Nicki,Mcpeak,M,42.0,IRL
2018,101.0,23:36:51,1416,Kevin,Skiles,M,44.0,CA
2018,102.0,23:37:16,1417,Richard,Heath,M,46.0,GBR
2018,103.0,23:39:16,1419,Paul,Heffernan,M,44.0,WA
2018,104.0,23:40:12,1420,Luke,Dumonthier,M,35.0,CA
2018,105.0,23:40:42,1420,Ian,Mortimer,M,42.0,BC
2018,106.0,23:41:24,1421,Preston,Wood,M,30.0,UT
2018,107.0,23:42:45,1422,Andreas,Claesson,M,38.0,NOR
2018,108.0,23:43:12,1423,Jay,Marsh,M,55.0,CA
2018,109.0,23:43:20,1423,Kyle,Rodemacher,M,43.0,TX
2018,110.0,23:43:27,1423,Will,Hayward,M,50.0,HKG
2018,111.0,23:44:25,1424,Jeffrey,Miller,M,44.0,TX
2018,112.0,23:44:34,1424,Eric,Nelson,M,43.0,UT
2018,113.0,23:44:50,1424,Patrick,Meskell,M,53.0,CA
2018,114.0,23:46:27,1426,Mike,Sears,M,35.0,CA
2018,115.0,23:46:46,1426,Paul,Higgins,M,48.0,IRL
2018,116.0,23:47:19,1427,Amy,Macintire,F,31.0,TN
2018,117.0,23:47:27,1427,John,Zerbe,M,50.0,CA
2018,118.0,23:47:28,1427,Matthew,Maday,M,44.0,BGR
2018,119.0,23:51:46,1431,Karl,Hoagland,M,53.0,CA
2018,120.0,23:51:57,1431,Mike,Weigand,M,44.0,VT
2018,121.0,23:52:56,1432,Diana,Fitzpatrick,F,60.0,CA
2018,122.0,23:54:13,1434,David,Huss,M,34.0,WA
2018,123.0,23:54:36,1434,Chris,Kumm,M,33.0,CO
2018,124.0,24:16:50,1456,Chris,Jacobson,M,40.0,AUS
2018,125.0,24:31:40,1471,Todd,Vogel,M,54.0,CA
2018,126.0,24:33:06,1473,Bradley,Fenner,M,53.0,CA
2018,127.0,24:38:50,1478,Ed,Fisher,M,29.0,GBR
2018,128.0,24:45:17,1485,Rhea,Loney,F,35.0,LA
2018,129.0,24:55:06,1495,Mandie,Holmes,F,32.0,CA
2018,130.0,24:56:00,1496,Adam,Waites,M,45.0,AUS
2018,131.0,25:10:26,1510,Hernan,De Lahitte,M,52.0,ARG
2018,132.0,25:11:15,1511,Anna,Hailey,F,38.0,TX
2018,133.0,25:15:03,1515,Tim,Spaulding,M,38.0,VA
2018,134.0,25:15:39,1515,Paul-Michael,Sosa,M,35.0,CA
2018,135.0,25:16:56,1516,Yuichiro,Hidaka,M,39.0,NM
2018,136.0,25:17:31,1517,Katrin,Silva,F,47.0,NM
2018,137.0,25:23:18,1523,Stuart,Hughes,M,47.0,AUS
2018,138.0,25:25:42,1525,Sara,Davidson,F,35.0,MD
2018,139.0,25:27:05,1527,Fiona,Hayvice,F,42.0,NZL
2018,140.0,25:28:38,1528,Jenelle,Potvin,F,39.0,CA
2018,141.0,25:32:23,1532,Juan,Parra,M,52.0,CA
2018,142.0,25:36:03,1536,Conrado,Bermudez,M,45.0,PHL
2018,143.0,25:40:49,1540,Bob,Shebest,M,44.0,CA
2018,144.0,25:46:14,1546,Lisa,Daane,F,47.0,NV
2018,145.0,25:49:00,1549,Jose,Orillac,M,46.0,PAN
2018,146.0,25:53:37,1553,Charlotte,Dequeker,F,45.0,CT
2018,147.0,25:53:52,1553,Ted,Knudsen,M,49.0,CA
2018,148.0,25:57:33,1557,Landon,Fenimore,M,39.0,VT
2018,149.0,25:58:27,1558,Mari,Mauland,F,41.0,NOR
2018,150.0,25:58:48,1558,Neil,Feerick,M,43.0,CA
2018,151.0,26:03:17,1563,Jeff,Boutte,M,55.0,CA
2018,152.0,26:04:33,1564,Jon,Christley,M,48.0,AZ
2018,153.0,26:04:50,1564,Bennett,Isabella,M,35.0,MN
2018,154.0,26:06:51,1566,Chad,Bowen,M,34.0,OH
2018,155.0,26:08:10,1568,Tina,Jeon,F,31.0,NY
2018,156.0,26:09:05,1569,Peter,Briggs,M,38.0,CA
2018,157.0,26:13:47,1573,Toni,Gracia,F,37.0,AUS
2018,158.0,26:15:07,1575,Johan,Wikman,M,55.0,CA
2018,159.0,26:15:59,1575,Adam,Walton,M,34.0,PA
2018,160.0,26:19:21,1579,Andy,Blatecky,M,35.0,CO
2018,161.0,26:22:40,1582,Robert,Lawrence,M,33.0,MI
2018,162.0,26:23:27,1583,Eric,Sauer,M,22.0,OR
2018,163.0,26:29:41,1589,Kathleen,Baker,F,40.0,HI
2018,164.0,26:31:34,1591,Nhut,Tran,M,37.0,CA
2018,165.0,26:33:03,1593,Ralf,Elsaesser,M,43.0,CA
2018,166.0,26:33:39,1593,Fabrice,Perrin,M,46.0,FRA
2018,167.0,26:34:52,1594,Jonathan,Brayton,M,41.0,CA
2018,168.0,26:40:13,1600,Brad,Hinton,M,42.0,VA
2018,169.0,26:41:16,1601,Andy,Starostka,M,50.0,NV
2018,170.0,26:44:11,1604,Tim,Grant,M,40.0,ON
2018,171.0,26:49:05,1609,Kristen,Brace,F,42.0,AUS
2018,172.0,26:51:23,1611,Tiemo,Arndt,M,39.0,DEU
2018,173.0,26:54:00,1614,Jason,Haddock,M,48.0,CO
2018,174.0,26:56:57,1616,Bob,Callahan,M,58.0,CA
2018,175.0,26:58:20,1618,Jose Carlos,Sarmiento,M,36.0,GTM
2018,176.0,27:00:26,1620,Jenny,Welch,F,36.0,CA
2018,177.0,27:03:58,1623,Amie,Blackham,F,39.0,UT
2018,178.0,27:05:48,1625,Adam,Takacs,M,38.0,ON
2018,179.0,27:07:18,1627,Dean,Karnazes,M,55.0,CA
2018,180.0,27:13:07,1633,Joe,Cooper,M,38.0,TX
2018,181.0,27:13:24,1633,David,Lee,M,48.0,CA
2018,182.0,27:14:23,1634,David,Odell,M,51.0,CA
2018,183.0,27:14:37,1634,Craig,Companion,M,47.0,WA
2018,184.0,27:15:53,1635,Michael,Fisher,M,47.0,MI
2018,185.0,27:16:11,1636,Patrick,Gallagher,M,42.0,FL
2018,186.0,27:18:51,1638,Andrew,Featherstone,M,46.0,WI
2018,187.0,27:22:55,1642,Christopher,Dalton,M,32.0,CA
2018,188.0,27:27:30,1647,Derek,Dowell,M,35.0,LA
2018,189.0,27:28:06,1648,Paul,Schwartz,M,50.0,CA
2018,190.0,27:37:22,1657,Anders,Noren,M,46.0,SWE
2018,191.0,27:37:50,1657,Lori,Foringer,F,45.0,OH
2018,192.0,27:45:47,1665,Deno,Dean,M,50.0,CA
2018,193.0,27:47:27,1667,Scott,Mills,M,67.0,CA
2018,194.0,27:53:17,1673,Andy,Stallings,M,38.0,OR
2018,195.0,27:58:22,1678,Brett,Standring,M,46.0,AUS
2018,196.0,28:00:03,1680,Jovencio,Luspian,M,37.0,PHL
2018,197.0,28:01:57,1681,David,Bowers,M,45.0,CA
2018,198.0,28:02:57,1682,Mark,Smith,M,39.0,MN
2018,199.0,28:03:32,1683,Nelson,Medeiros,M,43.0,CA
2018,200.0,28:06:02,1686,David,Pharr,M,34.0,TN
2018,201.0,28:11:54,1691,Mike,Wilkinson,M,46.0,CO
2018,202.0,28:15:53,1695,Keith,Straw,M,63.0,PA
2018,203.0,28:16:42,1696,Kim,Kortz,F,53.0,CA
2018,204.0,28:20:24,1700,Daniel,Goeckermann,M,37.0,WI
2018,205.0,28:20:32,1700,Matt,Simmons,M,43.0,AZ
2018,206.0,28:21:33,1701,Chad,Bailey,M,40.0,TX
2018,207.0,28:24:27,1704,Tom,James,M,38.0,AUS
2018,208.0,28:24:51,1704,Harris,Brenner,M,44.0,PA
2018,209.0,28:25:35,1705,Mitchell,McLaughlin,M,20.0,CA
2018,210.0,28:28:48,1708,Shaun,Woody,M,40.0,CA
2018,211.0,28:29:24,1709,Christopher,Errecart,M,43.0,CA
2018,212.0,28:33:20,1713,Julieann,Storm,F,51.0,CA
2018,213.0,28:34:40,1714,Van,Patterson,M,43.0,AZ
2018,214.0,28:35:36,1715,Russell,Evans,M,41.0,AUS
2018,215.0,28:36:02,1716,Alan,Johnson,M,54.0,NJ
2018,216.0,28:36:20,1716,James,Catron,M,43.0,TX
2018,217.0,28:36:56,1716,Traci,Falbo,F,46.0,IN
2018,218.0,28:37:53,1717,Steven,Brown,M,41.0,IN
2018,219.0,28:38:40,1718,Sean,Flanagan,M,38.0,CA
2018,220.0,28:39:00,1719,Gina,Harcrow,F,46.0,CO
2018,221.0,28:40:08,1720,Daniel,Barnett,M,55.0,UT
2018,222.0,28:42:40,1722,Stuart,Secker,M,44.0,GBR
2018,223.0,28:44:35,1724,Tim,Hackett,M,51.0,AZ
2018,224.0,28:44:36,1724,Carlos,Paredes,M,36.0,ECU
2018,225.0,28:45:34,1725,Billy,Satterwhite,M,31.0,TX
2018,226.0,28:48:24,1728,Emmanuel,Odebunmi,M,35.0,NY
2018,227.0,28:49:30,1729,Cristiano,Marcelino,M,37.0,BRA
2018,228.0,28:50:05,1730,John,Hampton,M,51.0,CA
2018,229.0,28:51:44,1731,Mariano,Volpedo,M,47.0,CHL
2018,230.0,28:52:49,1732,Jim,Treece,M,49.0,MD
2018,231.0,28:55:35,1735,Casey,Fisher,M,35.0,MD
2018,232.0,28:58:45,1738,Eric,Cuenot,M,43.0,FRA
2018,233.0,28:59:39,1739,Lance,Brady,M,47.0,CA
2018,234.0,29:02:03,1742,Lauren,Pearch,F,33.0,OH
2018,235.0,29:02:06,1742,Charley,Jones,M,46.0,CA
2018,236.0,29:04:37,1744,Christa,Petryszyn,F,36.0,OH
2018,237.0,29:06:12,1746,Alim,Valiev,M,48.0,CA
2018,238.0,29:06:34,1746,Martin,Hack,M,47.0,AUS
2018,239.0,29:06:46,1746,Michael,Randall,M,43.0,CO
2018,240.0,29:07:45,1747,Paul,Berquam,M,45.0,CA
2018,241.0,29:09:41,1749,Paul,Pelletier,M,52.0,CA
2018,242.0,29:09:42,1749,Nicholas,Bassett,M,73.0,WY
2018,243.0,29:11:09,1751,Jennifer,Raby,F,35.0,GA
2018,244.0,29:11:30,1751,Carolyn,Luckett,F,51.0,UT
2018,245.0,29:12:55,1752,Russell,Bennett,M,46.0,OK
2018,246.0,29:15:33,1755,Carolyn,Caskie,F,31.0,ON
2018,247.0,29:15:42,1755,Terry,Eldien,M,47.0,MN
2018,248.0,29:15:52,1755,Stephen,Goetz,M,55.0,IN
2018,249.0,29:16:10,1756,Luis,Osca,M,43.0,ESP
2018,250.0,29:16:46,1756,Michel,Poletti,M,63.0,FRA
2018,251.0,29:17:04,1757,Tim,Schmitt,M,35.0,MI
2018,252.0,29:17:57,1757,Daniel,Crouse,M,41.0,WI
2018,253.0,29:20:50,1760,Sophorn,Choup,F,39.0,PA
2018,254.0,29:21:47,1761,Christopher,Sipe,M,37.0,CO
2018,255.0,29:22:29,1762,Rick,Russell,M,49.0,TX
2018,256.0,29:22:56,1762,Zhenhua,Fan,M,51.0,CA
2018,257.0,29:23:14,1763,Carlo,Rizzo,M,52.0,ITA
2018,258.0,29:23:22,1763,Keith,Pronske,M,58.0,CA
2018,259.0,29:23:23,1763,Nattu,Natraj,M,55.0,CA
2018,260.0,29:24:28,1764,Anthony,Sandoval,M,44.0,CA
2018,261.0,29:26:17,1766,Margaret,Campbell,F,45.0,MD
2018,262.0,29:26:40,1766,Austin,Twietmeyer,M,24.0,CA
2018,263.0,29:27:29,1767,Kai,Yang,M,36.0,CHN
2018,264.0,29:27:50,1767,Kyle,Northrop,M,24.0,VA
2018,265.0,29:28:12,1768,Kurt,Drengler,M,36.0,MN
2018,266.0,29:28:30,1768,Miles,Lilly,M,51.0,OR
2018,267.0,29:28:37,1768,Robert,Carstairs,M,44.0,AB
2018,268.0,29:28:54,1768,David,Wells,M,37.0,OH
2018,269.0,29:29:28,1769,William,Jackson,M,55.0,WI
2018,270.0,29:33:34,1773,Jack,Roy,M,47.0,CA
2018,271.0,29:33:51,1773,Mick,Keane,M,51.0,NV
2018,272.0,29:34:20,1774,Brad,Bishop,M,32.0,CO
2018,273.0,29:34:34,1774,Roger,Curtis,M,56.0,CA
2018,274.0,29:34:35,1774,Patrick,Grengs,M,53.0,WA
2018,275.0,29:36:42,1776,Constance,Wannamaker,F,45.0,TX
2018,276.0,29:38:42,1778,Brent,Robinson,M,37.0,TX
2018,277.0,29:39:10,1779,Timothy,Allen,M,49.0,TX
2018,278.0,29:39:21,1779,Nick,Wathen,M,39.0,VA
2018,279.0,29:39:43,1779,Nile,Sousa,M,64.0,CA
2018,280.0,29:39:48,1779,Samir,Shah,M,44.0,CA
2018,281.0,29:41:24,1781,Erin,Clark,F,41.0,UT
2018,282.0,29:41:36,1781,Keather,Kehoe,F,45.0,CA
2018,283.0,29:41:54,1781,Sarah,Tadlock,F,41.0,CA
2018,284.0,29:42:33,1782,Garry,Sewell,M,57.0,CA
2018,285.0,29:45:03,1785,Kevin,Flannery,M,39.0,CO
2018,286.0,29:45:17,1785,John,Peabody,M,63.0,RI
2018,287.0,29:45:30,1785,Kelly,Motyka,F,43.0,CA
2018,288.0,29:46:37,1786,Jim,Tadel,M,61.0,AR
2018,289.0,29:46:46,1786,David,Elsbernd,M,63.0,OR
2018,290.0,29:47:31,1787,Andrea,M V Ferreira,F,41.0,BRA
2018,291.0,29:47:40,1787,Daniel,Sheehan,M,49.0,VA
2018,292.0,29:48:11,1788,Steve,Klang,M,50.0,CA
2018,293.0,29:49:59,1789,Sarah Kirsty,Williams,F,44.0,GBR
2018,294.0,29:50:23,1790,Val,Zajac,F,33.0,CO
2018,295.0,29:51:21,1791,Heather,Ficke,F,29.0,MD
2018,296.0,29:53:39,1793,Nickolas,Kunder,M,48.0,CA
2018,297.0,29:54:19,1794,Joey,Luther,M,39.0,CO
2018,298.0,29:55:44,1795,Cory,Reese,M,40.0,UT
2018,299.0,29:56:55,1796,Manouch,Shirvanioun,M,56.0,CA
2019,1.0,14:09:28,849,Jim,Walmsley,M,29.0,AZ
2019,2.0,14:26:46,866,Jared,Hazen,M,24.0,AZ
2019,3.0,14:59:44,899,Tom,Evans,M,27.0,GBR
2019,4.0,15:21:36,921,Matt,Daniels,M,31.0,CO
2019,5.0,15:36:12,936,Mark,Hammond,M,34.0,UT
2019,6.0,15:43:50,943,Gediminas,Grinius,M,39.0,LTU
2019,7.0,15:54:15,954,Stephen,Kersh,M,27.0,AZ
2019,8.0,15:54:31,954,Patrick,Reagan,M,32.0,GA
2019,9.0,15:55:06,955,Jeff,Browning,M,47.0,UT
2019,10.0,15:56:13,956,Kyle,Pietari,M,32.0,CO
2019,11.0,16:08:12,968,Ryan,Sandes,M,37.0,ZAF
2019,12.0,16:29:32,989,Chris,Mocko,M,33.0,CO
2019,13.0,16:35:22,995,Kris,Brown,M,30.0,CA
2019,14.0,16:51:32,1011,Tyler,Green,M,35.0,OR
2019,15.0,16:54:14,1014,Ian,Sharman,M,38.0,OR
2019,16.0,17:09:38,1029,Paul,Giblin,M,41.0,GBR
2019,17.0,17:23:25,1043,Clare,Gallagher,F,27.0,CO
2019,18.0,17:25:01,1045,Brian,Condon,M,32.0,CO
2019,19.0,17:34:29,1054,Brittany,Peterson,F,33.0,ID
2019,20.0,17:55:55,1075,Kaci,Lickteig,F,32.0,NE
2019,21.0,18:06:51,1086,Beth,Pascall,F,31.0,GBR
2019,22.0,18:13:31,1093,Camelia,Mayfield,F,27.0,OR
2019,23.0,18:13:33,1093,Kaytlyn,Gerbin,F,30.0,WA
2019,24.0,18:14:57,1094,Steven,Moore,M,51.0,TX
2019,25.0,18:50:57,1130,Hallvard,Schjolberg,M,43.0,NOR
2019,26.0,18:55:14,1135,Nicole,Bitter,F,37.0,AZ
2019,27.0,18:55:58,1135,Andrew,McConnell,M,36.0,AUS
2019,28.0,18:59:08,1139,Kathryn,Drew,F,32.0,BC
2019,29.0,19:09:32,1149,David,Sanderson,M,42.0,CA
2019,30.0,19:26:16,1166,Yassine,Diboun,M,40.0,OR
2019,31.0,19:33:29,1173,Markus,Meinke,M,43.0,DEU
2019,32.0,19:38:43,1178,Jake,Lawrence,M,37.0,MN
2019,33.0,19:42:26,1182,Henri,Lehkonen,M,34.0,HKG
2019,34.0,19:53:38,1193,Addie,Bracy,F,32.0,CO
2019,35.0,20:02:29,1202,Corrine,Malcolm,F,29.0,CA
2019,36.0,20:07:13,1207,Charlie,Ware,M,33.0,AZ
2019,37.0,20:20:18,1220,Gerad,Dean,M,41.0,CA
2019,38.0,20:23:01,1223,Luzia,Buehler,F,37.0,CHE
2019,39.0,20:24:25,1224,Cecilia,Flori,F,38.0,NZL
2019,40.0,20:39:25,1239,David,Laney,M,30.0,OR
2019,41.0,20:49:15,1249,John,Knotts,M,42.0,CO
2019,42.0,20:54:35,1254,Bryan,Hitchcock,M,44.0,AK
2019,43.0,20:55:49,1255,Liz,Canty,F,27.0,AL
2019,44.0,21:06:15,1266,Dan,Barger,M,53.0,CA
2019,45.0,21:07:37,1267,Kent,Green,M,32.0,AZ
2019,46.0,21:13:19,1273,Amber,Weibel,F,41.0,CA
2019,47.0,21:19:43,1279,Lucy,Bartholomew,F,23.0,AUS
2019,48.0,21:30:28,1290,Drew,Adams,M,31.0,ID
2019,49.0,21:33:17,1293,Rudy,Rutemiller,M,27.0,UT
2019,50.0,21:35:30,1295,Chris,Pope,M,39.0,UT
2019,51.0,21:35:42,1295,Michael,Mcknight,M,29.0,UT
2019,52.0,21:36:05,1296,Paolo,Castiglioni,M,50.0,CA
2019,53.0,21:37:37,1297,Chuck,Radford,M,48.0,CO
2019,54.0,21:42:22,1302,Rachel,Kelley,F,39.0,NC
2019,55.0,21:46:17,1306,Troy,Bertram,M,45.0,TX
2019,56.0,21:51:15,1311,Francesca,Canepa,F,47.0,ITA
2019,57.0,21:56:09,1316,Kim,Magnus,F,35.0,BC
2019,58.0,22:00:39,1320,Nathaniel,Couture,M,39.0,NB
2019,59.0,22:08:51,1328,Ray,Sanchez,M,52.0,CA
2019,60.0,22:09:26,1329,Thomas,Robertshaw,M,35.0,HKG
2019,61.0,22:12:03,1332,Carsten,Drilling,M,46.0,CHE
2019,62.0,22:17:28,1337,Dan,Wallis,M,47.0,NV
2019,63.0,22:22:40,1342,Dion,Leonard,M,44.0,AUS
2019,64.0,22:26:10,1346,Eric,Toschi,M,50.0,CA
2019,65.0,22:29:16,1349,David,Theriot,M,44.0,OK
2019,66.0,22:30:28,1350,Vicent,Acosta Frances,M,36.0,ESP
2019,67.0,22:31:32,1351,Jeffrey,Fleitz,M,48.0,IL
2019,68.0,22:33:59,1353,Ammon,Piepgrass,M,42.0,GBR
2019,69.0,22:35:29,1355,Robert,Woolley,M,39.0,AUS
2019,70.0,22:36:24,1356,Ryan,Dotson,M,43.0,WA
2019,71.0,22:36:56,1356,Moriah,Buckley,F,40.0,CA
2019,72.0,22:40:13,1360,Cedric,Chavanne,M,42.0,QC
2019,73.0,22:42:48,1362,Evan,Kimber,M,42.0,CO
2019,74.0,22:44:47,1364,Forrest,Eber,M,41.0,CA
2019,75.0,22:46:02,1366,Adrian,Torres,M,48.0,CA
2019,76.0,22:47:55,1367,Tyler,Curley,M,33.0,UT
2019,77.0,22:48:19,1368,Todd,Hlasney,M,46.0,KS
2019,78.0,22:48:48,1368,Fred,Thompson,M,45.0,MT
2019,79.0,22:50:20,1370,Stuart,Taylor,M,44.0,CA
2019,80.0,22:52:08,1372,Shane,Martin,M,52.0,UT
2019,81.0,22:54:54,1374,Philip,Sanderson,M,51.0,CA
2019,82.0,22:55:10,1375,Simon,Marcil,M,39.0,QC
2019,83.0,22:55:27,1375,Francois,Catteau,M,47.0,FRA
2019,84.0,22:59:59,1379,Grace,Fisher,F,38.0,MD
2019,85.0,23:00:00,1380,Rob,Raguet-Schofield,M,40.0,CO
2019,86.0,23:00:17,1380,Aliza,Lapierre,F,39.0,VT
2019,87.0,23:03:35,1383,Alissa,St Laurent,F,34.0,AB
2019,88.0,23:05:18,1385,Curt,Casazza,M,48.0,CA
2019,89.0,23:09:22,1389,Sean,Nakamura,M,40.0,CA
2019,90.0,23:09:32,1389,Josef,Koch,M,29.0,BEL
2019,91.0,23:13:13,1393,John,Diana,M,50.0,CA
2019,92.0,23:13:32,1393,Jason,Tischer,M,44.0,NC
2019,93.0,23:13:45,1393,Jeffrey,Egolf,M,46.0,CA
2019,94.0,23:14:09,1394,Marie,McNaughton,F,46.0,HKG
2019,95.0,23:15:35,1395,Cris,Francisco,M,40.0,CA
2019,96.0,23:16:27,1396,Carsten,Meyer-Jacob,M,34.0,ON
2019,97.0,23:17:15,1397,Todd,Nott,M,55.0,NE
2019,98.0,23:17:22,1397,Dan,Fish,M,47.0,CA
2019,99.0,23:21:36,1401,Dave,Latourette,M,57.0,WA
2019,100.0,23:21:52,1401,Dan,Williams,M,35.0,TN
2019,101.0,23:23:18,1403,Brandon,Worthington,M,34.0,CO
2019,102.0,23:24:09,1404,Kyle,Dostart,M,33.0,CO
2019,103.0,23:24:59,1404,Tremayne,Cowdry,M,45.0,GBR
2019,104.0,23:26:42,1406,Casey,Osmonovich,M,51.0,AZ
2019,105.0,23:28:05,1408,Patrick,Montoya,M,34.0,OR
2019,106.0,23:28:30,1408,Thiago,Coutinho Moreira,M,37.0,BRA
2019,107.0,23:30:32,1410,Thomas,Øderud,M,40.0,NOR
2019,108.0,23:31:34,1411,Michael,Pullar,M,50.0,NZL
2019,109.0,23:31:45,1411,Chris,Neoh,M,34.0,MA
2019,110.0,23:32:11,1412,Michael,Halovatch,M,40.0,NY
2019,111.0,23:32:43,1412,Michael,Newman,M,43.0,OR
2019,112.0,23:35:34,1415,Will,Cunningham,M,32.0,SC
2019,113.0,23:36:16,1416,Matt,Hawkins,M,46.0,TN
2019,114.0,23:37:13,1417,Kelly,Barber,M,49.0,CA
2019,115.0,23:39:56,1419,Anthony,Peelen,M,39.0,BEL
2019,116.0,23:40:45,1420,Kate,Lukacs,F,34.0,CA
2019,117.0,23:40:49,1420,Hideo,Takuma,M,55.0,JPN
2019,118.0,23:41:09,1421,Aleks,Zids,M,28.0,AUS
2019,119.0,23:43:34,1423,Ted,Bross,M,30.0,CO
2019,120.0,23:43:40,1423,Seth,Lucas,M,37.0,CA
2019,121.0,23:43:57,1423,Martin,Schneekloth,M,48.0,AL
2019,122.0,23:44:21,1424,Annabelle,Stearns,F,48.0,GBR
2019,123.0,23:48:37,1428,Sean,Bowman,M,43.0,CA
2019,124.0,23:49:08,1429,Tony,Verdon,M,40.0,CA
2019,125.0,23:49:15,1429,Tanguy,Brogniart,M,42.0,FRA
2019,126.0,23:49:24,1429,Vu,Tran,M,37.0,CA
2019,127.0,23:49:54,1429,Terry,Grenwelge,M,44.0,CO
2019,128.0,23:52:42,1432,Jonathan,Schwab,M,43.0,OR
2019,129.0,23:54:15,1434,Doug,Richardson,M,44.0,AUS
2019,130.0,23:54:35,1434,Michael,Chamoun,M,36.0,CA
2019,131.0,24:05:00,1445,Andre,Erlank,M,37.0,BC
2019,132.0,24:17:56,1457,Chris,Hendricks,M,41.0,CA
2019,133.0,24:42:42,1482,Julio,Palma,M,37.0,PA
2019,134.0,24:44:28,1484,Paul,Gorman,M,51.0,CA
2019,135.0,24:47:31,1487,Scott,Vosburg,M,49.0,CA
2019,136.0,24:48:42,1488,Mike,Kreaden,M,56.0,CA
2019,137.0,25:00:33,1500,Ryan,Norton,M,45.0,WI
2019,138.0,25:00:47,1500,Dirk,Manley,M,49.0,CA
2019,139.0,25:05:23,1505,Steven,Pack,M,38.0,NY
2019,140.0,25:07:02,1507,Juan Carlos,Morales Rodriguez,M,33.0,MEX
2019,141.0,25:09:16,1509,Willem,Pennings,M,52.0,CA
2019,142.0,25:15:02,1515,Mat,Lounibos,M,45.0,CA
2019,143.0,25:23:03,1523,Adam,Casseday,M,38.0,WV
2019,144.0,25:28:27,1528,Ronnie,Nauert,M,47.0,CA
2019,145.0,25:32:28,1532,Mike,Rafferty,M,42.0,CA
2019,146.0,25:36:07,1536,Fabrice,Perrin,M,47.0,FRA
2019,147.0,25:39:02,1539,Jean-Pascal,Bernard-Herve,M,42.0,FRA
2019,148.0,25:39:13,1539,Tsai Tsung,Chen,M,41.0,TWN
2019,149.0,25:40:50,1540,Thomas,Camenisch,M,40.0,CHE
2019,150.0,25:47:26,1547,Scott,Crellin,M,43.0,CA
2019,151.0,25:47:32,1547,Ralf,Ostmann,M,53.0,CA
2019,152.0,25:49:57,1549,Lucia,Mcintosh,F,41.0,CA
2019,153.0,25:51:47,1551,Matthew,Smith,M,40.0,VA
2019,154.0,25:52:44,1552,Ronda,Sundermeier,F,52.0,OR
2019,155.0,25:57:22,1557,Ryan,Brown,M,28.0,TX
2019,156.0,25:58:00,1558,Jodi,Semonell,F,46.0,NE
2019,157.0,25:58:52,1558,Deysi,Osegueda,F,37.0,MEX
2019,158.0,25:59:50,1559,Meghan,Slavin,F,33.0,AZ
2019,159.0,26:03:56,1563,Juan,Becerril,M,51.0,MEX
2019,160.0,26:08:46,1568,Scott,Mills,M,68.0,CA
2019,161.0,26:14:50,1574,Neil,Stantiall,M,46.0,GBR
2019,162.0,26:22:45,1582,Will,Fisher,M,48.0,CO
2019,163.0,26:23:51,1583,Sky,Grahn,M,29.0,UT
2019,164.0,26:24:35,1584,Matthew,Brand,M,43.0,GBR
2019,165.0,26:24:47,1584,Joe,Delano,M,40.0,MN
2019,166.0,26:27:44,1587,Zach,Vine,M,38.0,CO
2019,167.0,26:35:47,1595,Nawid,Wuttke,M,35.0,DEU
2019,168.0,26:36:03,1596,Zachary,Burkett,M,34.0,CA
2019,169.0,26:36:53,1596,Jason,Bahamundi,M,45.0,TX
2019,170.0,26:38:43,1598,William,Nguyen,M,31.0,CA
2019,171.0,26:40:02,1600,Ladia,Albertson-Junkans,F,33.0,WA
2019,172.0,26:46:14,1606,Drew,Coughlin,M,54.0,CA
2019,173.0,26:47:48,1607,Scott,Rabb,M,50.0,TX
2019,174.0,26:48:48,1608,Doug,Brown,M,45.0,CA
2019,175.0,26:52:40,1612,Alison,Burke,F,43.0,OR
2019,176.0,26:55:00,1615,Nicolas,Guayasamin,M,35.0,QC
2019,177.0,26:57:29,1617,Justin,Greene,M,45.0,CA
2019,178.0,26:58:47,1618,Arun,Sarkar,M,41.0,WI
2019,179.0,26:59:47,1619,Gretchen,Brugman,F,45.0,CA
2019,180.0,27:00:05,1620,David,Brunken,M,54.0,CA
2019,181.0,27:03:54,1623,Haley,Schwarz,F,39.0,MO
2019,182.0,27:09:12,1629,Tom,Davies,M,53.0,CA
2019,183.0,27:09:55,1629,Tim,Toben,M,60.0,NC
2019,184.0,27:11:40,1631,Graham,Lambert,M,52.0,CA
2019,185.0,27:12:53,1632,Stan,Fetting,M,53.0,AUS
2019,186.0,27:13:04,1633,Sheryl,Mawn,F,54.0,CO
2019,187.0,27:14:54,1634,Steve,Sorenson,M,54.0,MN
2019,188.0,27:15:39,1635,Bjorn,Flatt,M,44.0,CA
2019,189.0,27:16:02,1636,Corey,Barrett,M,48.0,VT
2019,190.0,27:16:42,1636,Matthew,Edell,M,38.0,CA
2019,191.0,27:17:08,1637,Efren,Rangel,M,38.0,CA
2019,192.0,27:17:45,1637,Charley,Jones,M,47.0,CA
2019,193.0,27:18:00,1638,Wang,Chuan,M,44.0,CHN
2019,194.0,27:18:49,1638,Julius,Drelick,M,52.0,AZ
2019,195.0,27:19:24,1639,Nicole,Ederle,F,48.0,TX
2019,196.0,27:20:01,1640,Geoff,Smith,M,38.0,CO
2019,197.0,27:21:45,1641,Christopher,Hall,M,38.0,WY
2019,198.0,27:22:30,1642,Christopher,Scarpitti,M,46.0,DE
2019,199.0,27:23:35,1643,Simon,Sandoval,M,46.0,PHL
2019,200.0,27:24:04,1644,Silvio,Weber,M,37.0,DEU
2019,201.0,27:24:27,1644,Rachel,Bucklin,F,41.0,WA
2019,202.0,27:25:48,1645,Robert,Conner,M,48.0,FL
2019,203.0,27:30:16,1650,Sean,Garbutt,M,27.0,CA
2019,204.0,27:31:49,1651,Hong,De Sa,F,28.0,OH
2019,205.0,27:34:47,1654,Cesare,Rotundo,M,54.0,CA
2019,206.0,27:35:05,1655,Mayuko,Floyd,F,32.0,CA
2019,207.0,27:36:56,1656,Dave,Ashton,M,48.0,CA
2019,208.0,27:38:10,1658,Lawrence,Miller,M,51.0,CA
2019,209.0,27:38:23,1658,Emile,Baizel,M,43.0,CA
2019,210.0,27:39:10,1659,Mansour,Monem,M,60.0,CA
2019,211.0,27:39:54,1659,Michael,Westbrooks,M,49.0,TX
2019,212.0,27:40:41,1660,Gil,Blank,M,55.0,CA
2019,213.0,27:41:17,1661,Tom,Wroblewski,M,60.0,CA
2019,214.0,27:42:01,1662,Gary,Holton,M,54.0,HI
2019,215.0,27:45:51,1665,Chris,Talley,M,43.0,CA
2019,216.0,27:46:28,1666,Itao,Tsai,M,47.0,CA
2019,217.0,27:47:43,1667,Parrish,Placencia,F,42.0,CA
2019,218.0,27:50:32,1670,Bobby,Kearney,M,52.0,CA
2019,219.0,27:51:49,1671,Tyler,Clemens,M,33.0,CO
2019,220.0,27:51:54,1671,Tamara,Johnson,F,54.0,CA
2019,221.0,27:56:52,1676,Ian,Brazier,M,47.0,GBR
2019,222.0,28:00:23,1680,Michael,Sheridan,M,34.0,AUS
2019,223.0,28:01:14,1681,Carolyn,Rae,F,37.0,GBR
2019,224.0,28:01:40,1681,Eric,Gras,M,39.0,CA
2019,225.0,28:07:40,1687,Christopher,Sipe,M,38.0,CO
2019,226.0,28:08:57,1688,David,Musgrave,M,52.0,CO
2019,227.0,28:09:38,1689,Brad,Polnasek,M,32.0,MI
2019,228.0,28:10:16,1690,Gina,Fioroni,F,42.0,CO
2019,229.0,28:13:43,1693,Danielle,Triffitt,F,44.0,ME
2019,230.0,28:18:14,1698,Brent,Boger,M,50.0,OR
2019,231.0,28:18:34,1698,Maurizio,Pastore,M,59.0,ITA
2019,232.0,28:19:50,1699,Adam,Simson,M,35.0,AUS
2019,233.0,28:21:43,1701,Nam,Pham,M,30.0,CA
2019,234.0,28:22:17,1702,Jason,Pardue,M,44.0,VA
2019,235.0,28:22:56,1702,Yuichi,Shoji,M,37.0,JPN
2019,236.0,28:23:15,1703,Walter,Edwards,M,44.0,CO
2019,237.0,28:23:55,1703,Jayne,Peterlin,F,53.0,CA
2019,238.0,28:24:31,1704,Stephen,Mohr,M,38.0,VA
2019,239.0,28:26:34,1706,Todd,Hockensmith,M,37.0,CA
2019,240.0,28:27:27,1707,Brandon,Lott,M,46.0,WA
2019,241.0,28:29:10,1709,Jeffrey,Jordan,M,56.0,TN
2019,242.0,28:29:52,1709,Daniel,Young,M,59.0,PA
2019,243.0,28:31:14,1711,Ted,Jacka,M,55.0,CA
2019,244.0,28:32:07,1712,Joey,Luther,M,40.0,CO
2019,245.0,28:32:58,1712,Ludovic,Lamadon,M,39.0,FRA
2019,246.0,28:35:46,1715,Leslie,Semler,F,37.0,MN
2019,247.0,28:35:55,1715,Bryan,Jennings,M,46.0,NC
2019,248.0,28:37:38,1717,Patrick,Lichy,M,40.0,VA
2019,249.0,28:38:56,1718,Sam,Crawford,M,34.0,GBR
2019,250.0,28:40:31,1720,Troy,Feustel,M,44.0,MN
2019,251.0,28:41:46,1721,Mario,Leal,M,44.0,PRT
2019,252.0,28:42:01,1722,Kristin,Petersen Baldrica,F,44.0,CA
2019,253.0,28:49:28,1729,Jason,Chan,M,43.0,CA
2019,254.0,28:52:07,1732,John,McKune,M,43.0,CA
2019,255.0,28:52:28,1732,Brian,Westphal,M,55.0,ID
2019,256.0,28:53:21,1733,Jeffrey,Miller,M,48.0,CA
2019,257.0,28:53:57,1733,Dan,Savage,M,58.0,CA
2019,258.0,28:55:58,1735,Shannon,Martin,F,43.0,NV
2019,259.0,28:56:39,1736,Gregory,Renden,M,41.0,MN
2019,260.0,28:58:02,1738,Cynthia,Heady,F,57.0,KY
2019,261.0,28:58:32,1738,Norbert,Knapich,M,49.0,DEU
2019,262.0,28:58:59,1738,Bill,Hill,M,39.0,WY
2019,263.0,28:59:58,1739,Clint,Johnson,M,43.0,GA
2019,264.0,29:01:45,1741,Ken,Lewis,M,56.0,CA
2019,265.0,29:02:59,1742,Ken,Ward,M,62.0,OR
2019,266.0,29:06:40,1746,Alex,Thomson,M,24.0,VA
2019,267.0,29:06:43,1746,Adam,Yates,M,34.0,GBR
2019,268.0,29:08:02,1748,Keith,James,M,45.0,GBR
2019,269.0,29:10:07,1750,Dewayne,Satterfield,M,55.0,AL
2019,270.0,29:11:08,1751,Joseph,Zagrodnik,M,32.0,WA
2019,271.0,29:11:19,1751,Andrew,Madsen,M,36.0,MI
2019,272.0,29:14:01,1754,Justin,Heller,M,37.0,IL
2019,273.0,29:14:29,1754,Joey,Bryan,M,49.0,CA
2019,274.0,29:16:02,1756,Kristin,Gustafsson,F,50.0,CA
2019,275.0,29:17:01,1757,Rick,Russell,M,50.0,TX
2019,276.0,29:17:28,1757,Jacob,Massler,M,38.0,CA
2019,277.0,29:22:44,1762,Tamyka,Bell,F,38.0,AUS
2019,278.0,29:23:05,1763,Sean,Cook,M,46.0,VA
2019,279.0,29:23:20,1763,David,Wise,M,48.0,NJ
2019,280.0,29:23:48,1763,Denise,Barchas,F,42.0,CA
2019,281.0,29:23:54,1763,Garry,Sewell,M,58.0,CA
2019,282.0,29:24:10,1764,Francesca,Stone,F,57.0,CA
2019,283.0,29:25:03,1765,Isamu,Sato,M,47.0,JPN
2019,284.0,29:25:19,1765,Amy,Clark,F,43.0,OR
2019,285.0,29:25:24,1765,Reuben,Cheang,M,54.0,SGP
2019,286.0,29:25:33,1765,Jason,Wheat,M,39.0,AZ
2019,287.0,29:26:03,1766,Jukka,Kukkonen,M,56.0,FIN
2019,288.0,29:26:23,1766,Mark,Cliggett,M,57.0,WA
2019,289.0,29:26:50,1766,Adam,Korona,M,45.0,TX
2019,290.0,29:27:03,1767,Andrea,Abel,F,45.0,CA
2019,291.0,29:29:18,1769,Harris,Goodman,M,53.0,CA
2019,292.0,29:29:43,1769,Merritt,Kohn,M,44.0,NC
2019,293.0,29:30:10,1770,Kumiko,Hart,F,56.0,NY
2019,294.0,29:31:25,1771,Ashley,Crouch,F,38.0,VA
2019,295.0,29:33:49,1773,James,Clark,M,45.0,CA
2019,296.0,29:36:31,1776,Jan,Hanousek,M,55.0,CZE
2019,297.0,29:37:24,1777,Chris,Crecente,M,44.0,SC
2019,298.0,29:39:55,1779,James,Brennan,M,40.0,VA
2019,299.0,29:41:53,1781,Jim,Ruppert,M,56.0,CA
2019,300.0,29:42:39,1782,Joseph,Pinter,M,45.0,FL
2019,301.0,29:43:14,1783,Ted,Croll,M,63.0,AB
2019,302.0,29:44:00,1784,Beau,Talley,M,57.0,AL
2019,303.0,29:44:50,1784,Hideo,Takano,M,53.0,GBR
2019,304.0,29:45:19,1785,Tom,Mangan,M,52.0,PA
2019,305.0,29:46:04,1786,Terra,Lovelin,F,41.0,NV
2019,306.0,29:46:07,1786,Natalie,Larson,F,40.0,CO
2019,307.0,29:46:18,1786,Joseph,Chick,M,42.0,OR
2019,308.0,29:46:34,1786,Oliver,Truog,M,46.0,MA
2019,309.0,29:46:38,1786,Kelli,Coleman,F,32.0,TX
2019,310.0,29:47:32,1787,Jeffrey,McAlpine,M,51.0,OR
2019,311.0,29:47:51,1787,Sandy,Baker,F,57.0,CA
2019,312.0,29:49:45,1789,David,Green,M,55.0,FL
2019,313.0,29:50:09,1790,Charlene,Farley,F,34.0,CO
2019,314.0,29:52:19,1792,Shannon,Hampton,M,46.0,AR
2019,315.0,29:52:57,1792,Rod,Giacchetta,M,48.0,AB
2019,316.0,29:53:28,1793,Andrea,Kooiman,F,44.0,CA
2019,317.0,29:53:56,1793,Valerie,Welsh,F,36.0,NV
2019,318.0,29:59:01,1799,Heather,Mcgrath,F,44.0,OR
2019,319.0,29:59:38,1799,Lane,Shimonishi,M,47.0,HI
2021,1.0,14:46:01,886,Jim,Walmsley,M,31.0,AZ
2021,2.0,16:11:02,971,Tyler,Green,M,37.0,OR
2021,3.0,16:23:09,983,Drew,Holmen,M,29.0,CO
2021,4.0,16:49:40,1009,Cody,Lind,M,26.0,ID
2021,5.0,16:55:49,1015,Tim,Tollefson,M,36.0,CA
2021,6.0,17:00:34,1020,Kyle,Pietari,M,34.0,CO
2021,7.0,17:10:42,1030,Beth,Pascall,F,33.0,GBR
2021,8.0,17:29:24,1049,Stephen,Kersh,M,29.0,AZ
2021,9.0,17:33:48,1053,Ruth,Croft,F,32.0,NZL
2021,10.0,17:41:13,1061,Ragna,Debats,F,42.0,ESP
2021,11.0,17:48:47,1068,Hayden,Hawks,M,30.0,UT
2021,12.0,18:07:42,1087,Brittany,Peterson,F,35.0,ID
2021,13.0,18:18:31,1098,Kyle,Curtin,M,34.0,CO
2021,14.0,18:23:24,1103,Katie,Asmuth,F,35.0,CA
2021,15.0,18:33:14,1113,Alex,Nichols,M,36.0,CO
2021,16.0,18:37:45,1117,Audrey,Tanguy,F,33.0,FRA
2021,17.0,19:13:55,1153,Emily,Hawgood,F,26.0,ZWE
2021,18.0,19:17:20,1157,Camelia,Mayfield,F,28.0,OR
2021,19.0,19:30:23,1170,Patrick,Reagan,M,34.0,GA
2021,20.0,19:42:37,1182,Keely,Henninger,F,29.0,OR
2021,21.0,19:47:56,1187,Kaci,Lickteig,F,34.0,NE
2021,22.0,19:55:54,1195,Damon,Valenzona,M,34.0,CA
2021,23.0,20:29:59,1229,Michelle,Magagna,F,30.0,MI
2021,24.0,20:59:14,1259,Eric,Senseman,M,32.0,AZ
2021,25.0,21:47:21,1307,Sarah,Keyes,F,36.0,NY
2021,26.0,21:49:56,1309,Shannon,Howell,F,42.0,SC
2021,27.0,21:51:31,1311,Cody,Draper,M,41.0,UT
2021,28.0,21:53:26,1313,Christopher,McBride,M,51.0,CO
2021,29.0,22:11:40,1331,Abby,Hall,F,30.0,CO
2021,30.0,22:12:19,1332,Magdalena,Boulet,F,47.0,CA
2021,31.0,22:25:45,1345,Chris,Chamberlin,M,45.0,WA
2021,32.0,22:30:07,1350,Christoffer,Johnston,M,35.0,NJ
2021,33.0,22:32:16,1352,Ryan,Weibel,M,48.0,CA
2021,34.0,22:47:19,1367,Mireya,Vargas,F,36.0,CA
2021,35.0,22:47:36,1367,Clare,Gallagher,F,29.0,CO
2021,36.0,22:47:51,1367,Mark,Bain,M,44.0,OH
2021,37.0,23:03:52,1383,Timothy,Christoni,M,52.0,CA
2021,38.0,23:05:21,1385,Steve,Rowbury,M,53.0,CA
2021,39.0,23:11:51,1391,Jorma,Gates,M,50.0,CA
2021,40.0,23:18:19,1398,David,Aguayo,M,45.0,CA
2021,41.0,23:19:59,1399,Luke,Bateman,M,35.0,TX
2021,42.0,23:20:14,1400,Sarah,Bunting Lamos,F,46.0,CO
2021,43.0,23:24:54,1404,Timothy,Buse,M,36.0,CO
2021,44.0,23:26:13,1406,Jeremy,Greene,M,46.0,WA
2021,45.0,23:31:20,1411,Jack,Hsueh,M,45.0,CA
2021,46.0,23:32:14,1412,Tim,Spaulding,M,41.0,VA
2021,47.0,23:33:04,1413,Peter,Newton,M,40.0,CO
2021,48.0,23:36:52,1416,Nick,Affleck,M,40.0,CA
2021,49.0,23:40:52,1420,Jorge,Maravilla,M,43.0,CA
2021,50.0,23:43:12,1423,Gabriel,Wildberger,M,33.0,CHE
2021,51.0,23:45:11,1425,Takuji,Sasaki,M,45.0,JPN
2021,52.0,23:45:21,1425,Philip,Sanderson,M,53.0,CA
2021,53.0,23:45:30,1425,Kathryn,Drew,F,34.0,BC
2021,54.0,23:47:33,1427,Zandy,Mangold,M,47.0,NY
2021,55.0,23:49:55,1429,Will,Briggs,M,32.0,CA
2021,56.0,23:51:33,1431,Neil,Johnson,M,44.0,MN
2021,57.0,23:54:56,1434,Nathan,Stroh,M,49.0,OR
2021,58.0,24:39:40,1479,Scott,Sambucci,M,47.0,CA
2021,59.0,24:57:30,1497,Jenny,Fox,F,41.0,CO
2021,60.0,24:58:48,1498,Isaac,Wait,M,44.0,WV
2021,61.0,25:18:33,1518,Kelly,Teeselink,F,34.0,AZ
2021,62.0,25:19:58,1519,Justin,Kinner,M,34.0,WY
2021,63.0,25:25:37,1525,Sudheer,Maremanda,M,44.0,WA
2021,64.0,25:33:16,1533,Dan,Spearin,M,48.0,VA
2021,65.0,25:39:38,1539,Dan,Barger,M,55.0,CO
2021,66.0,25:52:41,1552,Nicholas,Horvath,M,36.0,TN
2021,67.0,25:53:51,1553,Andrew,Reiff,M,48.0,WA
2021,68.0,25:57:09,1557,Patrick,Service,M,37.0,CA
2021,69.0,26:08:33,1568,Dreama,Walton,F,40.0,CO
2021,70.0,26:10:06,1570,Joe,Steinmetz,M,57.0,CA
2021,71.0,26:19:14,1579,Stacey,Buckley,F,45.0,NE
2021,72.0,26:27:48,1587,Charles,Hofacker,M,56.0,CA
2021,73.0,26:30:33,1590,Dan,Fish,M,49.0,CA
2021,74.0,26:32:00,1592,Joey,Montoya,M,42.0,CA
2021,75.0,26:37:32,1597,Douglas,Wickert,M,48.0,CO
2021,76.0,26:38:58,1598,Katie,Trent,F,28.0,NV
2021,77.0,26:39:33,1599,Steve,Hawkins,M,43.0,AZ
2021,78.0,26:45:12,1605,David,Buse,M,44.0,CA
2021,79.0,26:52:23,1612,Michael,Poole,M,40.0,NC
2021,80.0,26:57:03,1617,Andy,Burger,M,41.0,CA
2021,81.0,26:58:05,1618,David,Lee,M,51.0,CA
2021,82.0,26:59:04,1619,Joseph,Kim,M,38.0,CA
2021,83.0,27:04:06,1624,Anthony,Chavez,M,47.0,CA
2021,84.0,27:07:08,1627,Scott,Vosburg,M,51.0,CA
2021,85.0,27:07:54,1627,Brett,Sherfy,M,33.0,VA
2021,86.0,27:10:13,1630,Brandon,Johnson,M,37.0,MN
2021,87.0,27:13:57,1633,Jeffrey,Moore,M,47.0,MS
2021,88.0,27:20:48,1640,Michael,Hooker,M,53.0,CA
2021,89.0,27:28:18,1648,Selina,Nordberg,F,53.0,CA
2021,90.0,27:28:32,1648,Camille,Herron,F,39.0,CO
2021,91.0,27:29:43,1649,Kelly,Barber,M,51.0,CA
2021,92.0,27:30:01,1650,Jack,Bailey,M,42.0,MA
2021,93.0,27:30:56,1650,Scott,Howell,M,43.0,CO
2021,94.0,27:32:26,1652,Steven,Holmes Jr.,M,40.0,MI
2021,95.0,27:32:37,1652,Drew,Bernhisel,M,29.0,TX
2021,96.0,27:33:01,1653,Jaclyn,Foroughi,F,41.0,CA
2021,97.0,27:35:40,1655,Kevin,Smilor,M,38.0,CO
2021,98.0,27:39:03,1659,Adam,Aucella,M,42.0,CA
2021,99.0,27:44:05,1664,Joe,Albert,M,40.0,OR
2021,100.0,27:44:27,1664,Mike,Tamoush,M,42.0,OR
2021,101.0,27:48:37,1668,Joey,Cohen,M,38.0,OH
2021,102.0,27:48:38,1668,Todd,Yerkes,M,52.0,UT
2021,103.0,27:51:06,1671,Ram,Subbaraman,M,40.0,CA
2021,104.0,27:54:31,1674,Brian,Pickett,M,41.0,TN
2021,105.0,27:54:41,1674,Megan,Cheng,F,40.0,CA
2021,106.0,27:58:55,1678,Nobuya,Takahashi,M,40.0,CA
2021,107.0,27:59:16,1679,David,Smith,M,55.0,CA
2021,108.0,27:59:53,1679,Kevin,Fox,M,40.0,TX
2021,109.0,28:03:00,1683,Loren,Lewis,M,49.0,CA
2021,110.0,28:05:08,1685,Josh,Grant,M,46.0,CA
2021,111.0,28:05:20,1685,Scott,Laplante,M,48.0,OR
2021,112.0,28:06:00,1686,Jay,Smithberger,M,51.0,OH
2021,113.0,28:06:50,1686,Debbie,Booth,F,48.0,CA
2021,114.0,28:07:46,1687,Aaron,Ellison,M,45.0,MD
2021,115.0,28:08:40,1688,Stephen,Kukta,M,56.0,CA
2021,116.0,28:13:21,1693,Sean,Dempsey,M,48.0,CA
2021,117.0,28:17:11,1697,Kevin,Doty,M,42.0,CO
2021,118.0,28:19:27,1699,Claudine,Roghi,F,52.0,FL
2021,119.0,28:20:01,1700,Tony,Johns,M,47.0,WA
2021,120.0,28:20:51,1700,Vagn,Steen,M,64.0,OH
2021,121.0,28:21:50,1701,Scott,Slater,M,43.0,CT
2021,122.0,28:22:51,1702,Steve,Osborne,M,47.0,CA
2021,123.0,28:22:57,1702,Daigo,Echizenya,M,52.0,CA
2021,124.0,28:23:45,1703,Bill,Dittman,M,33.0,WI
2021,125.0,28:23:57,1703,John,Nobles,M,36.0,OK
2021,126.0,28:24:26,1704,Mark,Frey,M,41.0,PA
2021,127.0,28:24:32,1704,Tyler,Hall,M,48.0,UT
2021,128.0,28:26:10,1706,Tom,Tighe,M,46.0,NY
2021,129.0,28:26:46,1706,Kelly,Lance,M,53.0,ID
2021,130.0,28:27:06,1707,Spencer,Punter,M,50.0,CA
2021,131.0,28:28:59,1708,Vincent,Matteo,M,53.0,AZ
2021,132.0,28:29:56,1709,Drew,Bennett,M,57.0,MI
2021,133.0,28:31:25,1711,Olga,Huber,F,50.0,NY
2021,134.0,28:31:42,1711,Joel,Carson,M,51.0,CA
2021,135.0,28:32:12,1712,Clare,Farrow,F,27.0,CO
2021,136.0,28:32:56,1712,Susan,Kramer,F,56.0,AZ
2021,137.0,28:33:23,1713,Sarah,Seads,F,45.0,BC
2021,138.0,28:34:13,1714,Jesse,Canfield,M,42.0,NY
2021,139.0,28:35:14,1715,Marcin,Mrowka,M,51.0,NY
2021,140.0,28:35:40,1715,Shane,Kroth,M,49.0,OR
2021,141.0,28:35:59,1715,James,Heun,M,62.0,OH
2021,142.0,28:38:47,1718,Robin,Mcdearmon,M,50.0,CA
2021,143.0,28:39:12,1719,Mike,Rohner,M,41.0,IA
2021,144.0,28:50:26,1730,Victor,Yang,M,45.0,CA
2021,145.0,28:50:36,1730,Sarah,Greenlee,F,36.0,CA
2021,146.0,28:51:04,1731,Taylor,Sheridan,F,29.0,NV
2021,147.0,28:52:09,1732,Panya,Somnhot,M,39.0,OR
2021,148.0,28:55:51,1735,Tom,Pluim,M,43.0,VA
2021,149.0,28:56:12,1736,Donal,Carroll,M,54.0,CA
2021,150.0,28:57:03,1737,Peter,Kleuser,M,43.0,TN
2021,151.0,28:58:01,1738,Tom,Afschar,M,50.0,CA
2021,152.0,29:00:23,1740,Abram,Haen,M,39.0,CA
2021,153.0,29:02:40,1742,Klas,Eklof,M,50.0,CA
2021,154.0,29:02:43,1742,Jim,McCaffrey,M,44.0,CT
2021,155.0,29:07:50,1747,Joseph,Gallitano,M,39.0,PA
2021,156.0,29:09:43,1749,Philippe,Thenot,M,48.0,GA
2021,157.0,29:10:53,1750,Scott,Bowman,M,49.0,TN
2021,158.0,29:11:34,1751,Robb,Gushiken,M,42.0,CHE
2021,159.0,29:11:38,1751,Michael,Bunda,M,40.0,MN
2021,160.0,29:12:06,1752,Mike,Acer,M,59.0,PA
2021,161.0,29:15:28,1755,Shaun,Koehler,M,42.0,NC
2021,162.0,29:16:50,1756,Tex,Ritter,M,64.0,CA
2021,163.0,29:17:16,1757,Jim,Daniels,M,48.0,VA
2021,164.0,29:18:00,1758,Jason,Crowe,M,48.0,IL
2021,165.0,29:18:09,1758,Matthew,Clark,M,53.0,UT
2021,166.0,29:19:06,1759,Scott,Lee,M,50.0,VA
2021,167.0,29:21:12,1761,Shalise,Morgan,F,46.0,UT
2021,168.0,29:23:00,1763,Charley,Jones,M,49.0,CA
2021,169.0,29:27:13,1767,Sheri,Poskanzer,F,32.0,ID
2021,170.0,29:28:29,1768,Marty,Reed,M,50.0,BC
2021,171.0,29:29:14,1769,John,Kerschbaum,M,46.0,CA
2021,172.0,29:31:35,1771,Kuni,Yamagata,M,68.0,CA
2021,173.0,29:32:24,1772,Sharleen,Stevens,F,38.0,SD
2021,174.0,29:33:09,1773,John,Truelove,M,53.0,IN
2021,175.0,29:33:27,1773,Jae Hoon,Lee,M,55.0,CA
2021,176.0,29:35:09,1775,Aaron,Maas,M,40.0,GA
2021,177.0,29:35:22,1775,Kristin,Carbajal,F,42.0,CA
2021,178.0,29:39:48,1779,Dan,Newman,M,52.0,CA
2021,179.0,29:40:41,1780,Kara,Teklinski,F,47.0,CA
2021,180.0,29:41:24,1781,Eric,King,M,54.0,CA
2021,181.0,29:41:34,1781,Jonathan,Lundy,M,44.0,KY
2021,182.0,29:41:50,1781,Azam,Poulatov,M,44.0,NY
2021,183.0,29:42:14,1782,Kirk,Smith,M,41.0,NY
2021,184.0,29:42:25,1782,Kenneth,Letterle,M,38.0,TX
2021,185.0,29:42:36,1782,Ej,Maldonado,M,47.0,NV
2021,186.0,29:42:57,1782,John,Trent,M,58.0,NV
2021,187.0,29:43:10,1783,Alexander,Larson,M,43.0,CA
2021,188.0,29:43:48,1783,Ken,Kilar,M,52.0,CA
2021,189.0,29:44:18,1784,Mike,Grimm,M,60.0,CA
2021,190.0,29:44:43,1784,Wade,Kao,M,47.0,TX
2021,191.0,29:44:57,1784,Christine,Vincent,F,49.0,CA
2021,192.0,29:45:02,1785,Satpal,Dalal,M,46.0,CA
2021,193.0,29:45:15,1785,April,Wilbur,F,43.0,ID
2021,194.0,29:45:27,1785,Travis,Burmaster,M,47.0,CO
2021,195.0,29:45:48,1785,Edward,Marchini,M,62.0,CA
2021,196.0,29:46:27,1786,Josam,Mulinyawe,M,43.0,CA
2021,197.0,29:46:48,1786,Brenda,Hofer,F,46.0,CA
2021,198.0,29:47:19,1787,Doug,Camann,M,53.0,NJ
2021,199.0,29:48:17,1788,Tanya,Espalin,F,40.0,TX
2021,200.0,29:48:21,1788,Jeffrey,Lysiak,M,57.0,VA
2021,201.0,29:48:45,1788,Kate,Leis,F,44.0,MN
2021,202.0,29:49:14,1789,Keith,Gates,M,40.0,GA
2021,203.0,29:52:04,1792,Brent,Crumley,M,45.0,ID
2021,204.0,29:52:16,1792,Carolyn,Luckett,F,54.0,MT
2021,205.0,29:52:36,1792,Jill,Cole,F,50.0,CA
2021,206.0,29:53:07,1793,Mark,Gregware,M,41.0,MN
2021,207.0,29:58:45,1798,Sean,Mullett,M,53.0,TN
2021,208.0,29:58:52,1798,Paul,Bonnett,M,59.0,AZ
2022,1.0,15:13:48,913,Adam,Peterman,M,26.0,MT
2022,2.0,15:47:27,947,Hayden,Hawks,M,31.0,UT
2022,3.0,15:56:17,956,Arlen,Glick,M,29.0,OH
2022,4.0,15:57:10,957,Tyler,Green,M,38.0,OR
2022,5.0,16:09:00,969,Drew,Holmen,M,30.0,CO
2022,6.0,16:20:02,980,Ludovic,Pommeret,M,46.0,FRA
2022,7.0,16:28:22,988,Vincent,Viet,M,38.0,FRA
2022,8.0,16:28:34,988,Alex,Nichols,M,37.0,CO
2022,9.0,16:29:38,989,Cody,Lind,M,27.0,ID
2022,10.0,16:35:23,995,Scott,Traer,M,41.0,MA
2022,11.0,16:51:53,1011,Jeffrey,Colt,M,31.0,CO
2022,12.0,17:21:30,1041,Ruth,Croft,F,33.0,NZL
2022,13.0,17:28:42,1048,Adam,Kimble,M,35.0,CA
2022,14.0,17:34:19,1054,Kyle,Curtin,M,35.0,CO
2022,15.0,17:46:46,1066,Ailsa,Macdonald,F,41.0,AB
2022,16.0,17:56:22,1076,Cole,Watson,M,30.0,CA
2022,17.0,18:05:48,1085,Marianne,Hogan,F,32.0,QC
2022,18.0,18:08:32,1088,Luzia,Buehler,F,40.0,CHE
2022,19.0,18:16:02,1096,Emily,Hawgood,F,27.0,ZWE
2022,20.0,18:30:12,1110,Michael,Dubova,M,37.0,VA
2022,21.0,18:32:31,1112,Leah,Yingling,F,31.0,UT
2022,22.0,18:46:42,1126,Taylor,Nowlin,F,31.0,WA
2022,23.0,18:51:54,1131,Camille,Herron,F,40.0,OK
2022,24.0,18:52:20,1132,Jonathan,Rea,M,30.0,CO
2022,25.0,19:27:03,1167,Reid,Coolsaet,M,42.0,ON
2022,26.0,19:30:26,1170,Katie,Asmuth,F,36.0,CA
2022,27.0,19:34:24,1174,Camille,Bruyas,F,30.0,FRA
2022,28.0,19:38:44,1178,Anne-Marie,Madden,F,41.0,BC
2022,29.0,19:47:33,1187,Stuart,McConnachie,M,45.0,ZAF
2022,30.0,19:49:07,1189,Tyler,Fox,M,29.0,WY
2022,31.0,20:01:47,1201,Peter,Mortimer,M,41.0,AZ
2022,32.0,20:18:27,1218,Aroa,Sio Seijo,F,43.0,ESP
2022,33.0,20:41:28,1241,Tim,Tollefson,M,37.0,CA
2022,34.0,20:43:53,1243,Matt,Marino,M,41.0,WA
2022,35.0,20:48:41,1248,Remi,Delille,M,40.0,NC
2022,36.0,20:57:56,1257,Allison,Baca,F,32.0,CO
2022,37.0,21:19:02,1279,Trevor,Fuchs,M,40.0,UT
2022,38.0,21:33:02,1293,Jacob,Conrad,M,36.0,OH
2022,39.0,21:37:12,1297,Ellie,Pell,F,30.0,NY
2022,40.0,21:37:25,1297,Fabio,Baltieri,M,38.0,IRL
2022,41.0,21:42:01,1302,Brett,Hornig,M,30.0,OR
2022,42.0,21:53:22,1313,John,Connolly,M,45.0,GBR
2022,43.0,21:56:15,1316,Jean Francois,Munoz,M,38.0,FRA
2022,44.0,21:57:44,1317,Marvin,Sandoval,M,44.0,CO
2022,45.0,21:58:56,1318,Matt,Milde,M,31.0,CO
2022,46.0,22:05:01,1325,Amber,Weibel,F,44.0,CA
2022,47.0,22:16:07,1336,Brittany,Peterson,F,36.0,ID
2022,48.0,22:21:55,1341,Dominika,Stelmach,F,40.0,POL
2022,49.0,22:26:32,1346,Jerry,Garcia,M,44.0,CA
2022,50.0,22:31:39,1351,Patrick,Humenny,M,45.0,BC
2022,51.0,22:36:23,1356,Theo,Goguely,M,39.0,CA
2022,52.0,22:38:58,1358,Dan,Barger,M,56.0,CO
2022,53.0,22:39:43,1359,Tom,Rauen,M,39.0,IA
2022,54.0,22:39:46,1359,Mike,Tyler,M,55.0,OR
2022,55.0,22:42:00,1362,Takahiro,Watanabe,M,43.0,JPN
2022,56.0,22:42:14,1362,Mike,Bielemeier,M,38.0,OR
2022,57.0,22:43:26,1363,Derek,Mulhall,M,51.0,ON
2022,58.0,22:48:51,1368,Rod,Farvard,M,26.0,CA
2022,59.0,22:52:01,1372,Mike,Jolie,M,33.0,AB
2022,60.0,23:00:38,1380,Janne,Aho,M,39.0,SWE
2022,61.0,23:05:55,1385,Allen,Currano,M,49.0,NM
2022,62.0,23:06:09,1386,Kaci,Lickteig,F,35.0,NE
2022,63.0,23:08:35,1388,Jack,Tinucci,M,33.0,CO
2022,64.0,23:10:05,1390,Dennis,Theodosis,M,45.0,HKG
2022,65.0,23:11:37,1391,Daven,Oskvig,M,45.0,NY
2022,66.0,23:13:25,1393,Chris,Wright,M,50.0,CO
2022,67.0,23:14:22,1394,Stephen,Graves,M,36.0,GBR
2022,68.0,23:14:57,1394,Tim,Tubra,M,39.0,CA
2022,69.0,23:15:29,1395,Ewan,Horsburgh,M,44.0,AUS
2022,70.0,23:15:43,1395,Bevan,Littler,M,42.0,NZL
2022,71.0,23:16:40,1396,Oliver,Stenning,M,29.0,GBR
2022,72.0,23:17:35,1397,Eric,Tadt,M,34.0,MN
2022,73.0,23:18:46,1398,Francis,Lebeau,M,39.0,QC
2022,74.0,23:19:17,1399,Ron,Little,M,51.0,CA
2022,75.0,23:20:45,1400,Marian,Kamendy,M,49.0,SVK
2022,76.0,23:24:01,1404,Andrew,Simpson,M,34.0,PA
2022,77.0,23:25:38,1405,James,Bland,M,31.0,NZL
2022,78.0,23:25:55,1405,Anna,Olsen,F,33.0,CA
2022,79.0,23:27:08,1407,Tom,Owens,M,40.0,GBR
2022,80.0,23:27:38,1407,Brandon,Benefield,M,40.0,WA
2022,81.0,23:29:40,1409,Seth,Kelly,M,37.0,CO
2022,82.0,23:30:18,1410,Brandon,Costa,M,29.0,CA
2022,83.0,23:32:21,1412,Michael,Duggan,M,44.0,AUS
2022,84.0,23:32:34,1412,Crispin,Flowerday,M,43.0,CA
2022,85.0,23:36:02,1416,Erika,Hoagland,F,40.0,CA
2022,86.0,23:37:47,1417,Kevin,Goldberg,M,33.0,CO
2022,87.0,23:38:24,1418,Kevin,Jansen,M,33.0,AB
2022,88.0,23:38:32,1418,Wesley,Hunt,M,39.0,AR
2022,89.0,23:41:18,1421,Adam,Rood,M,41.0,KY
2022,90.0,23:42:39,1422,Andrew,Taylor,M,31.0,WA
2022,91.0,23:44:40,1424,Ivan,Dimitrov,M,42.0,BGR
2022,92.0,23:44:49,1424,Victor,Fallon,M,34.0,CO
2022,93.0,23:46:50,1426,Zoran,Kurdija,M,56.0,HRV
2022,94.0,23:49:57,1429,Alan,Wheat,M,54.0,AUS
2022,95.0,23:50:17,1430,Tony,Molfino,M,44.0,CA
2022,96.0,23:50:28,1430,Francesco,De Riz,M,33.0,ITA
2022,97.0,23:50:31,1430,Dario,Zea,M,46.0,CA
2022,98.0,23:51:34,1431,Adam,Harris,M,35.0,BC
2022,99.0,23:55:45,1435,Dusan,Mencin,M,49.0,SVN
2022,100.0,23:56:03,1436,Kevin,Walker,M,42.0,VA
2022,101.0,23:56:12,1436,Tomohiko,Takahashi,M,44.0,JPN
2022,102.0,24:22:15,1462,Jeremy,Hardy,M,49.0,CA
2022,103.0,24:38:20,1478,Meghan,Canfield,F,61.0,OR
2022,104.0,24:39:01,1479,Tom,Starodaj,M,35.0,CT
2022,105.0,24:41:39,1481,Ryan,Smith,M,41.0,CA
2022,106.0,24:42:36,1482,Mark,Vogel,M,49.0,WA
2022,107.0,24:52:18,1492,Marcelo,Jim√©nez,M,45.0,CRI
2022,108.0,24:55:14,1495,Chelsey,Topping,F,39.0,AB
2022,109.0,24:55:19,1495,Darren,Howard,M,47.0,TN
2022,110.0,25:02:08,1502,Christian,Sorensen,M,45.0,UT
2022,111.0,25:07:40,1507,Michael,Scogings,M,57.0,PER
2022,112.0,25:14:30,1514,Greg,Miller,M,44.0,CA
2022,113.0,25:15:17,1515,Karen,Holland,F,35.0,ON
2022,114.0,25:17:28,1517,Kelly,Hutchins,M,51.0,KY
2022,115.0,25:17:42,1517,Sean,Greaney,M,41.0,WA
2022,116.0,25:22:44,1522,Philip,Sanderson,M,54.0,CA
2022,117.0,25:23:19,1523,Alexander,Humenetskyj,M,42.0,CA
2022,118.0,25:23:46,1523,Aytug,Celikbas,M,42.0,ON
2022,119.0,25:26:02,1526,Charles,Proctor,M,37.0,CA
2022,120.0,25:29:15,1529,Fernando,Gonzalez DiAz,M,48.0,ESP
2022,121.0,25:31:11,1531,Akira,Yamada,M,46.0,NY
2022,122.0,25:31:48,1531,Simone,Hayes,F,48.0,AUS
2022,123.0,25:33:27,1533,Nicholas,Laughton,M,44.0,AZ
2022,124.0,25:44:28,1544,Justin,Kent,M,55.0,WA
2022,125.0,25:45:02,1545,Fabrice,Perrin,M,50.0,FRA
2022,126.0,25:50:21,1550,Eduardo,Vazquez,M,49.0,MEX
2022,127.0,25:52:03,1552,Jaime,Fensterl,F,36.0,OH
2022,128.0,25:52:27,1552,John,Maas,M,61.0,MN
2022,129.0,25:53:50,1553,Charlie,Granger,M,36.0,NY
2022,130.0,25:53:56,1553,Megan,Lacey,F,38.0,WA
2022,131.0,25:55:47,1555,Cassy,Campanella,F,31.0,GA
2022,132.0,25:56:07,1556,Leo,Fung,M,32.0,AB
2022,133.0,25:56:34,1556,Andy,Kumeda,M,54.0,CA
2022,134.0,25:59:17,1559,Meagan,Brown,F,35.0,AUS
2022,135.0,26:07:28,1567,Lindsey,Hagen,F,38.0,OR
2022,136.0,26:08:01,1568,Cristiano,Marcelino,M,41.0,BRA
2022,137.0,26:08:23,1568,Sunaad,Nataraju,M,36.0,CA
2022,138.0,26:12:28,1572,Samuel,Nickelsen,M,44.0,CA
2022,139.0,26:16:42,1576,Diego,Espinosa,M,61.0,AZ
2022,140.0,26:20:35,1580,Roger,Levesque,M,41.0,WA
2022,141.0,26:21:26,1581,Anthony,Severino,M,44.0,IL
2022,142.0,26:26:33,1586,Elise,Mordos,F,30.0,CO
2022,143.0,26:27:12,1587,Ryan,Witko,M,38.0,NY
2022,144.0,26:27:50,1587,John,Lehmann,M,47.0,PA
2022,145.0,26:28:04,1588,Kevin,Rapp,M,41.0,MO
2022,146.0,26:28:21,1588,John,Gregg,M,41.0,AL
2022,147.0,26:28:55,1588,Yatika,Fields,M,41.0,OK
2022,148.0,26:28:58,1588,Luis,Gomez,M,38.0,FL
2022,149.0,26:30:57,1590,Becki Lynn,Bauer,F,44.0,CO
2022,150.0,26:31:27,1591,John,Farris,M,31.0,TX
2022,151.0,26:39:25,1599,Thomas,Denoyelle,M,47.0,FRA
2022,152.0,26:41:41,1601,Matt,Ward,M,44.0,CA
2022,153.0,26:42:12,1602,Matthew,Myers,M,37.0,AR
2022,154.0,26:46:18,1606,Mayra,Lopez,F,34.0,CA
2022,155.0,26:48:51,1608,Chad,Bruce,M,49.0,CA
2022,156.0,26:52:36,1612,Luis,Pena,M,51.0,CA
2022,157.0,26:54:33,1614,Lucus,Lyons,M,42.0,IL
2022,158.0,26:58:13,1618,Kanae,Harigaya,F,48.0,JPN
2022,159.0,26:59:30,1619,Fred,Leach,M,41.0,CA
2022,160.0,27:00:29,1620,Nicholas,Hanson,M,39.0,MI
2022,161.0,27:01:26,1621,Colleen,Weitzel,F,35.0,CO
2022,162.0,27:04:43,1624,Steve,Smith,M,52.0,TX
2022,163.0,27:09:11,1629,David,Chase,M,30.0,CA
2022,164.0,27:10:34,1630,Lamont,King,M,49.0,CA
2022,165.0,27:10:39,1630,Wolfgang,K√∂lli,M,49.0,AUT
2022,166.0,27:13:16,1633,Jeffrey,Lenard,M,56.0,IL
2022,167.0,27:16:24,1636,Gina,Harcrow,F,50.0,CO
2022,168.0,27:23:38,1643,Martin,Steinmeister,M,50.0,DEU
2022,169.0,27:24:08,1644,Junko,Kazukawa,F,58.0,CO
2022,170.0,27:28:15,1648,John,Lawrie,M,51.0,AUS
2022,171.0,27:29:16,1649,Brendan,Donohoe,M,48.0,WA
2022,172.0,27:30:25,1650,Theo,Wirth,M,58.0,CA
2022,173.0,27:31:14,1651,Anne-Lise,Le Quere,F,30.0,FRA
2022,174.0,27:33:17,1653,Beth,Lang,F,54.0,CA
2022,175.0,27:34:49,1654,Davide,Ferrara,M,52.0,ITA
2022,176.0,27:35:13,1655,Jason,Mais,M,43.0,VA
2022,177.0,27:37:06,1657,Gang,Chen,M,51.0,CA
2022,178.0,27:39:05,1659,Rick,Hoberg,M,33.0,CO
2022,179.0,27:39:21,1659,Neal,Barnaba,M,43.0,PA
2022,180.0,27:40:55,1660,James,Schwartz,M,41.0,ON
2022,181.0,27:43:16,1663,Nathan,Owens,M,42.0,UT
2022,182.0,27:52:59,1672,Patrick,Thiessen,M,43.0,CO
2022,183.0,27:53:33,1673,Ryan,Kelly,M,42.0,MO
2022,184.0,27:53:44,1673,Luigi,Fumero,M,47.0,GBR
2022,185.0,27:53:56,1673,Aneta,Zeppettella,F,50.0,OH
2022,186.0,27:55:30,1675,Alexander,Schwenkenberg,M,43.0,CA
2022,187.0,27:58:15,1678,Vivian,La Barreda,F,45.0,CA
2022,188.0,28:02:34,1682,Chris,Thoburn,M,47.0,CA
2022,189.0,28:03:37,1683,Andrew,Ewing,M,45.0,CA
2022,190.0,28:04:44,1684,Steven,LaBranche,M,48.0,CT
2022,191.0,28:08:32,1688,Bret,Rutherford,M,45.0,NY
2022,192.0,28:10:16,1690,Steve,Day,M,45.0,BC
2022,193.0,28:10:31,1690,Josh,Gilbert,M,47.0,VA
2022,194.0,28:12:59,1692,Katy,Anderson,F,45.0,AUS
2022,195.0,28:14:01,1694,Dave,Hope,M,57.0,CA
2022,196.0,28:14:42,1694,Andy,Starostka,M,54.0,NV
2022,197.0,28:15:04,1695,Hank,Dart,M,54.0,ID
2022,198.0,28:15:58,1695,Christoph,Zehetleitner,M,43.0,DEU
2022,199.0,28:17:39,1697,Niko,Imbraguglio,M,38.0,LA
2022,200.0,28:19:40,1699,Andrew,Messina,M,49.0,NJ
2022,201.0,28:25:46,1705,Kyle,Young,M,36.0,CO
2022,202.0,28:26:43,1706,David,Stuart,M,41.0,GBR
2022,203.0,28:26:58,1706,Fanny,Barrette,F,47.0,AB
2022,204.0,28:30:00,1710,Jeffrey,Fairman,M,40.0,MD
2022,205.0,28:30:24,1710,Melissa,Tucker,F,38.0,OR
2022,206.0,28:32:38,1712,Dick,Jones,M,52.0,GBR
2022,207.0,28:33:31,1713,Enrique,Rodriguez,M,47.0,CA
2022,208.0,28:40:45,1720,Edward,Wang,M,57.0,CA
2022,209.0,28:41:14,1721,Monica,Devreese,F,48.0,CA
2022,210.0,28:42:41,1722,Martin,Cox,M,52.0,AUT
2022,211.0,28:42:48,1722,Helen,Huang,F,52.0,NY
2022,212.0,28:43:40,1723,Gianluigi,Mignacco,M,46.0,ITA
2022,213.0,28:43:49,1723,Robert,Bondurant,M,49.0,WA
2022,214.0,28:44:26,1724,Conan,Blakemore,M,39.0,CO
2022,215.0,28:44:48,1724,Jesse,Hulley,M,39.0,AB
2022,216.0,28:45:22,1725,John Paul,Ogden,M,55.0,CO
2022,217.0,28:45:49,1725,Kostya,Penkov,M,48.0,GBR
2022,218.0,28:46:16,1726,Rohan,Aurora,M,32.0,BC
2022,219.0,28:47:32,1727,Anders,Hasse Petersen,M,43.0,DNK
2022,220.0,28:48:04,1728,Carl,Stauffer,M,50.0,PA
2022,221.0,28:49:36,1729,Donald,Beuke,M,46.0,CO
2022,222.0,28:53:37,1733,Michael,Morales,M,52.0,OR
2022,223.0,28:55:45,1735,Elisa,Edgar,F,50.0,PA
2022,224.0,28:56:11,1736,Alex,Nelson,M,41.0,CO
2022,225.0,28:56:44,1736,Daniella,Chiu,F,36.0,GBR
2022,226.0,28:57:32,1737,Adam,Allie,M,42.0,TN
2022,227.0,29:00:59,1740,Dawson,Mossman,M,43.0,NB
2022,228.0,29:02:03,1742,Matt,Lowe,M,41.0,ON
2022,229.0,29:02:55,1742,Chris,Sherwood,M,50.0,VA
2022,230.0,29:03:16,1743,Dendi,Dwitiandi,M,51.0,IDN
2022,231.0,29:04:02,1744,Bibo,Gao,F,44.0,IL
2022,232.0,29:04:04,1744,Suzanne,Lefrancois Couturier,F,36.0,FRA
2022,233.0,29:04:44,1744,Sarah,Bruce,F,45.0,CA
2022,234.0,29:05:06,1745,Peter,Morgan,M,43.0,PA
2022,235.0,29:05:50,1745,Kyle,Gery,M,46.0,PA
2022,236.0,29:06:27,1746,Mike,Kenney,M,44.0,WA
2022,237.0,29:07:33,1747,Joshua,Wiffen,M,44.0,AUS
2022,238.0,29:08:00,1748,Tyler,Garewal,M,34.0,CA
2022,239.0,29:09:47,1749,Juan Carlos,Morales Rodriguez,M,36.0,MEX
2022,240.0,29:12:38,1752,Jason,Kumlien,M,52.0,FL
2022,241.0,29:12:44,1752,Michael,Michaud,M,39.0,CT
2022,242.0,29:12:51,1752,Lindsay,Raley,M,62.0,FL
2022,243.0,29:13:48,1753,Jon,St John,M,47.0,UT
2022,244.0,29:14:07,1754,Erin,McCarthy,F,43.0,CA
2022,245.0,29:14:34,1754,Adam,Smith,M,47.0,AZ
2022,246.0,29:14:40,1754,Jerry,Suo,M,49.0,CA
2022,247.0,29:15:06,1755,Shavinder,Singh,M,44.0,CA
2022,248.0,29:16:44,1756,Heather,Leonard,F,48.0,OR
2022,249.0,29:16:46,1756,Stephen,Turner,M,60.0,GBR
2022,250.0,29:16:51,1756,Raymond,Hurley,M,56.0,NV
2022,251.0,29:17:21,1757,Charley,Jones,M,50.0,CA
2022,252.0,29:17:22,1757,Kevin,Flannery,M,43.0,CO
2022,253.0,29:17:29,1757,Norman,Nadon,M,53.0,ON
2022,254.0,29:18:32,1758,Manouch,Shirvanioun,M,60.0,CA
2022,255.0,29:19:08,1759,Joseph,Higgins,M,57.0,PA
2022,256.0,29:20:16,1760,Terry,Lee,M,53.0,CA
2022,257.0,29:21:53,1761,Andrea,Thorpe,F,46.0,WA
2022,258.0,29:22:11,1762,Roger,Pynappel,M,62.0,CA
2022,259.0,29:22:18,1762,Victor,Lopez Toledano,M,45.0,ESP
2022,260.0,29:22:42,1762,Tina,Sinetos,F,36.0,CA
2022,261.0,29:23:41,1763,Kimberly,Auth,F,40.0,PA
2022,262.0,29:23:48,1763,Chiharu,Watanabe,M,55.0,JPN
2022,263.0,29:23:53,1763,Michal,Czepukojc,M,42.0,POL
2022,264.0,29:24:00,1764,Christian,Maleedy,M,42.0,GBR
2022,265.0,29:25:07,1765,Andrew,Smith,M,44.0,GBR
2022,266.0,29:25:27,1765,Stella,Tsui,F,38.0,SGP
2022,267.0,29:25:40,1765,Yejun,Xu,M,57.0,CA
2022,268.0,29:29:38,1769,Emerson,Hay,M,61.0,AUS
2022,269.0,29:30:27,1770,Todd,Law,M,54.0,CA
2022,270.0,29:31:12,1771,Eric,Batchelor,M,37.0,CA
2022,271.0,29:32:06,1772,Simon,Bennett,M,63.0,GBR
2022,272.0,29:32:57,1772,Mike,Detrick,M,41.0,NC
2022,273.0,29:33:28,1773,Dana,Trach,F,32.0,CA
2022,274.0,29:34:01,1774,Ben,Harrison,M,40.0,AUS
2022,275.0,29:34:08,1774,Yoshio,Otaki,M,54.0,OR
2022,276.0,29:34:08,1774,John,Studebaker,M,61.0,TX
2022,277.0,29:34:54,1774,Alexis,Thomas,F,39.0,VA
2022,278.0,29:35:10,1775,Katie,Christianson,F,51.0,OR
2022,279.0,29:35:46,1775,Lisa,Cross,F,60.0,CA
2022,280.0,29:35:48,1775,Richard,Goulder,M,51.0,GBR
2022,281.0,29:35:48,1775,Cara,Scott,F,44.0,CA
2022,282.0,29:36:26,1776,Andrew,Fullerton,M,44.0,OK
2022,283.0,29:36:59,1776,Paul,Schwartz,M,54.0,CA
2022,284.0,29:37:22,1777,Dennis,Vandenbussche,M,39.0,BEL
2022,285.0,29:38:17,1778,Kana,Yamamoto,F,47.0,HI
2022,286.0,29:39:28,1779,Kevin,Wojcik,M,54.0,GA
2022,287.0,29:42:48,1782,Marylou,Corino,F,45.0,ON
2022,288.0,29:43:02,1783,Lauren,Watson,F,37.0,NV
2022,289.0,29:43:16,1783,Christopher,Smith,M,45.0,TX
2022,290.0,29:47:38,1787,Michael,Mcginn,M,41.0,IA
2022,291.0,29:48:17,1788,Annemiek,Hamelinck,F,53.0,CA
2022,292.0,29:48:25,1788,Steve,Webb,M,62.0,CA
2022,293.0,29:49:23,1789,Steven,Tally,M,61.0,CA
2022,294.0,29:49:29,1789,Barry,Thrune,M,46.0,WI
2022,295.0,29:50:28,1790,Eric,Fritz,M,54.0,AL
2022,296.0,29:50:39,1790,Jessi,Goldstein,F,51.0,CA
2022,297.0,29:51:02,1791,Phei Sunn,Sim,F,46.0,SGP
2022,298.0,29:51:07,1791,Tara,Chahl,F,45.0,AB
2022,299.0,29:52:39,1792,Brian,Jones,M,37.0,TX
2022,300.0,29:52:52,1792,Joe,Marson,M,34.0,CA
2022,301.0,29:53:11,1793,Markus,Baumgartner,M,48.0,OH
2022,302.0,29:53:35,1793,Randy,Van Dusen,M,47.0,CA
2022,303.0,29:54:04,1794,Benjamin,Coon,M,45.0,CO
2022,304.0,29:55:31,1795,Ninette,Banoun,F,57.0,NOR
2022,305.0,29:55:48,1795,Andrzej,Ulatowski,M,50.0,POL
2023,1.0,14:40:22,880,Tom,Evans,M,31.0,GBR
2023,2.0,15:04:09,904,Tyler,Green,M,39.0,OR
2023,3.0,15:09:16,909,Anthony,Costales,M,34.0,UT
2023,4.0,15:19:42,919,Jiasheng,Shen,M,28.0,CHN
2023,5.0,15:22:15,922,Daniel,Jones,M,32.0,NZL
2023,6.0,15:29:33,929,Courtney,Dauwalter,F,38.0,CO
2023,7.0,15:37:02,937,Mathieu,Blanchard,M,35.0,FRA
2023,8.0,15:38:35,938,Ryan,Montgomery,NB (M),29.0,UT
2023,9.0,15:42:09,942,Jeffrey,Colt,M,32.0,CO
2023,10.0,15:54:36,954,Cole,Watson,M,31.0,CA
2023,11.0,16:09:19,969,Janosch,Kowalczyk,M,32.0,DEU
2023,12.0,16:15:55,975,Rod,Farvard,M,27.0,CA
2023,13.0,16:21:54,981,Ludovic,Pommeret,M,47.0,FRA
2023,14.0,16:37:15,997,Arlen,Glick,M,30.0,OH
2023,15.0,16:38:33,998,Jonathan,Rea,M,31.0,CO
2023,16.0,16:40:48,1000,Scott,Traer,M,42.0,MA
2023,17.0,16:43:45,1003,Katie,Schide,F,31.0,ME
2023,18.0,16:55:22,1015,Cody,Lind,M,28.0,ID
2023,19.0,17:00:38,1020,Dakota,Jones,M,32.0,UT
2023,20.0,17:07:55,1027,Eszter,Csillag,F,38.0,HUN
2023,21.0,17:15:02,1035,J.P.,Giblin,M,28.0,CO
2023,22.0,17:21:06,1041,Katie,Asmuth,F,37.0,CA
2023,23.0,17:23:14,1043,Canhua,Luo,M,30.0,CHN
2023,24.0,17:26:22,1046,Emily,Hawgood,F,28.0,ZWE
2023,25.0,17:40:11,1060,Taylor,Nowlin,F,32.0,WA
2023,26.0,17:43:34,1063,Ida,Nilsson,F,42.0,SWE
2023,27.0,17:46:34,1066,Priscilla,Forgie,F,32.0,AB
2023,28.0,17:49:00,1069,Leah,Yingling,F,32.0,UT
2023,29.0,18:11:32,1091,Meghan,Morgan,F,25.0,CO
2023,30.0,18:28:35,1108,Adam,Merry,M,32.0,CO
2023,31.0,18:49:13,1129,Jenny,Quilty,F,34.0,BC
2023,32.0,18:57:31,1137,Christopher,Schurk,M,42.0,CO
2023,33.0,19:19:50,1159,Benjamin,Cook,M,42.0,AZ
2023,34.0,19:26:42,1166,Jordan,Chang,M,36.0,VA
2023,35.0,19:47:06,1187,Kaci,Lickteig,F,36.0,NE
2023,36.0,19:54:17,1194,Reed,Breuer,M,30.0,CA
2023,37.0,19:58:08,1198,Stephanie,Auston,F,32.0,AUS
2023,38.0,20:03:52,1203,Thomas,Wagner,M,44.0,AUT
2023,39.0,20:19:59,1219,Tomokazu,Ihara,M,45.0,JPN
2023,40.0,20:31:50,1231,Hans,Van Zanten,M,49.0,MO
2023,41.0,20:33:10,1233,Alex,Nichols,M,38.0,CO
2023,42.0,20:57:37,1257,Dennis,Boic,M,47.0,CA
2023,43.0,20:59:02,1259,Riley,Brady,NB(F),28.0,CO
2023,44.0,21:03:30,1263,Mack,Robertson,M,33.0,OR
2023,45.0,21:07:38,1267,Ryan,Kaiser,M,44.0,OR
2023,46.0,21:10:36,1270,Christine,Mosley,F,38.0,WA
2023,47.0,21:11:46,1271,Jadd,Martinez,M,41.0,CA
2023,48.0,21:20:59,1280,David,Wilkins,M,38.0,CA
2023,49.0,21:24:35,1284,Ken,Zemach,M,54.0,NV
2023,50.0,21:32:12,1292,Eli,White,M,32.0,UT
2023,51.0,21:46:22,1306,Denver,Armstrong,M,42.0,CA
2023,52.0,21:48:10,1308,Cristian,Bilegan,M,41.0,ROU
2023,53.0,21:51:12,1311,Samuel,Cohen,M,26.0,DC
2023,54.0,21:58:51,1318,Alistair,Watson,M,39.0,GBR
2023,55.0,22:03:10,1323,Matthew,Hunsucker,M,42.0,CO
2023,56.0,22:04:09,1324,Filippo,Canetta,M,51.0,ITA
2023,57.0,22:05:36,1325,Andrew,Bainbridge,M,30.0,CO
2023,58.0,22:05:54,1325,Brian,Robbins,M,42.0,UT
2023,59.0,22:10:27,1330,Will,Olsen,M,35.0,CA
2023,60.0,22:16:45,1336,Tyler,Burke,M,38.0,CA
2023,61.0,22:27:01,1347,Tomas,Amneskog,M,50.0,SWE
2023,62.0,22:29:03,1349,Denis,Cook,M,40.0,ID
2023,63.0,22:36:44,1356,Hiroyasu,Tanaka,M,49.0,JPN
2023,64.0,22:41:22,1361,Paul,Broyer,M,37.0,CA
2023,65.0,22:42:09,1362,Coree,Woltering,M,33.0,TN
2023,66.0,22:45:06,1365,Christopher,Eveland,M,48.0,TN
2023,67.0,22:45:40,1365,Daniel,Kilgore,M,43.0,CA
2023,68.0,22:46:24,1366,Sean,Ranney,M,45.0,CA
2023,69.0,22:46:24,1366,Nick,Gonzalez,M,33.0,CA
2023,70.0,22:48:45,1368,Maria,Steinhauser,F,40.0,CA
2023,71.0,22:52:52,1372,Joseph,Bouchey,M,34.0,NV
2023,72.0,22:54:25,1374,Clinton,Keller,M,38.0,CA
2023,73.0,23:01:18,1381,Jeff,Kozak,M,49.0,CA
2023,74.0,23:02:23,1382,Luke,Pryor,M,42.0,AUS
2023,75.0,23:06:04,1386,Jordi,Moncada,M,47.0,CA
2023,76.0,23:06:13,1386,Brett,Waters,M,35.0,GBR
2023,77.0,23:08:22,1388,Kyle,Fulmer,M,42.0,CO
2023,78.0,23:09:32,1389,Jaclyn,Foroughi,F,43.0,CA
2023,79.0,23:10:08,1390,Dan,Barger,M,57.0,CO
2023,80.0,23:12:59,1392,Benjamin,Atkins,M,50.0,CA
2023,81.0,23:14:17,1394,Oleg,Tabelev,M,57.0,AB
2023,82.0,23:18:53,1398,Doug,Howson,M,38.0,AB
2023,83.0,23:19:23,1399,Sebastien,Picard,M,44.0,FRA
2023,84.0,23:19:55,1399,Lauren,Jones,F,40.0,GA
2023,85.0,23:23:35,1403,Becki Lynn,Bauer,F,45.0,CO
2023,86.0,23:25:02,1405,Kyle,Grady,M,49.0,TN
2023,87.0,23:30:39,1410,Isaiah,Ford,M,36.0,AZ
2023,88.0,23:33:04,1413,Chad,Lasater,M,51.0,TX
2023,89.0,23:33:37,1413,Orestes Pat,Hastings,M,38.0,CO
2023,90.0,23:34:20,1414,Keith,Shaw,M,42.0,GBR
2023,91.0,23:34:53,1414,Brian,Dugovich,M,41.0,MT
2023,92.0,23:35:50,1415,Dmitry,Zadvornykh,M,41.0,MN
2023,93.0,23:37:39,1417,Zachary,Bates,M,21.0,AZ
2023,94.0,23:38:03,1418,John,O'Shea,M,41.0,UT
2023,95.0,23:38:31,1418,Ryan,Hamdorff,M,38.0,SC
2023,96.0,23:38:54,1418,Andrew,Readinger,M,39.0,TX
2023,97.0,23:39:07,1419,Allison,Hartz,F,39.0,OR
2023,98.0,23:40:29,1420,Caleb,Kruse,M,31.0,CA
2023,99.0,23:40:48,1420,Charmaine,Horsfall,F,46.0,GBR
2023,100.0,23:45:22,1425,Peter,Brennen,M,38.0,CO
2023,101.0,23:46:39,1426,Wenfei,Xie,F,41.0,CHN
2023,102.0,23:47:32,1427,Jacob,Huston,M,30.0,CA
2023,103.0,23:47:36,1427,Andrew,Kleinke,M,41.0,CA
2023,104.0,23:48:55,1428,Tim,Owen,M,33.0,GBR
2023,105.0,23:48:56,1428,Travis,Mattern,M,48.0,CO
2023,106.0,23:51:48,1431,Tod,Bachman,M,50.0,MT
2023,107.0,23:52:21,1432,Daniel,Kono,M,54.0,CA
2023,108.0,23:53:14,1433,Mina,Ebrahem,M,34.0,EGY
2023,109.0,23:56:20,1436,Caleb,Efta,M,33.0,CO
2023,110.0,23:57:22,1437,Nancy,Jiang,F,32.0,NZL
2023,111.0,24:14:55,1454,Katsutoshi,Saijo,M,49.0,JPN
2023,112.0,24:33:00,1473,Doug,Oatis,M,42.0,CO
2023,113.0,24:42:59,1482,Alexander,Chervyakov,M,37.0,RUS
2023,114.0,24:46:50,1486,Jakob,Bokman,M,55.0,SWE
2023,115.0,24:48:27,1488,Marco,Lui,M,37.0,JPN
2023,116.0,24:48:40,1488,Richard,Benoit,M,55.0,WA
2023,117.0,24:50:19,1490,Scott,Gaiser,M,61.0,MT
2023,118.0,24:53:36,1493,Scott,Hoberg,M,45.0,MN
2023,119.0,24:53:44,1493,Dale,Peterson,M,51.0,WA
2023,120.0,24:54:43,1494,Thomas,Camenisch,M,44.0,CHE
2023,121.0,25:11:00,1511,Adil,Lakhani,M,36.0,IL
2023,122.0,25:12:34,1512,Tim,Barr,M,47.0,CO
2023,123.0,25:16:30,1516,Valerie,Wrenholt,F,47.0,NC
2023,124.0,25:17:57,1517,Peter,Samuelson,M,34.0,CO
2023,125.0,25:24:44,1524,Tyler,Peterson,M,41.0,FL
2023,126.0,25:29:09,1529,Eric,Hong,M,32.0,ON
2023,127.0,25:29:40,1529,Sean,Meehan,M,43.0,CT
2023,128.0,25:33:08,1533,James,Keller,M,51.0,NV
2023,129.0,25:38:58,1538,German,Garcia,M,44.0,TX
2023,130.0,25:44:01,1544,Sara,Rondorf,F,45.0,MN
2023,131.0,25:45:39,1545,Kelly,Macdonald,F,34.0,WA
2023,132.0,25:51:30,1551,Casey,Parks,M,40.0,CA
2023,133.0,25:59:36,1559,Max,Kam,M,37.0,CA
2023,134.0,26:02:02,1562,Jamie,Nott,M,48.0,AB
2023,135.0,26:02:11,1562,Richard,Thomason,M,46.0,ZAF
2023,136.0,26:02:47,1562,Brian,Klug,M,43.0,MN
2023,137.0,26:08:13,1568,Kevin,Jordan,M,46.0,VA
2023,138.0,26:10:33,1570,Sophia,Farnsworth,F,28.0,MA
2023,139.0,26:13:29,1573,Stephen,Foster,M,53.0,MO
2023,140.0,26:15:17,1575,Jonathan,Clinthorne,M,36.0,CO
2023,141.0,26:18:07,1578,Reginald,White,M,41.0,CA
2023,142.0,26:21:56,1581,Garett,Carolus,M,58.0,IN
2023,143.0,26:26:41,1586,Bill,Kish,M,48.0,CA
2023,144.0,26:29:55,1589,Vincent,Page,M,47.0,GBR
2023,145.0,26:33:49,1593,Jacquelyn,Kraft,F,39.0,CA
2023,146.0,26:34:49,1594,Dan,Kelley,M,45.0,MA
2023,147.0,26:36:26,1596,Alex,Francisco,M,33.0,MO
2023,148.0,26:38:25,1598,Todd,Bertolone,M,60.0,CA
2023,149.0,26:43:19,1603,Mandie,Holmes,F,37.0,CA
2023,150.0,26:44:02,1604,Scott,Vosburg,M,53.0,CA
2023,151.0,26:46:54,1606,Martin,Heimbeck,M,40.0,AL
2023,152.0,26:50:07,1610,Thomas,Watson,M,35.0,NZL
2023,153.0,26:52:51,1612,Nathan,Dib,M,46.0,CA
2023,154.0,26:55:10,1615,Greg,Newman,M,47.0,CO
2023,155.0,26:56:08,1616,Guy,Doiron,M,48.0,ON
2023,156.0,26:59:16,1619,Ohnmar,Shin,F,50.0,CA
2023,157.0,26:59:36,1619,Steven,Andersson,M,47.0,MN
2023,158.0,27:00:08,1620,Angela,Greynolds,F,39.0,AZ
2023,159.0,27:01:02,1621,Jennifer,Hemmen,F,51.0,CA
2023,160.0,27:02:24,1622,David,Kind,M,54.0,GBR
2023,161.0,27:03:16,1623,Joseph,Pope,M,49.0,CA
2023,162.0,27:04:56,1624,John,Fegyveresi,M,46.0,AZ
2023,163.0,27:07:02,1627,John,Almeda,M,29.0,CA
2023,164.0,27:07:02,1627,Shane,Teragawa,M,47.0,CA
2023,165.0,27:07:15,1627,Bob,Callahan,M,63.0,CA
2023,166.0,27:11:55,1631,Chris,Broadhurst,M,44.0,AUS
2023,167.0,27:14:01,1634,Blair,Howard,M,39.0,CA
2023,168.0,27:16:10,1636,Philip,Sanderson,M,55.0,CA
2023,169.0,27:16:43,1636,Michael,Richie,M,42.0,GA
2023,170.0,27:18:24,1638,Casey,Thivierge,M,49.0,ON
2023,171.0,27:19:34,1639,Gary,Wang,M,55.0,CA
2023,172.0,27:22:00,1642,Garrett,Peltonen,M,41.0,NM
2023,173.0,27:25:24,1645,Travis,Bilou,M,41.0,AB
2023,174.0,27:27:05,1647,Klas,Eklof,M,52.0,CA
2023,175.0,27:28:05,1648,Jesse,Wolfgang,M,41.0,NJ
2023,176.0,27:28:12,1648,Michael,Fitzgerald,M,51.0,PA
2023,177.0,27:29:16,1649,Brian,Corey,M,56.0,UT
2023,178.0,27:29:53,1649,Hellah,Sidibe,M,32.0,NJ
2023,179.0,27:32:16,1652,Mackenzie,Koppert,M,33.0,CA
2023,180.0,27:34:37,1654,Jake,Richter,M,43.0,TX
2023,181.0,27:35:15,1655,Jared,Struck,M,42.0,AE
2023,182.0,27:35:55,1655,Dejan,Zibert,M,44.0,SVN
2023,183.0,27:36:02,1656,Gregory,Lowe,M,59.0,MA
2023,184.0,27:36:16,1656,Pierluigi,Lovera,M,63.0,ITA
2023,185.0,27:36:57,1656,Donal,Carroll,M,56.0,CA
2023,186.0,27:37:18,1657,Matt,Newton,M,49.0,WA
2023,187.0,27:37:35,1657,Richie,Cunningham,M,48.0,UT
2023,188.0,27:40:04,1660,Brent,Konvalin,M,53.0,CA
2023,189.0,27:42:18,1662,Scott,Lawrence,M,59.0,WA
2023,190.0,27:42:53,1662,Simone,Ciclitira,M,45.0,ITA
2023,191.0,27:43:00,1663,Matt,Fletcher,M,56.0,UT
2023,192.0,27:45:13,1665,Victor,Yang,M,47.0,CA
2023,193.0,27:45:23,1665,Xue,Qian,F,34.0,CA
2023,194.0,27:46:13,1666,Luigi,Terzini,M,49.0,MO
2023,195.0,27:46:50,1666,Asgeir,Hjorthaug,M,49.0,NOR
2023,196.0,27:47:31,1667,Morgan,Davis,F,36.0,IL
2023,197.0,27:48:12,1668,Robert,Wehner,M,60.0,WI
2023,198.0,27:50:00,1670,Justin,Mayorga,M,32.0,TX
2023,199.0,27:50:54,1670,David,Lam,M,38.0,CA
2023,200.0,27:52:04,1672,Brandon,Parker,M,41.0,OK
2023,201.0,27:54:23,1674,Brenda,Blinn,F,56.0,CA
2023,202.0,28:00:27,1680,Curt,Brey,M,44.0,WI
2023,203.0,28:02:00,1682,Manuel,Alfaro,M,36.0,CRI
2023,204.0,28:02:13,1682,Cody,Daily,M,45.0,IN
2023,205.0,28:02:56,1682,Elise,Lagerstrom,F,31.0,OR
2023,206.0,28:03:59,1683,Jim,Schneiderman,M,48.0,NC
2023,207.0,28:05:10,1685,Stuart,Cohen,M,39.0,CO
2023,208.0,28:05:19,1685,Scott,Macintyre,M,46.0,CA
2023,209.0,28:05:23,1685,Kirstin,Scott,F,39.0,WA
2023,210.0,28:06:21,1686,Kevin,Davis,M,51.0,NSW
2023,211.0,28:07:02,1687,Geoff,Evison,M,57.0,AUS
2023,212.0,28:07:13,1687,Stefan,Eady,M,49.0,GA
2023,213.0,28:08:20,1688,Jason,McCardle,M,52.0,GBR
2023,214.0,28:10:27,1690,Fabrice,Perrin,M,51.0,FRA
2023,215.0,28:10:30,1690,Kirsten,Kanarr,F,32.0,CA
2023,216.0,28:17:06,1697,Kok Kwang,Quek,M,47.0,SGP
2023,217.0,28:17:35,1697,Aaron,Saft,M,45.0,NC
2023,218.0,28:18:20,1698,Antonio,Garcia,M,40.0,MEX
2023,219.0,28:18:50,1698,Bryan,Mckenney,M,59.0,TX
2023,220.0,28:19:10,1699,Matthew,Kotsenas,M,36.0,WA
2023,221.0,28:20:19,1700,Todd,Scott,M,59.0,MI
2023,222.0,28:21:15,1701,Michael,Van Ryswyck,M,42.0,ZAF
2023,223.0,28:21:31,1701,Jeff,Calvert,M,58.0,PA
2023,224.0,28:21:42,1701,Kat,Seeba,F,32.0,CA
2023,225.0,28:23:26,1703,Greg,Braeger,M,50.0,CO
2023,226.0,28:23:47,1703,Carol,O'Hear,F,48.0,CA
2023,227.0,28:29:01,1709,Pierre,Cochou,M,55.0,NCL
2023,228.0,28:29:20,1709,Stefano,Cassan,M,42.0,ITA
2023,229.0,28:30:15,1710,Itaru,Fujieda,M,47.0,MD
2023,230.0,28:30:47,1710,Tim,Crow,M,58.0,OH
2023,231.0,28:31:00,1711,Chris,Erxleben,M,27.0,OR
2023,232.0,28:33:06,1713,Nick,Eldridge,M,36.0,OR
2023,233.0,28:35:36,1715,Eileen,Czabaranek,F,38.0,CO
2023,234.0,28:35:44,1715,Geoff,Vaughan,M,58.0,CA
2023,235.0,28:36:40,1716,Mansour,Monem,M,64.0,CA
2023,236.0,28:37:16,1717,Zach,Hanna,M,46.0,FL
2023,237.0,28:37:52,1717,Maia,Detmer,F,41.0,NV
2023,238.0,28:38:20,1718,Mark,Beggs,M,49.0,AL
2023,239.0,28:38:52,1718,Matt,Hagen,M,52.0,WA
2023,240.0,28:39:08,1719,Scott,Fischel,M,56.0,CA
2023,241.0,28:39:51,1719,Rosendo,Caballero,M,48.0,AZ
2023,242.0,28:39:58,1719,Darren,Chalk,M,51.0,GBR
2023,243.0,28:41:39,1721,Robert,Dell Angelo,M,61.0,CA
2023,244.0,28:42:00,1722,Janelle,Gomez,F,47.0,MN
2023,245.0,28:42:58,1722,Angela,Feldman,F,48.0,AZ
2023,246.0,28:43:40,1723,Jennifer,Kenty,F,41.0,MA
2023,247.0,28:43:46,1723,Joshua,Cromwell,M,31.0,VA
2023,248.0,28:45:11,1725,Adam,Foley,M,43.0,DE
2023,249.0,28:46:01,1726,Michael,Medeiros,M,37.0,CT
2023,250.0,28:46:51,1726,Germano,Cardoso,M,44.0,PRT
2023,251.0,28:47:12,1727,Marcin,Krzysztofik,M,38.0,GBR
2023,252.0,28:48:43,1728,Amelia,Valinsky-Fillipow,F,53.0,CA
2023,253.0,28:48:55,1728,Brian,Cavanaugh,M,42.0,MI
2023,254.0,28:50:41,1730,Aleksis,Capili,M,45.0,PHL
2023,255.0,28:50:51,1730,Fred,Leach,M,42.0,CA
2023,256.0,28:52:52,1732,Pam,Reed,F,62.0,WY
2023,257.0,28:53:12,1733,Owen,Wainhouse,M,41.0,GBR
2023,258.0,28:54:16,1734,Garret,Christensen,M,43.0,NV
2023,259.0,28:56:52,1736,Michael,Linscott,M,52.0,WA
2023,260.0,28:57:08,1737,Wayne,Pfeffer,M,46.0,CA
2023,261.0,29:01:11,1741,Heather,Davis,F,41.0,AB
2023,262.0,29:01:46,1741,Yu-Yen,Mo,M,53.0,CA
2023,263.0,29:02:47,1742,Matthew,Vogel,M,44.0,OH
2023,264.0,29:03:44,1743,Todd,Brown,M,54.0,IL
2023,265.0,29:04:30,1744,Bob,Smaltz,M,62.0,OH
2023,266.0,29:05:10,1745,Kevin,Chow,M,47.0,CA
2023,267.0,29:06:59,1746,Rob,Kolb,M,55.0,ISR
2023,268.0,29:08:08,1748,Matt,Crain,M,57.0,IL
2023,269.0,29:09:13,1749,Darrel,Folkert,M,53.0,CA
2023,270.0,29:09:35,1749,Jonathon,Amlung,M,53.0,KY
2023,271.0,29:10:49,1750,Rhonda,Braun,F,39.0,NY
2023,272.0,29:11:48,1751,Caroline,Barichievich,F,51.0,CA
2023,273.0,29:12:25,1752,Zheng,Liu,M,52.0,CA
2023,274.0,29:13:11,1753,Joseph,Pinter,M,49.0,FL
2023,275.0,29:13:40,1753,Daniel,Haight,M,47.0,OH
2023,276.0,29:14:28,1754,Sarah,Scozzaro,F,44.0,WA
2023,277.0,29:14:51,1754,Jean-Paul,Lavoie,M,44.0,OR
2023,278.0,29:16:38,1756,Soon-Chul,Choi,M,45.0,WA
2023,279.0,29:16:52,1756,Andrea,Kane,F,37.0,CA
2023,280.0,29:18:31,1758,Matthew,Dubois,M,41.0,UT
2023,281.0,29:18:42,1758,Jeff,Tomey,M,50.0,GA
2023,282.0,29:19:16,1759,Ercole,Lugari,M,48.0,GBR
2023,283.0,29:20:13,1760,Lisa,Booher,F,45.0,AL
2023,284.0,29:20:20,1760,Leanne,Rive,F,49.0,GBR
2023,285.0,29:21:23,1761,Paul,Garcia,M,49.0,IL
2023,286.0,29:21:39,1761,Kelly,Knopp,F,40.0,CA
2023,287.0,29:23:01,1763,Melissa,Bensted,F,46.0,AUS
2023,288.0,29:23:02,1763,Olivier,Gendre,M,54.0,FRA
2023,289.0,29:23:16,1763,Tracy,Vogler,M,53.0,CA
2023,290.0,29:23:42,1763,David,Ivanoff,M,53.0,FRA
2023,291.0,29:23:56,1763,Carolyn,Perrotti Lake,F,36.0,CA
2023,292.0,29:23:59,1763,Jim,Gowland,M,52.0,CA
2023,293.0,29:29:27,1769,Hyun Suk,Jang,F,47.0,CA
2023,294.0,29:29:33,1769,Jason,Patent,M,55.0,CA
2023,295.0,29:29:48,1769,John,Whittaker,M,47.0,GBR
2023,296.0,29:29:52,1769,Jon,Blankenship,M,50.0,MT
2023,297.0,29:29:59,1769,William,Jackson,M,60.0,WI
2023,298.0,29:30:34,1770,Ken,Ward,M,66.0,OR
2023,299.0,29:31:57,1771,David,Ickringill,M,56.0,ESP
2023,300.0,29:32:32,1772,Ryan,Williams,M,44.0,TX
2023,301.0,29:32:39,1772,Elijah,Hall,M,50.0,CA
2023,302.0,29:32:51,1772,Charley,Jones,M,51.0,CA
2023,303.0,29:34:23,1774,Melissa,Vanni,F,44.0,CA
2023,304.0,29:34:45,1774,Elaine,Battson,F,57.0,GBR
2023,305.0,29:35:01,1775,Nathan,Hahn,M,52.0,CA
2023,306.0,29:37:42,1777,Ed,Walch,M,47.0,MO
2023,307.0,29:37:58,1777,Craig,Bronstein,M,67.0,CA
2023,308.0,29:38:58,1778,Ryan,Zmierski,M,31.0,AZ
2023,309.0,29:39:38,1779,Paul,Reader,M,58.0,GBR
2023,310.0,29:39:59,1779,Susan,Henry,F,61.0,OR
2023,311.0,29:40:04,1780,John,Cushma,M,49.0,GA
2023,312.0,29:40:12,1780,Thomas,Brown,M,52.0,NC
2023,313.0,29:41:12,1781,Helen,Rolfe,F,51.0,AUS
2023,314.0,29:43:00,1783,Anil,Rao,M,47.0,CA
2023,315.0,29:43:40,1783,Jeni,Goodwin,F,39.0,IL
2023,316.0,29:43:44,1783,Youa,Buchanan,F,43.0,CA
2023,317.0,29:45:12,1785,Clifford,Matthews,M,60.0,NM
2023,318.0,29:46:39,1786,Stephen,Scobie,M,59.0,NY
2023,319.0,29:47:12,1787,Steve,Troxel,M,63.0,TN
2023,320.0,29:48:22,1788,Ben,Dolezal,M,45.0,TX
2023,321.0,29:48:52,1788,Kristen,Klink,F,48.0,CA
2023,322.0,29:50:51,1790,Derek,Smith,M,34.0,ID
2023,323.0,29:51:21,1791,Maria,Oostra,F,49.0,MN
2023,324.0,29:55:11,1795,Kate,Cook,F,47.0,MA
2023,325.0,29:55:52,1795,Brent,Heady,M,50.0,TX
2023,326.0,29:58:18,1798,Mark,Smith,M,44.0,MN
2023,327.0,29:58:55,1798,Henrik,Ostlund,M,46.0,SWE
2023,328.0,29:59:39,1799,Jennifer,St. Amand,F,48.0,MN
2024,1.0,14:13:45,853,Jim,Walmsley,M,34.0,AZ
2024,2.0,14:24:15,864,Rod,Farvard,M,28.0,CA
2024,3.0,14:24:31,864,Hayden,Hawks,M,33.0,UT
2024,4.0,14:32:29,872,Daniel,Jones,M,33.0,NZL
2024,5.0,14:40:12,880,Caleb,Olson,M,28.0,UT
2024,6.0,14:57:01,897,Jonathan,Albon,M,35.0,NOR
2024,7.0,15:05:39,905,Tyler,Green,M,40.0,OR
2024,8.0,15:09:49,909,Jiasheng,Shen,M,29.0,CHN
2024,9.0,15:13:10,913,Jonathan,Rea,M,32.0,CO
2024,10.0,15:18:25,918,Chris,Myers,M,28.0,CO
2024,11.0,15:18:57,918,Blake,Slattengren,M,28.0,WA
2024,12.0,15:35:30,935,Ji,Duo,M,31.0,CHN
2024,13.0,15:46:57,946,Katie,Schide,F,32.0,ME
2024,14.0,16:20:03,980,Fuzhao,Xiang,F,32.0,CHN
2024,15.0,16:22:36,982,Petter,Engdahl,M,29.0,NOR
2024,16.0,16:37:08,997,Guomin,Deng,M,34.0,CHN
2024,17.0,16:42:17,1002,Eszter,Csillag,F,39.0,HUN
2024,18.0,16:44:36,1004,Cole,Watson,M,32.0,CA
2024,19.0,16:48:43,1008,Emily,Hawgood,F,29.0,ZWE
2024,20.0,16:50:39,1010,Yngvild,Kaspersen,F,29.0,NOR
2024,21.0,16:56:52,1016,Ida,Nilsson,F,42.0,SWE
2024,22.0,17:04:13,1024,Simon,Gosselin,M,28.0,FRA
2024,23.0,17:14:05,1034,Jupiter,Carera Casas,M,30.0,MEX
2024,24.0,17:16:43,1036,Heather,Jackson,F,40.0,OR
2024,25.0,17:28:35,1048,Rachel,Drake,F,33.0,UT
2024,26.0,17:30:24,1050,Priscilla,Forgie,F,33.0,AB
2024,27.0,17:33:54,1053,Leah,Yingling,F,33.0,UT
2024,28.0,17:41:07,1061,Dakota,Jones,M,33.0,UT
2024,29.0,17:53:10,1073,Anna,Louden,F,31.0,CA
2024,30.0,18:22:04,1102,Devin,Vennard,M,31.0,CO
2024,31.0,18:34:39,1114,Ryan,Montgomery,M (X),30.0,UT
2024,32.0,18:37:48,1117,Henrik,Westerlin,M,49.0,CHE
2024,33.0,18:39:55,1119,Emily,Schmitz,F,43.0,WI
2024,34.0,18:52:25,1132,Lauren,Puretz,F,41.0,CO
2024,35.0,18:53:39,1133,Careth,Arnold,F,34.0,CO
2024,36.0,18:53:39,1133,Lotti,Brinks,F,28.0,ID
2024,37.0,18:59:25,1139,Joseph,Dorph,M,30.0,AUS
2024,38.0,19:02:55,1142,Caleb,Bowen,M,30.0,WV
2024,39.0,19:06:49,1146,Robert,Hajnal,M,34.0,ROU
2024,40.0,19:21:46,1161,Harvey,Lewis,M,48.0,OH
2024,41.0,19:23:28,1163,Tj,David,M,37.0,CO
2024,42.0,19:25:01,1165,Mathias,Thenaisie,M,34.0,FRA
2024,43.0,19:31:30,1171,Charles,MacNulty,M,50.0,CA
2024,44.0,19:38:41,1178,Becca,Windell,F,38.0,CO
2024,45.0,19:47:22,1187,Kellie,Angel,F,38.0,AUS
2024,46.0,19:51:11,1191,Paul,Jacobs,M,46.0,DC
2024,47.0,20:16:04,1216,John,Tidd,M,60.0,ESP
2024,48.0,20:34:21,1234,Gaël,Ninot,M,46.0,
2024,49.0,20:38:23,1238,Taylor,Edwards,M,33.0,CA
2024,50.0,20:45:21,1245,Kaci,Lickteig,F,37.0,NE
2024,51.0,20:46:40,1246,Giulia,Vinco,F,33.0,ITA
2024,52.0,21:07:41,1267,Jacob,Rydman,M,39.0,CA
2024,53.0,21:13:03,1273,Thorsten,Preiss,M,47.0,DEU
2024,54.0,21:14:49,1274,Christopher,Harrington,M,40.0,CO
2024,55.0,21:22:42,1282,Gerome,Fernandez,M,33.0,FRA
2024,56.0,21:23:58,1283,Tomas,Nordlöf,M,38.0,SWE
2024,57.0,21:24:25,1284,Todd,Nott,M,60.0,NE
2024,58.0,21:32:42,1292,Jack,Davis,M,47.0,ZAF
2024,59.0,21:35:03,1295,Brian,Miller,M,48.0,CA
2024,60.0,21:36:31,1296,Riley,Robertson,M,34.0,CA
2024,61.0,21:58:58,1318,Patrick,Heine,M,35.0,PA
2024,62.0,21:59:31,1319,Alina,Edwards,F,44.0,CA
2024,63.0,22:00:58,1320,Ragna,Debats,F,45.0,ESP
2024,64.0,22:01:56,1321,Todd,Curtis,M,51.0,MA
2024,65.0,22:09:59,1329,Romain,Demare,M,38.0,FR
2024,66.0,22:22:23,1342,Joshua,Nichols,M,36.0,MI
2024,67.0,22:24:28,1344,Josh,Gall,M,33.0,CO
2024,68.0,22:27:33,1347,Jeffrey,Adams,M,46.0,NY
2024,69.0,22:29:19,1349,Steve,Rowbury,M,56.0,CA
2024,70.0,22:45:40,1365,Eric,Johnson,M,43.0,AZ
2024,71.0,22:46:45,1366,Michael,Busada,M,34.0,PA
2024,72.0,22:48:36,1368,Matthew,Urbanski,M,43.0,CO
2024,73.0,22:49:41,1369,Dennis,Boic,M,48.0,CA
2024,74.0,22:51:26,1371,Andrew,McDowall,M,46.0,NZL
2024,75.0,22:53:29,1373,Shingo,Watanabe,M,40.0,JPN
2024,76.0,22:54:04,1374,Francesco,Sgarlata,M,35.0,ITA
2024,77.0,23:00:06,1380,Stephen,Blea,M,38.0,CA
2024,78.0,23:02:50,1382,Shaun,Daylor,M,45.0,MA
2024,79.0,23:05:34,1385,Dominic,Grossman,M,37.0,CA
2024,80.0,23:06:17,1386,Hélène,Léger,F,41.0,FRA
2024,81.0,23:18:11,1398,Philip,Sanderson,M,56.0,CA
2024,82.0,23:22:25,1402,Matthew,Hagenah,M,51.0,ID
2024,83.0,23:26:14,1406,Michael,Daly,M,48.0,CA
2024,84.0,23:28:22,1408,Auston,Sterling,M,31.0,CO
2024,85.0,23:28:44,1408,Jo,Meek,F,47.0,GBR
2024,86.0,23:32:15,1412,Flemming,Sondergaard,M,46.0,SK
2024,87.0,23:33:34,1413,Hans,Van Horn,M,40.0,CA
2024,88.0,23:34:02,1414,Chandler,Blake,M,48.0,UT
2024,89.0,23:34:29,1414,Joshua,Eddy,M,43.0,NV
2024,90.0,23:37:01,1417,Andy,Pearson,M,39.0,CA
2024,91.0,23:37:46,1417,Brandon,Crews,M,41.0,NC
2024,92.0,23:38:16,1418,Shawn,McDermott,M,44.0,VA
2024,93.0,23:39:04,1419,Madeline,Wighardt,F,23.0,ON
2024,94.0,23:40:02,1420,Jesse,Peragine,M,35.0,CO
2024,95.0,23:41:24,1421,Joel,Pennington,M,43.0,CA
2024,96.0,23:41:32,1421,Takeshi,Noda,M,39.0,JPN
2024,97.0,23:41:47,1421,Kedric,Osborne,M,47.0,CO
2024,98.0,23:42:12,1422,James,Poole,M,48.0,GBR
2024,99.0,23:43:15,1423,Khris,Vickroy,M,48.0,IA
2024,100.0,23:44:24,1424,Johan,Edenteg,M,47.0,SWE
2024,101.0,23:44:59,1424,Edward,Scott,M,30.0,GBR
2024,102.0,23:45:56,1425,Bob,Luther,M,48.0,WV
2024,103.0,23:47:23,1427,John,Bruno,M,38.0,SC
2024,104.0,23:48:20,1428,Noah,Simcoff,M,36.0,CO
2024,105.0,23:48:34,1428,Jonathan,Bretan,M,41.0,CA
2024,106.0,23:49:33,1429,Madeline,Hirschfeld,F,31.0,CO
2024,107.0,23:55:33,1435,Nobuyasu,Tajime,M,41.0,JPN
2024,108.0,23:58:48,1438,Yuki,Ohama,F,41.0,JPN
2024,109.0,23:58:56,1438,Mike,Fakler,M,36.0,CO
2024,110.0,24:00:25,1440,Jean-Francois,Delbecq,M,43.0,FRA
2024,111.0,24:25:37,1465,Kevin,Cannaday,M,45.0,CO
2024,112.0,24:29:04,1469,Heidi,Rounds,F,43.0,CA
2024,113.0,24:47:05,1487,Nobuyori,Takeda,M,44.0,NJ
2024,114.0,24:49:50,1489,Nathan,Kurz,M,41.0,CO
2024,115.0,24:51:27,1491,Eric,Moe,M,55.0,CA
2024,116.0,25:05:43,1505,Rudy,Wedlarski,M,44.0,FRA
2024,117.0,25:07:36,1507,Todd,Logan,M,41.0,CA
2024,118.0,25:12:18,1512,Xavier,Berruel,M,51.0,QC
2024,119.0,25:14:53,1514,Nick,Coury,M,36.0,AZ
2024,120.0,25:25:35,1525,Francisco,Porto,M,50.0,BRA
2024,121.0,25:31:15,1531,Gordon,Freeman,M,39.0,OR
2024,122.0,25:34:06,1534,Maxime,Petazzoni,M,37.0,CA
2024,123.0,25:34:20,1534,Kashing,Cheung,M,44.0,HKG
2024,124.0,25:39:34,1539,Whitney,Solomon,F,42.0,CA
2024,125.0,25:42:09,1542,Ryan,Mylymuk,M,30.0,AB
2024,126.0,25:44:03,1544,Emil,Soderlund,M,48.0,FIN
2024,127.0,25:44:39,1544,Robin,Ucelli,M,43.0,FRA
2024,128.0,25:49:57,1549,Sean,Hoover,M,41.0,OR
2024,129.0,25:50:04,1550,Mattia,Frigeri,M,43.0,ITA
2024,130.0,25:53:24,1553,Jason,Midlock,M,40.0,IL
2024,131.0,25:56:03,1556,Josh,Rutowski,M,28.0,IL
2024,132.0,25:59:09,1559,Chelsea,Ward-Waller,F,34.0,AK
2024,133.0,26:02:16,1562,Mae,Barker,F,47.0,FL
2024,134.0,26:05:14,1565,Rickert,Mulder,M,36.0,ZAF
2024,135.0,26:05:59,1565,Sascha,Fersch,M,46.0,DEU
2024,136.0,26:06:40,1566,Ryan,Thrower,M,37.0,WA
2024,137.0,26:13:17,1573,Klaus,Haake,M,54.0,DEU
2024,138.0,26:14:49,1574,Martin,Urbanik,M,47.0,SVK
2024,139.0,26:18:32,1578,Tom,Downes,M,53.0,IRL
2024,140.0,26:19:11,1579,Joshua,Landvatter,M,40.0,UT
2024,141.0,26:20:26,1580,Brian,Compagnone,M,50.0,VA
2024,142.0,26:23:43,1583,Shimpei,Oishi,M,34.0,JPN
2024,143.0,26:25:38,1585,Sally,McRae,F,45.0,CA
2024,144.0,26:30:44,1590,Bryan,Weathers,M,44.0,CA
2024,145.0,26:33:56,1593,Steven,Carr,M,57.0,AL
2024,146.0,26:39:29,1599,Drew,Dinan,M,44.0,OR
2024,147.0,26:42:07,1602,Will,Rivera,M,53.0,KY
2024,148.0,26:43:25,1603,Jared,Byrd,M,40.0,MD
2024,149.0,26:46:17,1606,Chris,Calimano,M,42.0,NY
2024,150.0,27:01:27,1621,Kevin,Young,M,48.0,CA
2024,151.0,27:08:34,1628,Colton,Gerhart,M,31.0,ID
2024,152.0,27:09:16,1629,Bruce,Keele,M,57.0,NJ
2024,153.0,27:09:43,1629,Ryan,Bolton,M,32.0,AUS
2024,154.0,27:10:50,1630,Randy,Troyer,M,59.0,IN
2024,155.0,27:11:08,1631,Jeremy,Lyons,M,37.0,MD
2024,156.0,27:18:08,1638,Giuseppe,Cavallo,M,45.0,PA
2024,157.0,27:21:27,1641,Tony,Trundley,M,58.0,GBR
2024,158.0,27:22:43,1642,Marianna,Grudziak,F,37.0,PA
2024,159.0,27:22:53,1642,Vincent,Pelisson,M,30.0,FRA
2024,160.0,27:25:49,1645,Andres,Hernandez,M,54.0,PA
2024,161.0,27:26:59,1646,Andrew,Barrett,M,57.0,NC
2024,162.0,27:29:31,1649,Jeffrey,Jordan,M,61.0,TN
2024,163.0,27:30:02,1650,Jim,Bledsoe,M,44.0,UT
2024,164.0,27:33:33,1653,Junichi,Hashimoto,M,46.0,JPN
2024,165.0,27:35:22,1655,Juan,Parra,M,58.0,CA
2024,166.0,27:37:46,1657,Noel,Kingston,M,59.0,AZ
2024,167.0,27:40:22,1660,Mike,Schmitt,M,47.0,MN
2024,168.0,27:42:15,1662,Brenton,Swyers,M,36.0,VA
2024,169.0,27:44:57,1664,Sean,Danaher,M,34.0,OR
2024,170.0,27:45:45,1665,Luke,Matjas,M,49.0,CA
2024,171.0,27:51:29,1671,Jeremy,Scanlan,M,41.0,CO
2024,172.0,27:55:17,1675,William,Sheehan,M,47.0,GBR
2024,173.0,27:55:20,1675,Greg,Sisengrath,M,48.0,TX
2024,174.0,27:55:57,1675,Matt,Whalen,M,45.0,CA
2024,175.0,27:58:00,1678,Mikala,Shremshock,F,41.0,WV
2024,176.0,27:58:39,1678,John,McKune,M,48.0,CA
2024,177.0,28:00:45,1680,Brant,Warner,M,46.0,GA
2024,178.0,28:01:32,1681,Stacie,Riddle,F,44.0,CA
2024,179.0,28:05:04,1685,Ernest,Mlynarczyk,M,53.0,POL
2024,180.0,28:06:30,1686,David,Peppelman,M,48.0,MD
2024,181.0,28:07:27,1687,Iain,Jones,M,47.0,TN
2024,182.0,28:09:15,1689,Cynthia,Heady,F,62.0,KY
2024,183.0,28:09:56,1689,Jeff,Mandrell,M,38.0,OR
2024,184.0,28:13:45,1693,Marian,Vasile,M,47.0,NLD
2024,185.0,28:13:57,1693,Tyler,Rogers,M,37.0,BC
2024,186.0,28:15:10,1695,Abby,McKee,F,54.0,CA
2024,187.0,28:15:44,1695,Jonathan,Tanner,M,37.0,CO
2024,188.0,28:18:35,1698,Elizabeth,Omodt,F,47.0,CA
2024,189.0,28:20:31,1700,Bogie,Dumitrescu,M,49.0,CO
2024,190.0,28:21:02,1701,Nadine,Bennett,F,40.0,GBR
2024,191.0,28:21:06,1701,Carolina,Rubio- Macwright,F,42.0,NJ
2024,192.0,28:22:50,1702,Forbes,Guthrie,M,51.0,CA
2024,193.0,28:24:32,1704,Jeff,Boutte,M,61.0,CA
2024,194.0,28:28:02,1708,Adam,Dickerson,M,38.0,NC
2024,195.0,28:28:21,1708,Rachel,Shebert,F,29.0,CA
2024,196.0,28:29:33,1709,Pete,McHugh,M,47.0,CA
2024,197.0,28:30:44,1710,Baban,Kenkre,M,48.0,CA
2024,198.0,28:30:52,1710,Brennan,Henning,M,25.0,VA
2024,199.0,28:30:58,1710,Travis,Liles,M,45.0,OR
2024,200.0,28:31:05,1711,Juris,Dzenis,M,43.0,LVA
2024,201.0,28:33:21,1713,Paul,Olson,M,49.0,MN
2024,202.0,28:37:06,1717,Rosalia,Guarischi,F,45.0,BRA
2024,203.0,28:37:19,1717,Loren,Lewis,M,52.0,CA
2024,204.0,28:37:21,1717,Jeff,Black,M,53.0,ID
2024,205.0,28:37:25,1717,Colleen,Jay,F,48.0,NC
2024,206.0,28:38:18,1718,Bryan,Stevens,M,46.0,CA
2024,207.0,28:42:00,1722,Wayne,Chan,M,47.0,MA
2024,208.0,28:42:03,1722,Sean,Belling,M,39.0,OR
2024,209.0,28:42:34,1722,Sarah Kirsty,Williams,F,50.0,GBR
2024,210.0,28:42:36,1722,Chloe,Brooks,F,29.0,GBR
2024,211.0,28:43:55,1723,Paula,Hamilton,F,61.0,CA
2024,212.0,28:45:16,1725,Andrew,Ruthenbeck,M,40.0,NV
2024,213.0,28:46:03,1726,Craig,Betz,M,40.0,FL
2024,214.0,28:46:23,1726,Ryan,Miller,M,43.0,OH
2024,215.0,28:46:25,1726,Jeff,Rowthorn,M,46.0,ON
2024,216.0,28:49:49,1729,Bruce,Nguyen,M,49.0,CA
2024,217.0,28:51:47,1731,Sam,Fiandaca,M,52.0,CA
2024,218.0,28:52:05,1732,Hebah,Hefzy,F,41.0,MI
2024,219.0,28:53:34,1733,Ken,Weiblen,M,52.0,WI
2024,220.0,28:53:57,1733,Erich,Washausen,M,34.0,AR
2024,221.0,28:54:44,1734,Peter,Lawson,M,60.0,VT
2024,222.0,28:57:17,1737,Yong Chuang,Chen,M,51.0,BC
2024,223.0,28:57:54,1737,Angela,Ritchie,F,54.0,CA
2024,224.0,28:58:28,1738,Vince,Molosky,M,44.0,WA
2024,225.0,28:59:43,1739,Zac,Lundgren,M,34.0,MN
2024,226.0,29:00:44,1740,Soren Hadsund,Mortensen,M,57.0,DNK
2024,227.0,29:01:16,1741,Jake,Thornton,M,34.0,AL
2024,228.0,29:04:27,1744,Jamie,Rickard,M,44.0,WV
2024,229.0,29:07:38,1747,Eric,Thorne,M,52.0,PA
2024,230.0,29:07:40,1747,Jonathan,Strong,M,41.0,GBR
2024,231.0,29:07:49,1747,Andreas,Kohlhund,M,41.0,DEU
2024,232.0,29:08:14,1748,Brent,Williams,M,42.0,TX
2024,233.0,29:08:22,1748,Samantha,Carney,F,48.0,PA
2024,234.0,29:09:00,1749,Rebekah,Winter,F,35.0,NV
2024,235.0,29:09:14,1749,Mike,Wallin,M,40.0,MN
2024,236.0,29:12:06,1752,Jay,Wnuk,M,56.0,WI
2024,237.0,29:12:30,1752,Justin,Galbraith,M,37.0,IL
2024,238.0,29:12:31,1752,Matt,Elam,M,32.0,CO
2024,239.0,29:13:07,1753,Sarah,Slater,F,46.0,CT
2024,240.0,29:13:29,1753,Tin,Luu,M,43.0,VA
2024,241.0,29:13:41,1753,Joann,Ellero,F,55.0,NV
2024,242.0,29:14:36,1754,Glenn,Richardson,M,48.0,KY
2024,243.0,29:16:46,1756,Megan,Carroll,F,38.0,CA
2024,244.0,29:17:30,1757,Brian,Steinberg,M,45.0,MI
2024,245.0,29:18:59,1758,Jerry,Pi,M,47.0,NY
2024,246.0,29:19:39,1759,Sherman,Lam,M,44.0,ON
2024,247.0,29:20:31,1760,Bryon,Paulazzo,M,34.0,MN
2024,248.0,29:21:14,1761,Olov,Berg,M,53.0,MD
2024,249.0,29:21:27,1761,Greg,Bergeron,M,54.0,CA
2024,250.0,29:22:08,1762,Steve,Nagayama,M,49.0,CA
2024,251.0,29:22:15,1762,Shannon,Krogsrud,F,35.0,CA
2024,252.0,29:23:34,1763,Anthony,Russo,M,47.0,NJ
2024,253.0,29:23:55,1763,William,Shaw,M,52.0,GA
2024,254.0,29:24:00,1764,Rochelle,Gamette,F,50.0,CA
2024,255.0,29:30:38,1770,Ken,Ward,M,67.0,OR
2024,256.0,29:30:50,1770,Ngugi,Kihara,M,38.0,CA
2024,257.0,29:33:21,1773,Josh,Welch,M,41.0,MO
2024,258.0,29:33:36,1773,Emily,Clay,F,34.0,MD
2024,259.0,29:34:22,1774,Jeff,McLaughlin,M,41.0,WA
2024,260.0,29:34:23,1774,Hian Lim,Soh,M,58.0,MYS
2024,261.0,29:34:24,1774,Mark,Stugard,M,50.0,GA
2024,262.0,29:34:28,1774,William,Robinson,M,56.0,CA
2024,263.0,29:36:02,1776,Yung Hae,Cho,F,49.0,OR
2024,264.0,29:36:12,1776,Jana,Veliskova,F,39.0,
2024,265.0,29:36:51,1776,Yuki,Naotori,M,51.0,JPN
2024,266.0,29:38:39,1778,Jacob,Burnett,M,40.0,FL
2024,267.0,29:38:59,1778,Josh,Amato,M,50.0,MO
2024,268.0,29:39:01,1779,David,Kung,M,52.0,CA
2024,269.0,29:43:44,1783,Paul,Garner,M,55.0,GBR
2024,270.0,29:43:56,1783,Eli,Burakian,M,46.0,VT
2024,271.0,29:44:07,1784,Takashi,Terabayashi,M,54.0,JPN
2024,272.0,29:46:35,1786,Carson,Galloway,M,33.0,IA
2024,273.0,29:47:14,1787,Adam,Tremblay,M,47.0,NB
2024,274.0,29:47:47,1787,Andrew,Zapor,M,36.0,TN
2024,275.0,29:47:53,1787,Yuka,Atsumi,F,60.0,JPN
2024,276.0,29:48:24,1788,Phillip,Nigh,M,61.0,CA
2024,277.0,29:49:36,1789,Carlos,Osollo,M,52.0,TX
2024,278.0,29:50:21,1790,Christian,Landresse,M,54.0,LUX
2024,279.0,29:51:13,1791,Chris,Culpepper,M,59.0,TX
2024,280.0,29:52:23,1792,Jeff,Mcpherson,M,49.0,OR
2024,281.0,29:53:00,1793,Tabatha,Collins,F,51.0,WA
2024,282.0,29:53:41,1793,Franco,Soriano,M,53.0,CA
2024,283.0,29:53:49,1793,Rick,Hohman,M,41.0,OH
2024,284.0,29:54:35,1794,Char,Kuperstein,F,42.0,CA
2024,285.0,29:55:00,1795,Julia,Moffitt,F,57.0,IA
2024,286.0,29:56:10,1796,Iris,Cooper,F,65.0,ON
2025,1.0,14:11:25,851,Caleb,Olson,M,29.0,UT
2025,2.0,14:17:39,857,Chris,Myers,M,29.0,CO
2025,3.0,14:19:22,859,Kilian,Jornet,M,37.0,NOR
2025,4.0,14:30:11,870,Jeff,Mogavero,M,31.0,MT
2025,5.0,14:36:17,876,Daniel,Jones,M,34.0,NZL
2025,6.0,14:59:36,899,Seth,Ruhling,M,30.0,CO
2025,7.0,15:54:29,954,Ryan,Montgomery,M,31.0,NH
2025,8.0,16:06:52,966,Hans,Troyer,M,25.0,GA
2025,9.0,16:10:44,970,Peter,Frano,M,29.0,SVK
2025,10.0,16:22:46,982,Kai,Hiroki,M,30.0,JPN
2025,11.0,16:37:16,997,Abby,Hall,F,34.0,AZ
2025,12.0,16:47:09,1007,Fuzhao,Xiang,F,33.0,CHN
2025,13.0,16:50:58,1010,Marianne,Hogan,F,35.0,QC
2025,14.0,16:59:33,1019,Hannes,Namberger,M,36.0,DEU
2025,15.0,17:00:48,1020,Ida,Nilsson,F,43.0,SWE
2025,16.0,17:14:23,1034,Dan,Green,M,28.0,WV
2025,17.0,17:21:52,1041,Fiona,Pascall,F,35.0,GBR
2025,18.0,17:23:47,1043,Hau,Ha,F,36.0,VNM
2025,19.0,17:39:02,1059,Hannah,Allgood,F,33.0,CO
2025,20.0,17:47:26,1067,Caitlin,Fielder,F,32.0,AND
2025,21.0,17:57:24,1077,Keely,Henninger,F,33.0,OR
2025,22.0,18:01:33,1081,Loren,Newman,M,38.0,CA
2025,23.0,18:02:34,1082,Joe,McConaughy,M,33.0,WA
2025,24.0,18:05:56,1085,Johannes,Obermueller,M,37.0,DEU
2025,25.0,18:11:05,1091,Emily,Hawgood,F,30.0,ZWE
2025,26.0,18:12:33,1092,Rob,Molke,M,34.0,MN
2025,27.0,18:41:19,1121,Ricki,Wynne,M,42.0,IRL
2025,28.0,18:52:22,1132,Erin,Clark,F,30.0,MT
2025,29.0,19:12:58,1152,Jeff,Browning,M,53.0,AZ
2025,30.0,19:13:16,1153,Johanna,Antila,F,45.0,FIN
2025,31.0,19:47:24,1187,Jeremie,Marcuccilli,M,44.0,FRA
2025,32.0,19:55:59,1195,Galen,Farris,M,43.0,CA
2025,33.0,20:01:09,1201,Eileen,Biscaha,F,35.0,AZ
2025,34.0,20:05:51,1205,Chris,Roberts,M,40.0,MO
2025,35.0,20:14:25,1214,Adrian,Macdonald,M,36.0,CO
2025,36.0,20:17:24,1217,Nancy,Jiang,F,34.0,NZL
2025,37.0,20:21:36,1221,Jeff,Schacherl,M,37.0,CA
2025,38.0,20:45:18,1245,Simon,Marcil,M,45.0,QC
2025,39.0,20:46:04,1246,Paige,Borges,F,32.0,CA
2025,40.0,20:52:30,1252,Francesco,Sgarlata,M,36.0,ITA
2025,41.0,20:55:20,1255,Tim,Vail,M,25.0,CA
2025,42.0,21:08:06,1268,Shea,Aquilano,F,24.0,CO
2025,43.0,21:16:37,1276,Drew,Miller,M,39.0,NC
2025,44.0,21:27:10,1287,Melissa,Ostaszewski,F,33.0,AZ
2025,45.0,21:28:17,1288,Amber,Weibel,F,47.0,CA
2025,46.0,21:29:49,1289,Peter,Thorvaldsson,M,42.0,SWE
2025,47.0,21:36:49,1296,Loren,Baker,M,39.0,CA
2025,48.0,21:43:40,1303,Michael,Roy,M,46.0,MO
2025,49.0,21:45:27,1305,Haroldas,Subertas,M,33.0,AK
2025,50.0,22:08:27,1328,Hyun Chang,Chung,M,52.0,KOR
2025,51.0,22:14:29,1334,Troy,Haeseler,M,44.0,WA
2025,52.0,22:18:43,1338,Tyler,Kilbury,M,39.0,CO
2025,53.0,22:19:11,1339,Eddy,Healey,M,35.0,GBR
2025,54.0,22:27:33,1347,Krystian,Ogly,M,47.0,POL
2025,55.0,22:32:44,1352,Jeffrey,Urbanski,M,40.0,CO
2025,56.0,22:39:19,1359,Adrian,Koch,M,24.0,DEU
2025,57.0,22:42:06,1362,Luca,Guerini,M,59.0,ITA
2025,58.0,22:42:46,1362,Shad,Mika,M,49.0,CO
2025,59.0,22:43:46,1363,Olivier,Pecoul,M,45.0,FRA
2025,60.0,22:45:09,1365,Jun,Liu,F,38.0,CHN
2025,61.0,22:47:18,1367,Chad,Trumbo,M,42.0,OH
2025,62.0,22:47:25,1367,Brian,Corgard,M,43.0,MN
2025,63.0,22:50:53,1370,Tommy,Byrne,M,39.0,WI
2025,64.0,22:52:18,1372,Jon,Kline,M,49.0,CA
2025,65.0,22:55:36,1375,Forrest,Eber,M,47.0,CA
2025,66.0,23:03:29,1383,Michael,Dimond,M,37.0,CA
2025,67.0,23:06:43,1386,Michael,Klingman,M,44.0,CA
2025,68.0,23:09:29,1389,Adam,Peterman,M,29.0,MT
2025,69.0,23:11:55,1391,Ryan,Smook,M,36.0,AB
2025,70.0,23:12:13,1392,Federico,Pacheco,M,45.0,CRI
2025,71.0,23:14:04,1394,Anton,Kuhberger,M,49.0,AUT
2025,72.0,23:17:13,1397,Stefan,Schuster,M,30.0,CO
2025,73.0,23:17:41,1397,Megan,Kono,F,41.0,CA
2025,74.0,23:22:57,1402,Clay,Wilkes,M,36.0,UT
2025,75.0,23:25:15,1405,Michael,Schooler,M,50.0,CA
2025,76.0,23:29:22,1409,Erin,Kelman,M,48.0,MD
2025,77.0,23:30:37,1410,Lance,Pearce,M,44.0,CO
2025,78.0,23:31:02,1411,Cindy,Shepard,F,31.0,OR
2025,79.0,23:32:11,1412,Jack,Davis,M,48.0,ZAF
2025,80.0,23:33:00,1413,William,Dai,M,55.0,CA
2025,81.0,23:33:38,1413,Gerard,Riordan,M,34.0,GBR
2025,82.0,23:35:45,1415,John,Baldwin,M,45.0,WV
2025,83.0,23:39:05,1419,Dane,Ball,M,46.0,TX
2025,84.0,23:39:53,1419,David,Galvez,M,30.0,CA
2025,85.0,23:41:15,1421,Bradley,Revenis,M,39.0,MD
2025,86.0,23:42:23,1422,Matt,Ross,M,43.0,GA
2025,87.0,23:46:12,1426,Brandon,Dugi,M,28.0,AZ
2025,88.0,23:47:29,1427,Matthias,Glück,M,42.0,DEU
2025,89.0,23:48:09,1428,Yuichiro,Hidaka,M,46.0,RI
2025,90.0,23:48:58,1428,Dongyang,Li,M,36.0,CA
2025,91.0,23:49:05,1429,Howard,Norton,M,63.0,AUS
2025,92.0,23:53:41,1433,Fabio,Di Giacomo,M,46.0,ITA
2025,93.0,24:03:18,1443,Derek,Schultz,M,46.0,PA
2025,94.0,24:08:00,1448,Dave,Kesterson,M,40.0,TN
2025,95.0,24:09:34,1449,Alberto,Campos,M,41.0,MEX
2025,96.0,24:16:52,1456,Nathan,Moody,M,49.0,CO
2025,97.0,24:18:51,1458,Abigail,Swift,F,37.0,CA
2025,98.0,24:23:49,1463,Christian,Gagel,M,39.0,CA
2025,99.0,24:25:31,1465,Buck,Baker,M,30.0,TX
2025,100.0,24:25:44,1465,Graham,Law,M,43.0,GBR
2025,101.0,24:45:09,1485,Elliot,Smith,M,42.0,IL
2025,102.0,24:50:44,1490,Mallory,Servais,F,36.0,CA
2025,103.0,24:53:25,1493,Phillip,Fowler,M,40.0,AUS
2025,104.0,24:59:09,1499,Laure,Spake,F,32.0,NY
2025,105.0,25:05:46,1505,Christopher,Bartholomew,M,45.0,CA
2025,106.0,25:10:59,1510,Liz,Canty,F,33.0,CO
2025,107.0,25:16:48,1516,Pål,Andersson,M,47.0,SWE
2025,108.0,25:21:50,1521,William,Parnell,M,47.0,CA
2025,109.0,25:26:18,1526,Rick,Nguyen,M,52.0,TX
2025,110.0,25:28:36,1528,Tyler,Ford,M,30.0,VA
2025,111.0,25:31:33,1531,Jay,McCabe,M,52.0,CA
2025,112.0,25:35:44,1535,Nicholas,Peterson,M,43.0,CO
2025,113.0,25:36:45,1536,Julien,Ducommun,M,47.0,CHE
2025,114.0,25:39:56,1539,Babak,Rastgoufard,M,52.0,MT
2025,115.0,25:42:20,1542,Yann,Choppe,M,39.0,QC
2025,116.0,25:42:59,1542,Karl,Schnaitter,M,43.0,CA
2025,117.0,25:49:49,1549,Mathieu,Larrivee,M,45.0,QC
2025,118.0,25:50:55,1550,Austin,Black,M,34.0,NH
2025,119.0,25:52:43,1552,Ian,Garnett,M,39.0,GBR
2025,120.0,25:55:42,1555,Doug,Oatis,M,44.0,CO
2025,121.0,25:56:01,1556,Federico,Stickel,M,46.0,ITA
2025,122.0,25:57:46,1557,Dan,Campbell,M,46.0,MT
2025,123.0,26:03:06,1563,Daniel,Arnold,M,40.0,AR
2025,124.0,26:03:22,1563,Jakub,Mrowiec,M,37.0,POL
2025,125.0,26:04:57,1564,Bryce,Murry,M,45.0,NV
2025,126.0,26:08:00,1568,Sam,Skeels,M,47.0,MI
2025,127.0,26:08:22,1568,Aurelien,Lorin,M,45.0,QC
2025,128.0,26:08:29,1568,William,Bacon,M,39.0,CA
2025,129.0,26:13:15,1573,Trevor,Meding,M,44.0,TX
2025,130.0,26:15:49,1575,Morgan,Mahn,M,30.0,AZ
2025,131.0,26:16:24,1576,Jingyi,Wang,M,33.0,CHN
2025,132.0,26:19:24,1579,Tatiana,Rypinski,F,32.0,TX
2025,133.0,26:28:20,1588,Rebecca,Watters,F,39.0,GA
2025,134.0,26:29:56,1589,James,Bennett,M,34.0,GBR
2025,135.0,26:34:02,1594,David,Peterman,M,62.0,OH
2025,136.0,26:35:47,1595,Moon-Ka,Leung,M,49.0,HKG
2025,137.0,26:36:09,1596,Alice,May,F,41.0,WA
2025,138.0,26:37:37,1597,Qi,Song,F,56.0,CA
2025,139.0,26:39:15,1599,Christopher,Severson,M,51.0,CA
2025,140.0,26:40:12,1600,Amy,Clark,F,48.0,TX
2025,141.0,26:42:18,1602,Megan,Bowen,F,38.0,MT
2025,142.0,26:49:20,1609,Brian,Kutz,M,38.0,MN
2025,143.0,26:52:42,1612,Roni,Kauri,M,57.0,WA
2025,144.0,26:52:50,1612,Carolyn,Latham,F,38.0,CA
2025,145.0,26:53:46,1613,Yvonne,Naughton,F,48.0,CO
2025,146.0,26:54:57,1614,Jade,Graham,F,38.0,VA
2025,147.0,26:55:16,1615,Artur,Piecha,M,48.0,POL
2025,148.0,27:02:22,1622,Tim,Spaulding,M,45.0,VA
2025,149.0,27:04:11,1624,Patrick,McEnaney,M,52.0,MA
2025,150.0,27:04:56,1624,Ken,Krogsrud,M,38.0,CA
2025,151.0,27:05:17,1625,Jimmey,Green,M,40.0,OK
2025,152.0,27:10:48,1630,Peter,Shearouse,M,38.0,CO
2025,153.0,27:13:11,1633,Matthew Chen,Smith,M,46.0,CA
2025,154.0,27:15:11,1635,Benjamin,Gibbard,M,48.0,WA
2025,155.0,27:16:48,1636,Debbie,Martin-Consani,F,50.0,GBR
2025,156.0,27:17:41,1637,Brock,Ludlow,M,46.0,OR
2025,157.0,27:18:07,1638,Zoe,Ray,F,26.0,CA
2025,158.0,27:18:29,1638,Daniel,Oakes,M,43.0,VA
2025,159.0,27:18:36,1638,Melissa,Johnson,F,49.0,CA
2025,160.0,27:20:21,1640,Stuart,Cox,M,46.0,AUS
2025,161.0,27:20:30,1640,Susan,Brown,F,41.0,AB
2025,162.0,27:23:23,1643,Greg,Salvesen,M,38.0,NM
2025,163.0,27:24:30,1644,Zoey,McLarty,F,36.0,CA
2025,164.0,27:26:12,1646,Konstantin,Walmsley,M,55.0,NJ
2025,165.0,27:26:47,1646,Don,Knight,M,43.0,PA
2025,166.0,27:34:59,1654,Nick,Affleck,M,44.0,CA
2025,167.0,27:36:34,1656,Lesley,Dellamonica,F,60.0,CA
2025,168.0,27:38:27,1658,Sean,Schmidt,M,40.0,OR
2025,169.0,27:38:49,1658,Kristijan,Begic,M,39.0,CT
2025,170.0,27:39:29,1659,Karmell,Ohlrogge,F,39.0,OH
2025,171.0,27:43:00,1663,Ryan,Sievers,M,37.0,TN
2025,172.0,27:46:22,1666,Tim,Hullermann,M,39.0,CO
2025,173.0,27:47:37,1667,Miki,Sawada,F,38.0,MA
2025,174.0,27:49:18,1669,Oscar,Osorio,M,48.0,CA
2025,175.0,27:53:47,1673,Michael,Curry,M,38.0,CA
2025,176.0,27:55:01,1675,Richard,Kwiatkowski,M,59.0,VA
2025,177.0,27:56:04,1676,Evan,Bach,M,26.0,WI
2025,178.0,27:59:51,1679,Philip,Sanderson,M,57.0,CA
2025,179.0,28:01:04,1681,Craig,Smith,M,49.0,AL
2025,180.0,28:03:44,1683,Tyler,Lopez,F,45.0,CA
2025,181.0,28:04:00,1684,Kristy,Killesteyn,F,41.0,AUS
2025,182.0,28:08:17,1688,Julie,Romanet-Perroux,F,48.0,AUS
2025,183.0,28:08:30,1688,Matthew,Dina,M,47.0,CA
2025,184.0,28:09:12,1689,Danna,Baxley,F,44.0,KY
2025,185.0,28:10:38,1690,Christian,Reimers,M,42.0,AUT
2025,186.0,28:12:23,1692,Mindy,Coolman,F,43.0,NE
2025,187.0,28:16:53,1696,Lucia,McIntosh,F,47.0,CA
2025,188.0,28:18:28,1698,Ashley,Blakemore,F,40.0,CO
2025,189.0,28:19:02,1699,Deron,Carter,M,51.0,OR
2025,190.0,28:19:14,1699,David,Tien,M,53.0,CA
2025,191.0,28:22:00,1702,Lars,Peterson,M,48.0,AZ
2025,192.0,28:25:27,1705,David,Galloway,M,41.0,NC
2025,193.0,28:25:41,1705,Preston,Thomas,M,49.0,PA
2025,194.0,28:26:50,1706,Michelle,Ryan,F,54.0,UT
2025,195.0,28:27:23,1707,Francois,Lacoursiere,M,58.0,QC
2025,196.0,28:27:42,1707,Jaime,Dawes,F,46.0,NM
2025,197.0,28:31:38,1711,Scott,Flatlip,M,39.0,MT
2025,198.0,28:32:25,1712,Jason,Bull,M,32.0,CO
2025,199.0,28:34:49,1714,Jared,Romero,M,48.0,CA
2025,200.0,28:35:52,1715,Simon,Ludwig,M,48.0,CHE
2025,201.0,28:36:52,1716,Ken,Bujer,M,40.0,CA
2025,202.0,28:37:36,1717,Max,Naughton,M,42.0,GBR
2025,203.0,28:40:00,1720,Aryn,Yancher,F,39.0,CA
2025,204.0,28:41:45,1721,Gean Ivan,Dagnino Marquez,M,50.0,MEX
2025,205.0,28:44:05,1724,Gabe,Peterson,M,51.0,CA
2025,206.0,28:44:41,1724,Siu Chuen,Pang,M,41.0,HKG
2025,207.0,28:45:29,1725,Antony,Stagg,M,54.0,GBR
2025,208.0,28:49:42,1729,Faith,Akioyamen,F,36.0,TX
2025,209.0,28:49:48,1729,Jason,Pohl,M,34.0,CA
2025,210.0,28:50:43,1730,Lauren,Schweitzer,F,41.0,CA
2025,211.0,28:50:59,1730,Shannon,Martin,F,49.0,NV
2025,212.0,28:52:50,1732,Yasushi,Sasaki,M,63.0,BC
2025,213.0,28:56:12,1736,Kenna,Brock,F,42.0,CO
2025,214.0,28:56:14,1736,Melissa,McKeehan,F,40.0,CA
2025,215.0,28:57:33,1737,Wim,Bastiaens,M,47.0,BEL
2025,216.0,28:57:58,1737,Michael,Pilz,M,56.0,AZ
2025,217.0,28:59:05,1739,Kevin,Wheat,M,40.0,CO
2025,218.0,28:59:09,1739,Matt,Hempel,M,50.0,TX
2025,219.0,28:59:48,1739,Chassen,Ortiz,F,37.0,OR
2025,220.0,28:59:55,1739,Todd,Meconis,M,50.0,GA
2025,221.0,29:02:26,1742,Jan,Vleck,M,72.0,WA
2025,222.0,29:04:58,1744,Cody,Jackson,M,33.0,WA
2025,223.0,29:05:44,1745,Rodrigo,Joao,M,47.0,BRA
2025,224.0,29:05:55,1745,Zhong,Ge,M,43.0,CHN
2025,225.0,29:07:23,1747,Jace,Neuenschwander,M,48.0,TX
2025,226.0,29:07:32,1747,Jamil,Coury,M,40.0,AZ
2025,227.0,29:07:57,1747,Chad,McCarl,M,48.0,NC
2025,228.0,29:11:21,1751,Curt,Amstutz,M,56.0,IN
2025,229.0,29:11:31,1751,Madeleine,King,F,26.0,IL
2025,230.0,29:13:08,1753,Richard,Ward,M,58.0,CA
2025,231.0,29:13:33,1753,Elizabeth,Lucarelli,F,42.0,NC
2025,232.0,29:14:34,1754,Sierra,DeGroff,F,34.0,NV
2025,233.0,29:15:01,1755,Joe,Price,M,56.0,IN
2025,234.0,29:16:32,1756,Nicholas,Hill,M,40.0,NJ
2025,235.0,29:18:03,1758,Laura,Rollins,F,55.0,NC
2025,236.0,29:18:28,1758,Kenny,Jones,M,46.0,UT
2025,237.0,29:19:08,1759,Jack,Gammon,M,51.0,GBR
2025,238.0,29:21:18,1761,Ian,Luschin,M,48.0,OH
2025,239.0,29:21:34,1761,Maria,Simone,F,51.0,CO
2025,240.0,29:22:39,1762,Russell,Gardham,M,57.0,GBR
2025,241.0,29:22:59,1762,Tim,Gorichanaz,M,35.0,PA
2025,242.0,29:24:03,1764,Daniel,Cirstoveanu,M,32.0,ROU
2025,243.0,29:25:40,1765,Amy,Thomsen,F,44.0,CA
2025,244.0,29:26:18,1766,Mark,Klettlinger,M,44.0,OH
2025,245.0,29:26:50,1766,Carrie,Meng,F,47.0,FL
2025,246.0,29:27:54,1767,Jill,Hinely,F,43.0,SC
2025,247.0,29:28:21,1768,David,Hopper,M,55.0,OR
2025,248.0,29:28:54,1768,Alison,Miller,F,46.0,TX
2025,249.0,29:29:03,1769,Rini,Sugianto,F,45.0,IDN
2025,250.0,29:29:43,1769,Mark,Valites,M,46.0,NY
2025,251.0,29:30:12,1770,Nadine,Reynartz,F,49.0,BEL
2025,252.0,29:31:15,1771,Andrew,Mayo,M,44.0,CA
2025,253.0,29:31:34,1771,David,Saenger,M,57.0,OR
2025,254.0,29:31:46,1771,Hohyun,Kim,M,61.0,CA
2025,255.0,29:32:23,1772,John,Mccracken,M,55.0,IL
2025,256.0,29:32:33,1772,Steve,Pemberton,M,43.0,NZL
2025,257.0,29:33:18,1773,Jess,Wacker,F,36.0,CA
2025,258.0,29:34:37,1774,Nate,Lewis,M,41.0,WA
2025,259.0,29:35:11,1775,Christian,Abele Plaza,M,51.0,ESP
2025,260.0,29:36:39,1776,Louis,Fiandeiro,M,65.0,CA
2025,261.0,29:36:50,1776,David,Skeehan,M,49.0,CA
2025,262.0,29:37:15,1777,Victor,Yang,M,49.0,CA
2025,263.0,29:37:23,1777,Becca,Frei,F,29.0,CA
2025,264.0,29:37:34,1777,Justin,Chow,M,45.0,BC
2025,265.0,29:37:49,1777,Kelvin,Culp,M,59.0,TX
2025,266.0,29:37:59,1777,Jose,Orillac,M,53.0,PAN
2025,267.0,29:39:41,1779,Mark,Stone,M,55.0,AUS
2025,268.0,29:41:24,1781,Jean,Sabater,M,41.0,NV
2025,269.0,29:44:10,1784,Colin J,Anderson,M,49.0,GBR
2025,270.0,29:45:03,1785,Jessica,Simao,F,38.0,NJ
2025,271.0,29:45:11,1785,Jianshan,Tang,M,55.0,PA
2025,272.0,29:45:36,1785,Lee,Dunstall,M,47.0,GBR
2025,273.0,29:45:40,1785,Annie,Weiss,F,40.0,WI
2025,274.0,29:46:59,1786,Jeff,Spencer,M,66.0,AR
2025,275.0,29:47:23,1787,Carter,Duerksen,M,30.0,NV
2025,276.0,29:47:30,1787,Brett,Martinez,M,40.0,CA
2025,277.0,29:47:47,1787,Lee,Gates,M,49.0,CO
2025,278.0,29:48:25,1788,Benjamin,Fiandaca,M,48.0,NH
2025,279.0,29:49:00,1789,Christopher,Neiman,M,59.0,CA
2025,280.0,29:49:09,1789,Larry,Pearson,M,64.0,TX
2025,281.0,29:49:39,1789,Pamela,Coughlin,F,59.0,CA
2025,282.0,29:52:29,1792,Brett,Johnson,M,40.0,AK
2025,283.0,29:54:41,1794,Nick,Drozdiak,M,43.0,DC
2025,284.0,29:56:05,1796,Margaret,Branick-Abilla,F,56.0,CA
2025,285.0,29:57:48,1797,Tatsuro,Aoyama,M,52.0,JPN
